title,release_year,decade,primary_genre,budget_tier,budget,revenue,roi,imdb_rating,tomatometer_rating,audience_rating
Toy Story,1995,1990s,Animation,High,30000000.0,373554033.0,1145.18011,8.3,100.0,92.0
Jumanji,1995,1990s,Adventure,Blockbuster,65000000.0,262797249.0,304.30346,7.1,55.0,62.0
Waiting to Exhale,1995,1990s,Comedy,Mid,16000000.0,81452156.0,409.075975,6.1,56.0,79.0
Heat,1995,1990s,Action,Blockbuster,60000000.0,187436818.0,212.39469666666668,8.3,17.0,26.0
Sudden Death,1995,1990s,Action,High,35000000.0,64350171.0,83.85763142857144,5.9,50.0,39.0
GoldenEye,1995,1990s,Adventure,Blockbuster,58000000.0,352194034.0,507.2310931034483,7.2,78.0,83.0
The American President,1995,1990s,Comedy,Blockbuster,62000000.0,107879496.0,73.9991870967742,6.9,91.0,77.0
Nixon,1995,1990s,History,Blockbuster,44000000.0,13681765.0,-68.90507954545456,7.0,74.0,74.0
Cutthroat Island,1995,1990s,Action,Blockbuster,98000000.0,10017322.0,-89.77824285714286,5.7,38.0,40.0
Casino,1995,1990s,Drama,Blockbuster,52000000.0,116112375.0,123.29302884615385,8.2,80.0,93.0
Sense and Sensibility,1995,1990s,Drama,Mid,16500000.0,135000000.0,718.1818181818181,7.7,,
Four Rooms,1995,1990s,Crime,Low,4000000.0,4300000.0,7.5,6.7,13.0,69.0
Ace Ventura: When Nature Calls,1995,1990s,Crime,High,30000000.0,212385533.0,607.9517766666667,6.4,,
Money Train,1995,1990s,Action,Blockbuster,60000000.0,35431113.0,-40.948145,5.7,22.0,29.0
Get Shorty,1995,1990s,Comedy,High,30250000.0,115101622.0,280.5012297520661,6.9,88.0,70.0
Assassins,1995,1990s,Action,Blockbuster,50000000.0,30303072.0,-39.393856,6.3,16.0,45.0
Leaving Las Vegas,1995,1990s,Drama,Low,3600000.0,49800000.0,1283.3333333333337,7.5,91.0,85.0
Now and Then,1995,1990s,Comedy,Mid,12000000.0,27400000.0,128.33333333333334,6.8,32.0,82.0
The City of Lost Children,1995,1990s,Fantasy,High,18000000.0,1738611.0,-90.34105,7.4,,
Twelve Monkeys,1995,1990s,Science Fiction,High,29500000.0,168840000.0,472.33898305084745,8.0,,
Babe,1995,1990s,Fantasy,High,30000000.0,254134910.0,747.1163666666666,6.9,97.0,67.0
Dead Man Walking,1995,1990s,Drama,Mid,11000000.0,39363635.0,257.8512272727273,7.5,95.0,86.0
Mortal Kombat,1995,1990s,Action,High,18000000.0,122195920.0,578.8662222222223,5.8,48.0,57.0
To Die For,1995,1990s,Fantasy,High,20000000.0,21284514.0,6.42257,6.8,88.0,65.0
How To Make An American Quilt,1995,1990s,Drama,Mid,10000000.0,23574130.0,135.7413,6.3,61.0,63.0
Se7en,1995,1990s,Crime,High,33000000.0,327311859.0,891.8541181818181,8.6,,
Pocahontas,1995,1990s,Adventure,Blockbuster,55000000.0,346079773.0,529.2359509090909,6.7,55.0,64.0
The Usual Suspects,1995,1990s,Drama,Low,6000000.0,23341568.0,289.0261333333333,8.5,89.0,96.0
Mighty Aphrodite,1995,1990s,Comedy,Mid,15000000.0,6700000.0,-55.333333333333336,7.0,,
Friday,1995,1990s,Comedy,Low,3500000.0,28215918.0,706.1690857142856,7.2,78.0,91.0
From Dusk Till Dawn,1996,1990s,Horror,High,19000000.0,25836616.0,35.982189473684215,7.2,62.0,76.0
Fair Game,1995,1990s,Action,Blockbuster,50000000.0,11534477.0,-76.93104600000001,4.4,12.0,14.0
Big Bully,1996,1990s,Comedy,Mid,15000000.0,2042530.0,-86.38313333333333,4.8,0.0,19.0
Screamers,1995,1990s,Horror,High,20000000.0,5781885.0,-71.090575,6.3,28.0,45.0
Things to Do in Denver When You're Dead,1995,1990s,Drama,Mid,8000000.0,529766.0,-93.377925,6.7,33.0,72.0
White Squall,1996,1990s,Action,High,38000000.0,10300000.0,-72.89473684210527,6.6,58.0,65.0
Nick of Time,1995,1990s,Crime,Mid,8169363.0,8175346.0,0.0732370443081057,6.3,32.0,47.0
Mary Reilly,1996,1990s,Drama,Blockbuster,47000000.0,12379402.0,-73.66084680851064,5.8,26.0,40.0
Vampire in Brooklyn,1995,1990s,Comedy,Mid,14000000.0,19800000.0,41.42857142857143,4.7,12.0,31.0
Broken Arrow,1996,1990s,Action,Blockbuster,50000000.0,150270147.0,200.540294,6.1,89.0,70.0
Bottle Rocket,1996,1990s,Comedy,Mid,7000000.0,560069.0,-91.99901428571428,6.9,85.0,80.0
Happy Gilmore,1996,1990s,Comedy,Mid,12000000.0,41205099.0,243.375825,7.0,61.0,85.0
The Bridges of Madison County,1995,1990s,Drama,High,24000000.0,182016617.0,658.4025708333332,7.6,90.0,87.0
Braveheart,1995,1990s,Action,Blockbuster,72000000.0,210000000.0,191.66666666666669,8.3,78.0,85.0
Taxi Driver,1976,1970s,Crime,Low,1300000.0,28262574.0,2074.0441538461537,8.2,96.0,93.0
Rumble in the Bronx,1995,1990s,Crime,Mid,7500000.0,32392047.0,331.89396,6.8,80.0,65.0
Steal Big Steal Little,1995,1990s,Comedy,High,25000000.0,6278139.0,-74.887444,4.7,,
Boomerang,1992,1990s,Comedy,High,40000000.0,70100000.0,75.25,5.7,43.0,59.0
Flirting with Disaster,1996,1990s,Comedy,Mid,7000000.0,14702438.0,110.03482857142856,6.7,87.0,69.0
Jade,1995,1990s,Action,Blockbuster,50000000.0,9851610.0,-80.29678,5.4,14.0,27.0
The Birdcage,1996,1990s,Comedy,High,31000000.0,185260553.0,497.6146870967742,7.3,80.0,81.0
Bad Boys,1995,1990s,Action,High,19000000.0,141407024.0,644.2474947368421,6.8,42.0,78.0
An Awfully Big Adventure,1995,1990s,Romance,Low,4000000.0,851545.0,-78.71137499999999,5.8,36.0,56.0
Apollo 13,1995,1990s,Drama,Blockbuster,52000000.0,355237933.0,583.1498711538462,7.7,96.0,87.0
Rob Roy,1995,1990s,Adventure,High,28000000.0,31596911.0,12.846110714285713,6.9,,
Batman Forever,1995,1990s,Action,Blockbuster,100000000.0,336529144.0,236.529144,5.5,39.0,32.0
Blue in the Face,1995,1990s,Comedy,Low,2000000.0,1275000.0,-36.25,6.6,41.0,76.0
Canadian Bacon,1995,1990s,Action,Mid,11000000.0,178104.0,-98.38087272727272,5.9,14.0,52.0
Casper,1995,1990s,Fantasy,Blockbuster,50000000.0,287928194.0,475.856388,6.2,51.0,49.0
Clockers,1995,1990s,Mystery,High,25000000.0,13071518.0,-47.713928,6.9,71.0,74.0
Congo,1995,1990s,Action,Blockbuster,50000000.0,152022101.0,204.044202,5.3,22.0,29.0
Crimson Tide,1995,1990s,Action,Blockbuster,53000000.0,157387195.0,196.9569716981132,7.4,88.0,83.0
Desperado,1995,1990s,Thriller,Mid,7000000.0,25405445.0,262.93492857142854,7.1,,
Devil in a Blue Dress,1995,1990s,Drama,High,27000000.0,16140822.0,-40.21917777777777,6.8,88.0,70.0
Die Hard: With a Vengeance,1995,1990s,Action,Blockbuster,90000000.0,366101666.0,306.77962888888885,7.6,59.0,83.0
First Knight,1995,1990s,Action,Blockbuster,55000000.0,127600435.0,132.0007909090909,6.0,43.0,55.0
Hackers,1995,1990s,Action,High,20000000.0,7563728.0,-62.18136,6.2,33.0,68.0
Johnny Mnemonic,1995,1990s,Adventure,High,25000000.0,19075720.0,-23.69712,5.6,12.0,31.0
Judge Dredd,1995,1990s,Science Fiction,Blockbuster,90000000.0,113493481.0,26.10386777777778,5.6,20.0,30.0
Kids,1995,1990s,Drama,Low,1500000.0,7412216.0,394.14773333333335,7.0,,
Living in Oblivion,1995,1990s,Drama,Low,500000.0,1148752.0,129.7504,7.5,88.0,87.0
Mallrats,1995,1990s,Romance,Low,6000000.0,2122561.0,-64.62398333333333,7.0,56.0,82.0
Mighty Morphin Power Rangers: The Movie,1995,1990s,Action,Mid,15000000.0,66000000.0,340.0,5.3,,
The Net,1995,1990s,Crime,High,22000000.0,110627965.0,402.8543863636363,6.0,41.0,44.0
Party Girl,1995,1990s,Comedy,Low,150000.0,472370.0,214.91333333333333,6.5,,
The Scarlet Letter,1995,1990s,Drama,Blockbuster,50000000.0,10382407.0,-79.235186,5.4,13.0,41.0
Showgirls,1995,1990s,Drama,Blockbuster,45000000.0,20350754.0,-54.77610222222222,5.2,21.0,37.0
Smoke,1995,1990s,Comedy,Mid,7000000.0,8349430.0,19.277571428571427,7.4,93.0,89.0
Species,1995,1990s,Science Fiction,High,35000000.0,113374103.0,223.92600857142855,5.9,43.0,31.0
Strange Days,1995,1990s,Crime,Blockbuster,42000000.0,7959291.0,-81.04930714285715,7.2,,
The Tie That Binds,1995,1990s,Thriller,Mid,14000000.0,5780000.0,-58.71428571428572,5.0,,
Under Siege 2: Dark Territory,1995,1990s,Action,Blockbuster,60000000.0,104324083.0,73.87347166666667,5.6,34.0,38.0
A Walk in the Clouds,1995,1990s,Drama,High,20000000.0,50012507.0,150.062535,6.7,44.0,75.0
Waterworld,1995,1990s,Adventure,Blockbuster,175000000.0,264218220.0,50.98184,6.3,46.0,43.0
Burnt by the Sun,1994,1990s,Drama,Low,2800000.0,2616503.0,-6.553464285714286,7.8,80.0,94.0
Before Sunrise,1995,1990s,Drama,Low,2500000.0,5535405.0,121.4162,8.1,100.0,93.0
Billy Madison,1995,1990s,Comedy,Mid,10000000.0,26488734.0,164.88734,6.4,40.0,79.0
Boys on the Side,1995,1990s,Comedy,High,21000000.0,23450000.0,11.666666666666666,6.5,74.0,69.0
Clerks,1994,1990s,Comedy,Low,27000.0,3151130.0,11570.851851851852,7.7,89.0,89.0
Don Juan DeMarco,1994,1990s,Romance,High,25000000.0,22200000.0,-11.2,6.7,69.0,68.0
Disclosure,1994,1990s,Drama,Blockbuster,55000000.0,214015089.0,289.1183436363636,6.2,59.0,41.0
Dumb and Dumber,1994,1990s,Comedy,Mid,16000000.0,247275374.0,1445.4710875,7.3,68.0,84.0
Ed Wood,1994,1990s,Comedy,High,18000000.0,5887457.0,-67.29190555555556,7.8,92.0,88.0
Hideaway,1995,1990s,Drama,Mid,15000000.0,12201255.0,-18.6583,5.3,20.0,39.0
Hoop Dreams,1994,1990s,Documentary,Low,700000.0,7830611.0,1018.6587142857144,8.3,98.0,93.0
Heavenly Creatures,1994,1990s,Drama,Low,5000000.0,3049135.0,-39.0173,7.2,92.0,83.0
Houseguest,1995,1990s,Comedy,Mid,10500000.0,26325256.0,150.7167238095238,6.0,14.0,55.0
Interview with the Vampire,1994,1990s,Horror,Blockbuster,60000000.0,223664608.0,272.77434666666664,7.5,63.0,86.0
Jefferson in Paris,1995,1990s,Drama,Mid,14000000.0,2474000.0,-82.32857142857142,5.7,31.0,34.0
Junior,1994,1990s,Comedy,Blockbuster,60000000.0,37000000.0,-38.333333333333336,4.8,36.0,22.0
Star Wars,1977,1970s,Adventure,Mid,11000000.0,775398007.0,6949.072790909091,8.6,,
Like Water for Chocolate,1992,1990s,Drama,Low,2000000.0,21665468.0,983.2734,7.1,,
Legends of the Fall,1994,1990s,Adventure,High,30000000.0,160638883.0,435.4629433333334,7.5,58.0,87.0
Losing Isaiah,1995,1990s,Drama,Mid,17000000.0,7603766.0,-55.27196470588235,6.4,45.0,73.0
Mary Shelley's Frankenstein,1994,1990s,Drama,Blockbuster,45000000.0,112006296.0,148.90288,6.3,38.0,49.0
Nell,1994,1990s,Drama,High,31000000.0,106683817.0,244.14134516129036,6.5,55.0,64.0
Natural Born Killers,1994,1990s,Crime,High,34000000.0,50282766.0,47.890488235294114,7.2,48.0,81.0
Outbreak,1995,1990s,Action,Blockbuster,50000000.0,189859560.0,279.71912,6.6,60.0,56.0
Leon: The Professional,1994,1990s,Thriller,Mid,16000000.0,45284974.0,183.0310875,8.5,,
The Perez Family,1995,1990s,Comedy,Mid,11000000.0,2832826.0,-74.24703636363637,6.0,65.0,59.0
Pulp Fiction,1994,1990s,Thriller,Mid,8000000.0,213928762.0,2574.109525,8.8,92.0,96.0
Pushing Hands,1992,1990s,Comedy,Low,400000.0,152322.0,-61.919500000000006,7.2,,
The Quick and the Dead,1995,1990s,Action,High,32000000.0,18552460.0,-42.0235625,6.5,59.0,53.0
Roommates,1995,1990s,Drama,High,22000000.0,12400000.0,-43.63636363636363,6.4,29.0,57.0
Prêt-à-Porter,1994,1990s,Drama,Mid,15000000.0,11300653.0,-24.662313333333334,5.2,,
The Swan Princess,1994,1990s,Animation,High,35000000.0,9771658.0,-72.08097714285714,6.5,50.0,66.0
The Specialist,1994,1990s,Action,Blockbuster,45000000.0,170362582.0,278.58351555555555,5.6,7.0,29.0
Stargate,1994,1990s,Action,Blockbuster,55000000.0,196567262.0,257.3950218181818,7.0,53.0,73.0
The Santa Clause,1994,1990s,Fantasy,High,22000000.0,189833357.0,762.8788954545454,6.6,,
The Shawshank Redemption,1994,1990s,Drama,High,25000000.0,28341469.0,13.365875999999998,9.3,91.0,98.0
Tank Girl,1995,1990s,Action,High,25000000.0,4064495.0,-83.74202,5.4,40.0,63.0
Star Trek: Generations,1994,1990s,Science Fiction,High,38000000.0,120000000.0,215.7894736842105,6.6,,
Tales from the Hood,1995,1990s,Crime,Low,6000000.0,12000000.0,100.0,6.6,47.0,68.0
What's Eating Gilbert Grape,1993,1990s,Romance,Mid,11000000.0,10032765.0,-8.793045454545455,7.7,90.0,89.0
Virtuosity,1995,1990s,Action,High,30000000.0,24048000.0,-19.84,5.5,32.0,32.0
While You Were Sleeping,1995,1990s,Comedy,Mid,17000000.0,182057016.0,970.9236235294118,6.8,80.0,79.0
Muriel's Wedding,1994,1990s,Drama,Low,3000000.0,15119639.0,403.9879666666667,7.3,78.0,84.0
Ace Ventura: Pet Detective,1994,1990s,Comedy,Mid,15000000.0,107217396.0,614.7826399999999,6.9,49.0,57.0
Bitter Moon,1992,1990s,Thriller,Low,5000000.0,1862805.0,-62.7439,7.2,65.0,81.0
Clear and Present Danger,1994,1990s,Action,Blockbuster,62000000.0,215887717.0,248.2059951612903,6.9,80.0,74.0
The Client,1994,1990s,Drama,Blockbuster,45000000.0,117615211.0,161.36713555555556,6.7,78.0,69.0
The Crow,1994,1990s,Fantasy,Mid,15000000.0,94000000.0,526.6666666666666,7.5,83.0,90.0
The Flintstones,1994,1990s,Fantasy,Blockbuster,46000000.0,341631208.0,642.6765391304348,5.1,22.0,24.0
Forrest Gump,1994,1990s,Comedy,Blockbuster,55000000.0,677945399.0,1132.6279981818182,8.8,71.0,95.0
Four Weddings and a Funeral,1994,1990s,Comedy,Low,6000000.0,254700832.0,4145.013866666667,7.1,96.0,74.0
I Love Trouble,1994,1990s,Action,Blockbuster,45000000.0,61947267.0,37.66059333333333,5.4,22.0,33.0
The Lion King,1994,1990s,Family,Blockbuster,45000000.0,788241776.0,1651.648391111111,8.5,93.0,93.0
Little Buddha,1993,1990s,Drama,High,35000000.0,4858139.0,-86.11960285714285,6.2,68.0,53.0
New Nightmare,1994,1990s,Horror,Mid,14000000.0,18090181.0,29.21557857142857,6.4,,
The Mask,1994,1990s,Romance,High,23000000.0,351583407.0,1428.6235086956522,7.0,77.0,68.0
The Naked Gun 33⅓: The Final Insult,1994,1990s,Comedy,High,30000000.0,51132598.0,70.44199333333333,6.5,,
Reality Bites,1994,1990s,Drama,Mid,11500000.0,20079850.0,74.60739130434783,6.6,66.0,74.0
Red Rock West,1993,1990s,Crime,Mid,8000000.0,2000000.0,-75.0,7.0,95.0,75.0
Speed,1994,1990s,Action,High,30000000.0,350448145.0,1068.160483333333,7.3,94.0,76.0
Timecop,1994,1990s,Thriller,High,27000000.0,101646581.0,276.4688185185185,6.0,45.0,36.0
True Lies,1994,1990s,Action,Blockbuster,115000000.0,378882411.0,229.46296608695653,7.3,,
Wyatt Earp,1994,1990s,Drama,Blockbuster,63000000.0,25052000.0,-60.23492063492063,6.7,44.0,61.0
A Low Down Dirty Shame,1994,1990s,Action,Mid,10000000.0,29392418.0,193.92418,5.9,0.0,71.0
Jason's Lyric,1994,1990s,Crime,Mid,7000000.0,20851521.0,197.87887142857144,6.6,61.0,91.0
Street Fighter,1994,1990s,Action,High,35000000.0,99423521.0,184.0672028571429,4.1,10.0,20.0
Highlander: The Final Dimension,1994,1990s,Action,High,26000000.0,36800000.0,41.53846153846154,4.5,,
In the Mouth of Madness,1994,1990s,Horror,Mid,8000000.0,8946600.0,11.8325,7.1,59.0,73.0
The Age of Innocence,1993,1990s,Drama,High,34000000.0,32255440.0,-5.131058823529411,7.2,84.0,75.0
The Air Up There,1994,1990s,Comedy,High,17080000.0,21011500.0,23.018149882903984,5.6,21.0,35.0
Beverly Hills Cop III,1994,1990s,Action,Blockbuster,50000000.0,119208989.0,138.417978,5.5,9.0,35.0
Body Snatchers,1993,1990s,Horror,Mid,13000000.0,428868.0,-96.7010153846154,6.0,69.0,38.0
A Bronx Tale,1993,1990s,Drama,High,22000000.0,17287898.0,-21.41864545454545,7.8,97.0,93.0
Calendar Girl,1993,1990s,Drama,Mid,13000000.0,2570145.0,-80.22965384615385,5.2,11.0,31.0
Carlito's Way,1993,1990s,Action,High,30000000.0,36516012.0,21.72004,7.9,81.0,91.0
Cliffhanger,1993,1990s,Action,Blockbuster,70000000.0,255000211.0,264.2860157142857,6.5,69.0,52.0
Color of Night,1994,1990s,Drama,High,40000000.0,19726050.0,-50.684875,5.2,22.0,30.0
Dazed and Confused,1993,1990s,Comedy,Mid,6900000.0,7993039.0,15.841144927536233,7.6,92.0,90.0
Demolition Man,1993,1990s,Crime,Blockbuster,57000000.0,159055768.0,179.04520701754385,6.7,60.0,66.0
For Love or Money,1993,1990s,Comedy,High,30000000.0,11146270.0,-62.84576666666667,6.2,37.0,45.0
The Firm,1993,1990s,Drama,Blockbuster,42000000.0,270248367.0,543.4484928571429,6.9,75.0,64.0
Free Willy,1993,1990s,Family,High,20000000.0,153698625.0,668.493125,6.1,68.0,50.0
The Fugitive,1993,1990s,Adventure,Blockbuster,44000000.0,368875760.0,738.354,7.8,86.0,61.0
Geronimo: An American Legend,1993,1990s,History,High,35000000.0,18635620.0,-46.75537142857143,6.6,,
Hard Target,1993,1990s,Action,High,18000000.0,74189677.0,312.1648722222222,6.2,57.0,49.0
Hot Shots! Part Deux,1993,1990s,Action,High,25000000.0,133752825.0,435.0113,6.6,57.0,63.0
In the Line of Fire,1993,1990s,Action,High,40000000.0,176997168.0,342.49292,7.2,96.0,79.0
In the Name of the Father,1993,1990s,Drama,Mid,13000000.0,65796862.0,406.1297076923077,8.1,94.0,95.0
Jurassic Park,1993,1990s,Adventure,Blockbuster,63000000.0,920100000.0,1360.4761904761904,8.2,91.0,91.0
Kalifornia,1993,1990s,Thriller,Mid,9000000.0,2395231.0,-73.38632222222222,6.7,59.0,64.0
Killing Zoe,1993,1990s,Action,Low,1500000.0,418961.0,-72.06926666666666,6.4,36.0,64.0
Last Action Hero,1993,1990s,Adventure,Blockbuster,85000000.0,137298489.0,61.527634117647054,6.5,38.0,47.0
Manhattan Murder Mystery,1993,1990s,Comedy,Mid,13500000.0,11285588.0,-16.403051851851853,7.3,93.0,84.0
Menace II Society,1993,1990s,Drama,Low,3500000.0,27900000.0,697.1428571428571,7.5,84.0,93.0
Executive Decision,1996,1990s,Action,Blockbuster,55000000.0,121969216.0,121.76221090909092,6.5,,
Mrs. Doubtfire,1993,1990s,Comedy,High,25000000.0,441286195.0,1665.14478,7.1,71.0,77.0
The Next Karate Kid,1994,1990s,Adventure,Mid,12000000.0,15826984.0,31.89153333333333,4.6,7.0,24.0
No Escape,1994,1990s,Action,High,20000000.0,15340000.0,-23.3,6.1,47.0,62.0
A Perfect World,1993,1990s,Crime,High,30000000.0,135130999.0,350.43666333333334,7.5,79.0,84.0
Philadelphia,1993,1990s,Drama,High,26000000.0,206678440.0,694.9170769230769,7.7,80.0,89.0
The Piano,1993,1990s,Drama,Mid,7000000.0,116700000.0,1567.142857142857,7.5,92.0,86.0
Poetic Justice,1993,1990s,Drama,Mid,14000000.0,27515786.0,96.54132857142858,6.2,34.0,83.0
The Ref,1994,1990s,Comedy,Mid,11000000.0,11439193.0,3.9926636363636367,6.9,72.0,73.0
The Remains of the Day,1993,1990s,Drama,Mid,11500000.0,23237911.0,102.06879130434784,7.8,95.0,89.0
Renaissance Man,1994,1990s,Comedy,High,40000000.0,24332324.0,-39.16919,6.2,12.0,53.0
RoboCop 3,1993,1990s,Action,High,22000000.0,10696210.0,-51.38086363636364,4.2,6.0,15.0
Robin Hood: Men in Tights,1993,1990s,Comedy,High,20000000.0,35739755.0,78.698775,6.7,40.0,81.0
Romeo Is Bleeding,1993,1990s,Action,Mid,11500000.0,3275585.0,-71.51665217391304,6.5,26.0,62.0
Ruby in Paradise,1993,1990s,Drama,Low,800000.0,1001437.0,25.179625,6.9,,
Rudy,1993,1990s,Drama,Mid,12000000.0,22750363.0,89.58635833333334,7.5,78.0,90.0
Schindler's List,1993,1990s,Drama,High,22000000.0,321365567.0,1360.7525772727274,9.0,97.0,97.0
Serial Mom,1994,1990s,Comedy,Mid,13000000.0,7820688.0,-39.84086153846154,6.8,63.0,72.0
The Shadow,1994,1990s,Adventure,High,25000000.0,48063435.0,92.25374,6.1,35.0,44.0
Sleepless in Seattle,1993,1990s,Comedy,High,21000000.0,227799884.0,984.7613523809524,6.8,,
Sliver,1993,1990s,Drama,High,40000000.0,116300000.0,190.75,5.1,11.0,28.0
Blade Runner,1982,1980s,Science Fiction,High,28000000.0,33139618.0,18.355778571428573,8.1,90.0,91.0
So I Married an Axe Murderer,1993,1990s,Comedy,High,20000000.0,11585483.0,-42.072585,6.5,53.0,68.0
Super Mario Bros.,1993,1990s,Adventure,Blockbuster,48000000.0,20915465.0,-56.42611458333333,4.2,,
Surviving the Game,1994,1990s,Action,Mid,7400000.0,7690013.0,3.9190945945945934,6.2,24.0,48.0
Terminal Velocity,1994,1990s,Action,Blockbuster,50000000.0,16478900.0,-67.0422,5.5,19.0,22.0
The Nightmare Before Christmas,1993,1990s,Fantasy,High,18000000.0,75634409.0,320.1911611111111,7.9,95.0,91.0
The Three Musketeers,1993,1990s,Action,High,30000000.0,53898845.0,79.66281666666667,6.4,78.0,74.0
Tombstone,1993,1990s,Action,High,25000000.0,56505065.0,126.02026,7.8,,
True Romance,1993,1990s,Action,Mid,12500000.0,12281551.0,-1.7475919999999998,7.9,93.0,93.0
The Pagemaster,1994,1990s,Fantasy,High,27000000.0,13670688.0,-49.36782222222222,6.2,21.0,48.0
Home Alone,1990,1990s,Comedy,High,18000000.0,476684675.0,2548.2481944444444,7.8,65.0,80.0
Ghost,1990,1990s,Fantasy,High,22000000.0,505000000.0,2195.454545454545,7.1,74.0,80.0
Aladdin,1992,1990s,Animation,High,28000000.0,504050219.0,1700.1793535714285,8.0,57.0,94.0
Terminator 2: Judgment Day,1991,1990s,Action,Blockbuster,100000000.0,520000000.0,420.0,8.6,93.0,94.0
Dances with Wolves,1990,1990s,Adventure,High,22000000.0,424208848.0,1828.2220363636363,8.0,83.0,87.0
Batman,1989,1980s,Fantasy,High,35000000.0,411348924.0,1075.28264,7.5,,
The Silence of the Lambs,1991,1990s,Crime,High,19000000.0,272742922.0,1335.4890631578946,8.6,96.0,95.0
Snow White and the Seven Dwarfs,1937,1930s,Fantasy,Low,1488423.0,184925486.0,12324.256142239135,7.6,98.0,78.0
Beauty and the Beast,1991,1990s,Romance,High,25000000.0,377350553.0,1409.402212,8.0,94.0,92.0
Pinocchio,1940,1940s,Animation,Low,2600000.0,84300000.0,3142.3076923076924,7.5,0.0,32.0
Pretty Woman,1990,1990s,Romance,Mid,14000000.0,463000000.0,3207.142857142857,7.1,63.0,68.0
The Wild Bunch,1969,1960s,Adventure,Mid,6244087.0,638641.0,-89.77206755767496,7.9,90.0,91.0
Fargo,1996,1990s,Crime,Mid,7000000.0,60611975.0,765.8853571428572,8.1,94.0,93.0
Hellraiser: Bloodline,1996,1990s,Horror,Low,4000000.0,16675000.0,316.875,5.1,,
The Aristocats,1970,1970s,Animation,Low,4000000.0,55675257.0,1291.881425,7.1,64.0,70.0
Primal Fear,1996,1990s,Crime,High,30000000.0,102616183.0,242.0539433333333,7.7,76.0,89.0
Girl 6,1996,1990s,Comedy,Mid,12000000.0,4939939.0,-58.833841666666665,5.4,,
Courage Under Fire,1996,1990s,Drama,Blockbuster,46000000.0,100860818.0,119.26264782608696,6.6,85.0,66.0
Mission: Impossible,1996,1990s,Adventure,Blockbuster,80000000.0,457696359.0,472.12044875,7.2,64.0,71.0
DragonHeart,1996,1990s,Fantasy,Blockbuster,57000000.0,115267375.0,102.22346491228068,6.4,50.0,60.0
James and the Giant Peach,1996,1990s,Adventure,High,38000000.0,28921264.0,-23.89141052631579,6.7,91.0,66.0
Faithful,1996,1990s,Comedy,Mid,13000000.0,9789900.0,-24.693076923076923,5.7,7.0,49.0
Space Jam,1996,1990s,Animation,Blockbuster,80000000.0,250200000.0,212.75,6.5,43.0,63.0
Barbarella,1968,1960s,Science Fiction,Mid,9000000.0,2500000.0,-72.22222222222221,5.9,72.0,56.0
Mrs. Winterbourne,1996,1990s,Comedy,High,25000000.0,10070000.0,-59.72,6.3,10.0,63.0
The Quest,1996,1990s,Action,High,30000000.0,57400547.0,91.33515666666666,5.6,14.0,36.0
Oliver & Company,1988,1980s,Animation,High,31000000.0,74151346.0,139.19789032258066,6.6,50.0,62.0
Flipper,1996,1990s,Adventure,High,25530000.0,20080020.0,-21.34735605170388,5.4,40.0,49.0
The Horseman on the Roof,1995,1990s,War,High,35000000.0,15000000.0,-57.14285714285714,7.0,,
The Craft,1996,1990s,Drama,Mid,15000000.0,24769466.0,65.12977333333333,6.5,56.0,65.0
Original Gangstas,1996,1990s,Action,Low,4800000.0,3014000.0,-37.20833333333333,5.7,53.0,46.0
The Rock,1996,1990s,Action,Blockbuster,75000000.0,335062621.0,346.7501613333333,7.4,66.0,85.0
Twister,1996,1990s,Action,Blockbuster,92000000.0,494471524.0,437.4690478260869,6.6,58.0,58.0
The Arrival,1996,1990s,Action,High,25000000.0,14048372.0,-43.806512,6.2,65.0,44.0
Dr. Strangelove or: How I Learned to Stop Worrying and Love the Bomb,1964,1960s,Drama,Low,1800000.0,9440272.0,424.45955555555554,8.3,,
The Phantom,1996,1990s,Adventure,Blockbuster,45000000.0,17300889.0,-61.55358,5.1,43.0,31.0
Striptease,1996,1990s,Drama,Blockbuster,50000000.0,113309743.0,126.619486,4.6,11.0,24.0
Jack,1996,1990s,Comedy,Blockbuster,45000000.0,58620973.0,30.268828888888887,5.8,18.0,49.0
Trainspotting,1996,1990s,Drama,Low,4000000.0,16491080.0,312.277,8.1,91.0,93.0
Independence Day,1996,1990s,Action,Blockbuster,75000000.0,816969268.0,989.2923573333331,7.0,67.0,75.0
The Fan,1996,1990s,Drama,Blockbuster,55000000.0,18626419.0,-66.13378363636365,5.9,38.0,32.0
The Hunchback of Notre Dame,1996,1990s,Drama,Blockbuster,100000000.0,100138851.0,0.138851,7.0,92.0,76.0
The Cable Guy,1996,1990s,Comedy,Blockbuster,47000000.0,102825796.0,118.77828936170214,6.1,54.0,51.0
Kingpin,1996,1990s,Comedy,High,27000000.0,25023434.0,-7.320614814814815,6.9,50.0,69.0
Eraser,1996,1990s,Action,Blockbuster,100000000.0,242295562.0,142.295562,6.2,38.0,39.0
The Nutty Professor,1996,1990s,Fantasy,Blockbuster,54000000.0,128769345.0,138.46175,5.7,85.0,67.0
Daylight,1996,1990s,Action,Blockbuster,80000000.0,159212469.0,99.01558625,6.0,27.0,37.0
The Frighteners,1996,1990s,Horror,High,30000000.0,29359216.0,-2.135946666666667,7.1,64.0,71.0
Lone Star,1996,1990s,Drama,Low,5000000.0,13269963.0,165.39926,7.4,94.0,83.0
Phenomenon,1996,1990s,Drama,High,32000000.0,152036382.0,375.11369375,6.5,50.0,59.0
She's the One,1996,1990s,Comedy,Low,3500000.0,9482579.0,170.93082857142855,6.0,61.0,41.0
A Time to Kill,1996,1990s,Crime,High,40000000.0,152266007.0,280.66501750000003,7.5,67.0,85.0
Fled,1996,1990s,Action,High,25000000.0,17193231.0,-31.227076,5.5,18.0,23.0
Joe's Apartment,1996,1990s,Fantasy,Mid,13000000.0,4619014.0,-64.46912307692307,5.5,19.0,42.0
The First Wives Club,1996,1990s,Comedy,High,26000000.0,116400000.0,347.6923076923077,6.5,50.0,68.0
Ransom,1996,1990s,Action,Blockbuster,80000000.0,309492681.0,286.86585125,6.7,75.0,62.0
Chain Reaction,1996,1990s,Action,Blockbuster,50000000.0,60209334.0,20.418668,5.7,18.0,27.0
Matilda,1996,1990s,Comedy,High,36000000.0,33459416.0,-7.0571777777777775,7.0,90.0,73.0
Emma,1996,1990s,Drama,Low,6000000.0,22231658.0,270.5276333333333,6.6,85.0,77.0
The Crow: City of Angels,1996,1990s,Action,Mid,13000000.0,17917287.0,37.82528461538461,4.6,12.0,40.0
Bordello of Blood,1996,1990s,Horror,Mid,15000000.0,5600000.0,-62.66666666666667,5.4,,
The Spitfire Grill,1996,1990s,Comedy,Low,6000000.0,12643776.0,110.7296,7.0,33.0,76.0
Escape from L.A.,1996,1990s,Action,Blockbuster,50000000.0,42277365.0,-15.44527,5.7,,
Basquiat,1996,1990s,Drama,Low,2962051.0,3011195.0,1.6591206565990928,6.9,68.0,77.0
Tin Cup,1996,1990s,Comedy,Blockbuster,45000000.0,53854588.0,19.676862222222223,6.4,71.0,65.0
Dingo,1991,1990s,Drama,Low,200000.0,300000.0,50.0,6.8,,
The Godfather,1972,1970s,Drama,Low,6000000.0,245066411.0,3984.4401833333336,9.2,98.0,98.0
Police Story 3: Supercop,1992,1990s,Action,Low,900000.0,20483423.0,2175.935888888889,7.0,,
Manny & Lo,1996,1990s,Drama,Low,500000.0,431326.0,-13.7348,6.6,,
Bound,1996,1990s,Crime,Low,4500000.0,7011317.0,55.80704444444444,7.3,89.0,82.0
The Relic,1997,1990s,Horror,Blockbuster,60000000.0,33956608.0,-43.40565333333333,5.8,36.0,34.0
The Island of Dr. Moreau,1996,1990s,Fantasy,High,40000000.0,49627779.0,24.0694475,4.6,56.0,40.0
Bulletproof,1996,1990s,Action,High,25000000.0,22611954.0,-9.552184,5.8,8.0,44.0
Halloween: The Curse of Michael Myers,1995,1990s,Horror,Low,5000000.0,15116634.0,202.33268,4.7,,
Singin' in the Rain,1952,1950s,Comedy,Low,2540800.0,7200000.0,183.3753148614609,8.3,100.0,95.0
An American in Paris,1951,1950s,Drama,Low,2723903.0,4500000.0,65.20412070473876,7.1,96.0,79.0
Breakfast at Tiffany's,1961,1960s,Comedy,Low,2500000.0,9500000.0,280.0,7.5,88.0,91.0
Vertigo,1958,1950s,Mystery,Low,2479000.0,28000000.0,1029.4876966518757,8.2,94.0,93.0
Rear Window,1954,1950s,Drama,Low,1000000.0,36764313.0,3576.4313,8.4,99.0,95.0
It Happened One Night,1934,1930s,Comedy,Low,325000.0,4500000.0,1284.6153846153848,8.1,98.0,93.0
North by Northwest,1959,1950s,Mystery,Low,4000000.0,13275000.0,231.875,8.3,99.0,94.0
The Apartment,1960,1960s,Comedy,Low,3000000.0,25000000.0,733.3333333333333,8.3,93.0,94.0
Some Like It Hot,1959,1950s,Comedy,Low,2883848.0,25000000.0,766.8972844615944,8.2,95.0,94.0
Charade,1963,1960s,Comedy,Low,4000000.0,13474588.0,236.86470000000003,7.8,94.0,92.0
Casablanca,1942,1940s,Drama,Low,878000.0,10462500.0,1091.6287015945331,8.5,99.0,95.0
The Maltese Falcon,1941,1940s,Mystery,Low,375000.0,1000000.0,166.66666666666669,7.9,100.0,91.0
My Fair Lady,1964,1960s,Drama,Mid,17000000.0,72070731.0,323.94547647058823,7.7,,
Sabrina,1954,1950s,Comedy,Low,2238813.0,10000000.0,346.66526413773727,7.6,92.0,89.0
Roman Holiday,1953,1950s,Comedy,Low,1500000.0,12000000.0,700.0,8.0,97.0,93.0
The Wizard of Oz,1939,1930s,Adventure,Low,2777000.0,33754967.0,1115.519157364062,8.1,98.0,89.0
Gone with the Wind,1939,1930s,Drama,Low,4000000.0,400176459.0,9904.411475,8.2,91.0,92.0
Sunset Boulevard,1950,1950s,Drama,Low,1752000.0,5000000.0,185.3881278538813,8.4,99.0,95.0
Citizen Kane,1941,1940s,Mystery,Low,839727.0,23217674.0,2664.9074044302497,8.2,100.0,90.0
2001: A Space Odyssey,1968,1960s,Science Fiction,Mid,10500000.0,68700000.0,554.2857142857142,8.3,92.0,89.0
All About Eve,1950,1950s,Drama,Low,1400000.0,63463.0,-95.46692857142855,8.2,99.0,94.0
The Women,1939,1930s,Comedy,Low,1688000.0,2270000.0,34.47867298578199,7.7,14.0,38.0
Rebecca,1940,1940s,Drama,Low,1288000.0,6000000.0,365.8385093167702,8.1,,
Notorious,1946,1940s,Thriller,Low,2000000.0,24464742.0,1123.2371,7.9,52.0,65.0
Spellbound,1945,1940s,Drama,Low,1500000.0,7000000.0,366.6666666666666,7.5,97.0,83.0
To Catch a Thief,1955,1950s,Crime,Low,2500000.0,8750000.0,250.0,7.4,96.0,84.0
Ninotchka,1939,1930s,Comedy,Low,1365000.0,2279000.0,66.95970695970695,7.8,97.0,89.0
The Adventures of Robin Hood,1938,1930s,Action,Low,2033000.0,3981000.0,95.81898671913429,7.9,100.0,89.0
Laura,1944,1940s,Drama,Low,1020000.0,2000000.0,96.07843137254902,7.9,100.0,90.0
Top Hat,1935,1930s,Comedy,Low,609000.0,3202000.0,425.7799671592775,7.7,100.0,91.0
Giant,1956,1950s,Action,Low,5400000.0,35000000.0,548.1481481481482,7.6,95.0,87.0
The Thin Man,1934,1930s,Comedy,Low,226408.0,1423000.0,528.5113600226141,7.9,97.0,93.0
Around the World in Eighty Days,1956,1950s,Adventure,Low,6000000.0,42000000.0,600.0,6.7,,
It's a Wonderful Life,1946,1940s,Drama,Low,3180000.0,9644124.0,203.27433962264152,8.6,94.0,95.0
Mr. Smith Goes to Washington,1939,1930s,Comedy,Low,1500000.0,9600000.0,540.0,8.1,96.0,94.0
Night of the Living Dead,1968,1960s,Horror,Low,114000.0,30000000.0,26215.789473684206,7.8,97.0,87.0
The African Queen,1951,1950s,Adventure,Low,1300000.0,10750000.0,726.9230769230769,7.7,98.0,86.0
Cat on a Hot Tin Roof,1958,1950s,Drama,Low,3000000.0,17570324.0,485.67746666666665,7.9,97.0,92.0
Maximum Risk,1996,1990s,Action,High,25000000.0,51702483.0,106.809932,5.6,31.0,34.0
Michael Collins,1996,1990s,Drama,High,28000000.0,16900000.0,-39.64285714285714,7.1,77.0,84.0
Last Man Standing,1996,1990s,Action,Blockbuster,67000000.0,47267001.0,-29.45223731343284,6.4,37.0,51.0
Set It Off,1996,1990s,Drama,Mid,9000000.0,41590886.0,362.1209555555556,6.9,68.0,90.0
Curdled,1996,1990s,Comedy,Low,2300000.0,49620.0,-97.84260869565216,5.9,17.0,58.0
Extreme Measures,1996,1990s,Drama,High,38000000.0,17380126.0,-54.26282631578947,6.2,56.0,40.0
The Chamber,1996,1990s,Crime,Blockbuster,50000000.0,22540359.0,-54.919282,6.0,12.0,39.0
"20,000 Leagues Under the Sea",1954,1950s,Adventure,Low,5000000.0,28200000.0,464.0,7.2,89.0,74.0
Cool Runnings,1993,1990s,Comedy,Mid,14000000.0,154864401.0,1006.1742928571427,7.0,76.0,81.0
Cinderella,1950,1950s,Family,Low,2900000.0,263591415.0,8989.359137931035,7.3,97.0,80.0
The Sword in the Stone,1963,1960s,Animation,Low,3000000.0,22182353.0,639.4117666666666,7.1,66.0,73.0
Robin Hood: Prince of Thieves,1991,1990s,Adventure,Blockbuster,48000000.0,390493908.0,713.5289750000001,6.9,51.0,72.0
Mary Poppins,1964,1960s,Comedy,Low,6000000.0,102272727.0,1604.54545,7.8,100.0,86.0
Dumbo,1941,1940s,Animation,Low,812000.0,1600000.0,97.04433497536948,7.2,98.0,70.0
Bedknobs and Broomsticks,1971,1970s,Adventure,High,20000000.0,17900000.0,-10.5,7.1,66.0,74.0
Alice in Wonderland,1951,1950s,Animation,Low,3000000.0,572000000.0,18966.666666666664,7.3,81.0,78.0
The Fox and the Hound,1981,1980s,Adventure,Mid,12000000.0,29800000.0,148.33333333333334,7.2,70.0,78.0
The Sound of Music,1965,1960s,Drama,Mid,8200000.0,286214286.0,3390.41812195122,8.1,83.0,91.0
Die Hard,1988,1980s,Action,High,28000000.0,140767956.0,402.7427,8.2,94.0,94.0
The Lawnmower Man,1992,1990s,Horror,Mid,10000000.0,32101000.0,221.01,5.5,34.0,31.0
Secrets & Lies,1996,1990s,Drama,Low,4500000.0,13417292.0,198.1620444444445,8.0,,
Surviving Picasso,1996,1990s,Drama,Mid,16000000.0,1985001.0,-87.59374375,6.3,32.0,60.0
The Long Kiss Goodnight,1996,1990s,Crime,Blockbuster,65000000.0,89456761.0,37.62578615384615,6.8,70.0,70.0
The Ghost and the Darkness,1996,1990s,Adventure,Blockbuster,50000000.0,75000000.0,50.0,6.8,49.0,75.0
Get on the Bus,1996,1990s,Drama,Low,2400000.0,5731103.0,138.79595833333337,6.9,89.0,71.0
Shadow Conspiracy,1997,1990s,Action,Blockbuster,45000000.0,2154540.0,-95.21213333333334,5.0,0.0,18.0
Jude,1996,1990s,Drama,Mid,7000000.0,405000.0,-94.21428571428572,6.9,81.0,73.0
Romeo + Juliet,1996,1990s,Drama,Mid,14500000.0,147298761.0,915.853524137931,6.7,72.0,77.0
Swingers,1996,1990s,Comedy,Low,200000.0,4505922.0,2152.961,7.2,87.0,89.0
Sleepers,1996,1990s,Crime,Blockbuster,44000000.0,165615285.0,276.398375,7.5,,
Willy Wonka & the Chocolate Factory,1971,1970s,Family,Low,3000000.0,4000000.0,33.33333333333333,7.8,,
Sleeper,1973,1970s,Comedy,Low,2000000.0,18344729.0,817.2364500000001,7.1,,
Bananas,1971,1970s,Comedy,Low,2000000.0,11833696.0,491.6848,6.9,82.0,74.0
A Fish Called Wanda,1988,1980s,Comedy,Mid,7500000.0,62493712.0,733.2494933333332,7.5,95.0,84.0
Life of Brian,1979,1970s,Comedy,Low,4000000.0,20045115.0,401.127875,8.0,,
The Great Race,1965,1960s,Adventure,Mid,12000000.0,25333333.0,111.11110833333332,7.2,74.0,83.0
Bonnie and Clyde,1967,1960s,Crime,Low,2500000.0,50700000.0,1928.0,7.7,88.0,88.0
Dial M for Murder,1954,1950s,Crime,Low,1400000.0,3000000.0,114.28571428571428,8.1,89.0,92.0
Dirty Dancing,1987,1980s,Drama,Low,6000000.0,213954274.0,3465.9045666666666,7.1,68.0,90.0
Reservoir Dogs,1992,1990s,Crime,Low,1200000.0,14661007.0,1121.7505833333337,8.3,92.0,94.0
Platoon,1986,1980s,Drama,Low,6000000.0,138530565.0,2208.8427500000003,8.1,88.0,93.0
Weekend at Bernie's,1989,1980s,Comedy,Mid,6500000.0,30218387.0,364.8982615384616,6.4,54.0,57.0
Basic Instinct,1992,1990s,Thriller,Blockbuster,49000000.0,352927224.0,620.2596408163265,7.1,53.0,63.0
The Doors,1991,1990s,Drama,High,38000000.0,34416893.0,-9.42922894736842,7.2,57.0,79.0
The Crying Game,1992,1990s,Romance,Low,3705538.0,62548947.0,1587.9855772630049,7.2,94.0,78.0
Glengarry Glen Ross,1992,1990s,Crime,Mid,12500000.0,10725228.0,-14.198176000000002,7.6,95.0,88.0
Sophie's Choice,1982,1980s,Drama,Mid,12000000.0,30036000.0,150.29999999999998,7.5,78.0,85.0
E.T. the Extra-Terrestrial,1982,1980s,Science Fiction,Mid,10500000.0,792965326.0,7452.050723809523,7.9,98.0,72.0
Days of Thunder,1990,1990s,Adventure,Blockbuster,60000000.0,157920733.0,163.20122166666667,6.1,38.0,60.0
Top Gun,1986,1980s,Action,Mid,15000000.0,356830601.0,2278.8706733333333,7.0,54.0,83.0
A Streetcar Named Desire,1951,1950s,Drama,Low,1800000.0,8000000.0,344.44444444444446,7.9,98.0,90.0
The Funeral,1996,1990s,Crime,Mid,12500000.0,1227324.0,-90.181408,6.6,,
The People vs. Larry Flynt,1996,1990s,Drama,High,36000000.0,20300385.0,-43.61004166666667,7.3,88.0,80.0
The Return of the Pink Panther,1975,1970s,Mystery,Low,5000000.0,41833347.0,736.6669400000001,7.0,84.0,82.0
Drop Dead Fred,1991,1990s,Comedy,Mid,6788000.0,13878334.0,104.45394814378317,6.0,11.0,77.0
The Abyss,1989,1980s,Adventure,Blockbuster,70000000.0,90000098.0,28.57156857142857,7.5,,
The Fog,1980,1980s,Horror,Low,1000000.0,21378361.0,2037.8361,6.8,4.0,19.0
Escape from New York,1981,1980s,Science Fiction,Low,6000000.0,50244700.0,737.4116666666666,7.1,86.0,77.0
The Howling,1981,1980s,Drama,Low,1000000.0,17985893.0,1698.5893,6.5,69.0,58.0
Monty Python and the Holy Grail,1975,1970s,Adventure,Low,400000.0,5028948.0,1157.237,8.1,97.0,95.0
Bad Moon,1996,1990s,Horror,Mid,7000000.0,1100000.0,-84.28571428571429,5.8,33.0,45.0
Delicatessen,1991,1990s,Comedy,Low,4000000.0,1794187.0,-55.145325,7.5,89.0,91.0
The English Patient,1996,1990s,Drama,High,27000000.0,231976425.0,759.1719444444444,7.4,85.0,83.0
My Left Foot: The Story of Christy Brown,1989,1980s,Drama,Low,645180.0,14743391.0,2185.159335379274,7.8,,
Strictly Ballroom,1992,1990s,Comedy,Low,3000000.0,33946224.0,1031.5408,7.2,93.0,87.0
Paris is Burning,1990,1990s,Documentary,Low,500000.0,3779620.0,655.924,8.2,98.0,88.0
One Flew Over the Cuckoo's Nest,1975,1970s,Drama,Low,3000000.0,108981275.0,3532.709166666667,8.6,94.0,96.0
The Empire Strikes Back,1980,1980s,Adventure,High,18000000.0,538400000.0,2891.1111111111118,8.7,,
The Princess Bride,1987,1980s,Adventure,Mid,16000000.0,30857814.0,92.8613375,8.0,97.0,94.0
Raiders of the Lost Ark,1981,1980s,Adventure,High,18000000.0,389925971.0,2066.2553944444444,8.4,95.0,96.0
Aliens,1986,1980s,Horror,High,18500000.0,183316455.0,890.8997567567567,8.4,97.0,94.0
"The Good, the Bad and the Ugly",1966,1960s,Western,Low,1200000.0,6000000.0,400.0,8.8,97.0,97.0
12 Angry Men,1957,1950s,Drama,Low,350000.0,1000000.0,185.7142857142857,9.0,92.0,87.0
Lawrence of Arabia,1962,1960s,Adventure,Mid,15000000.0,69995385.0,366.6359,8.3,98.0,93.0
A Clockwork Orange,1971,1970s,Science Fiction,Low,2200000.0,26589000.0,1108.590909090909,8.2,88.0,93.0
To Kill a Mockingbird,1962,1960s,Crime,Low,2000000.0,13129846.0,556.4923,8.2,92.0,92.0
Apocalypse Now,1979,1970s,Drama,High,31500000.0,89460381.0,184.0012095238095,8.4,98.0,94.0
Once Upon a Time in the West,1968,1960s,Western,Low,5000000.0,5321508.0,6.43016,8.5,95.0,95.0
Return of the Jedi,1983,1980s,Adventure,High,32350000.0,572700000.0,1670.32457496136,8.3,,
Wings of Desire,1987,1980s,Drama,Low,2500000.0,3200000.0,28.000000000000004,7.9,98.0,93.0
GoodFellas,1990,1990s,Drama,High,25000000.0,46836394.0,87.34557600000001,8.7,96.0,97.0
Alien,1979,1970s,Horror,Mid,11000000.0,104931801.0,853.9254636363637,8.5,98.0,94.0
Ran,1985,1980s,Action,Mid,11500000.0,4069653.0,-64.61171304347826,8.2,97.0,95.0
Psycho,1960,1960s,Drama,Low,806948.0,32000000.0,3865.559119051041,8.5,38.0,28.0
The Blues Brothers,1980,1980s,Music,High,27000000.0,115229890.0,326.7773703703704,7.9,84.0,92.0
The Godfather: Part II,1974,1970s,Drama,Mid,13000000.0,47542841.0,265.71416153846155,9.0,,
Full Metal Jacket,1987,1980s,Drama,Mid,17000000.0,46357676.0,172.6922117647059,8.2,92.0,94.0
Amadeus,1984,1980s,Drama,High,18000000.0,51973029.0,188.73905,8.4,93.0,95.0
Raging Bull,1980,1980s,Drama,High,18000000.0,23000000.0,27.77777777777778,8.1,93.0,93.0
Annie Hall,1977,1970s,Comedy,Low,4000000.0,38251425.0,856.285625,7.9,98.0,92.0
The Right Stuff,1983,1980s,Drama,High,27000000.0,21500000.0,-20.37037037037037,7.8,,
Das Boot,1981,1980s,Action,Mid,14000000.0,85000000.0,507.1428571428571,8.3,,
The Sting,1973,1970s,Comedy,Low,5500000.0,159616327.0,2802.115036363636,8.2,94.0,95.0
The Terminator,1984,1980s,Action,Mid,6400000.0,78371200.0,1124.55,8.1,100.0,89.0
Braindead,1992,1990s,Horror,Low,3000000.0,242623.0,-91.91256666666666,7.4,,
Glory,1989,1980s,War,High,18000000.0,26828365.0,49.04647222222222,7.8,93.0,93.0
Miller's Crossing,1990,1990s,Drama,Mid,14000000.0,5080409.0,-63.71136428571429,7.7,92.0,90.0
Dead Poets Society,1989,1980s,Drama,Mid,16400000.0,235860116.0,1338.17143902439,8.1,84.0,92.0
The Graduate,1967,1960s,Drama,Low,3000000.0,104945305.0,3398.176833333333,8.0,87.0,90.0
Touch of Evil,1958,1950s,Drama,Low,829000.0,2247465.0,171.10554885404102,7.9,95.0,92.0
The Bridge on the River Kwai,1957,1950s,Drama,Low,3000000.0,27200000.0,806.6666666666666,8.1,95.0,93.0
Chinatown,1974,1970s,Crime,Low,6000000.0,30000000.0,400.0,8.1,99.0,93.0
The Treasure of the Sierra Madre,1948,1940s,Action,Low,3800000.0,4307000.0,13.342105263157894,8.2,100.0,93.0
The Shining,1980,1980s,Horror,High,19000000.0,44017374.0,131.67038947368422,8.4,84.0,93.0
Stand by Me,1986,1980s,Crime,Mid,8000000.0,52287414.0,553.592675,8.1,91.0,94.0
Evil Dead II,1987,1980s,Horror,Low,3600000.0,5923044.0,64.529,7.7,,
The Great Escape,1963,1960s,Adventure,Low,4000000.0,11744471.0,193.611775,8.2,94.0,95.0
The Deer Hunter,1978,1970s,Drama,Mid,15000000.0,50000000.0,233.33333333333331,8.1,93.0,92.0
Groundhog Day,1993,1990s,Romance,Mid,14600000.0,70906973.0,385.664198630137,8.0,96.0,88.0
Unforgiven,1992,1990s,Western,Mid,14000000.0,159157447.0,1036.8389071428571,8.2,96.0,93.0
The Manchurian Candidate,1962,1960s,Mystery,Blockbuster,80000000.0,96105910.0,20.1323875,7.9,97.0,90.0
Back to the Future,1985,1980s,Adventure,High,19000000.0,381109762.0,1905.840852631579,8.5,96.0,94.0
Fried Green Tomatoes,1991,1990s,Drama,Mid,11000000.0,119418501.0,985.6227363636364,7.7,74.0,91.0
Patton,1970,1970s,Drama,Mid,12000000.0,89800000.0,648.3333333333334,7.9,94.0,93.0
Akira,1988,1980s,Science Fiction,Mid,8000000.0,553171.0,-93.0853625,8.0,90.0,90.0
Highlander,1986,1980s,Adventure,Mid,16000000.0,5900000.0,-63.125,7.0,69.0,79.0
Cool Hand Luke,1967,1960s,Crime,Low,3000000.0,16217773.0,440.5924333333333,8.0,100.0,95.0
Young Frankenstein,1974,1970s,Comedy,Low,2800000.0,86273333.0,2981.1904642857144,8.0,94.0,92.0
Night on Earth,1991,1990s,Comedy,Low,3500000.0,2015810.0,-42.40542857142857,7.7,75.0,91.0
The Great Dictator,1940,1940s,Comedy,Low,2000000.0,11000000.0,450.0,8.4,93.0,95.0
Fantasia,1940,1940s,Animation,Low,2280000.0,83320000.0,3554.385964912281,7.7,,
High Noon,1952,1950s,Western,Low,730000.0,8000000.0,995.890410958904,7.9,97.0,89.0
Ben-Hur,1959,1950s,Action,Mid,15000000.0,146900000.0,879.3333333333333,8.1,25.0,53.0
This Is Spinal Tap,1984,1980s,Comedy,Low,2500000.0,4736202.0,89.44807999999999,7.9,95.0,92.0
Indiana Jones and the Last Crusade,1989,1980s,Adventure,Blockbuster,48000000.0,474171806.0,887.8579291666666,8.2,88.0,94.0
Gandhi,1982,1980s,Drama,High,22000000.0,77737889.0,253.3540409090909,8.0,85.0,92.0
The Unbearable Lightness of Being,1988,1980s,Comedy,Mid,17000000.0,10006806.0,-41.136435294117646,7.2,85.0,84.0
A Room with a View,1985,1980s,Drama,Low,3000000.0,20966644.0,598.8881333333334,7.2,100.0,85.0
Pink Floyd: The Wall,1982,1980s,Music,Mid,12000000.0,22244207.0,85.36839166666667,8.0,,
The Killing Fields,1984,1980s,War,Mid,14400000.0,34700291.0,140.97424305555555,7.8,93.0,92.0
Forbidden Planet,1956,1950s,Adventure,Low,1900000.0,3250000.0,71.05263157894737,7.5,96.0,85.0
Butch Cassidy and the Sundance Kid,1969,1960s,History,Low,6000000.0,102308889.0,1605.1481500000002,8.0,90.0,92.0
"Paris, Texas",1984,1980s,Drama,Low,1746964.0,2181987.0,24.901657962041572,8.1,97.0,94.0
When Harry Met Sally...,1989,1980s,Comedy,Mid,16000000.0,92823546.0,480.1471625,7.7,,
Alien³,1992,1990s,Science Fiction,Blockbuster,50000000.0,159773545.0,219.54709000000005,6.4,,
An American Werewolf in London,1981,1980s,Horror,Mid,10000000.0,31973249.0,219.73249,7.5,87.0,85.0
The Birds,1963,1960s,Horror,Low,2500000.0,11403529.0,356.14116,7.6,95.0,83.0
Dracula,1992,1990s,Romance,High,40000000.0,215862692.0,439.65673,7.4,92.0,81.0
Candyman,1992,1990s,Drama,Low,6000000.0,25792310.0,329.87183333333337,6.7,75.0,62.0
Cape Fear,1991,1990s,Crime,High,35000000.0,182300000.0,420.8571428571428,7.3,100.0,86.0
Carrie,1976,1970s,Horror,Low,1800000.0,33800000.0,1777.7777777777778,7.4,93.0,77.0
A Nightmare on Elm Street,1984,1980s,Horror,Low,1800000.0,25504513.0,1316.9173888888888,7.4,94.0,83.0
The Omen,1976,1970s,Horror,Low,2800000.0,60922980.0,2075.820714285714,7.5,86.0,80.0
Star Trek: First Contact,1996,1990s,Science Fiction,Blockbuster,46000000.0,150000000.0,226.08695652173915,7.6,92.0,89.0
Sling Blade,1996,1990s,Drama,Low,1000000.0,24444121.0,2344.4121,8.0,96.0,92.0
Jingle All the Way,1996,1990s,Family,Blockbuster,60000000.0,129832389.0,116.387315,5.8,15.0,38.0
The Preacher's Wife,1996,1990s,Fantasy,High,40000000.0,48093211.0,20.2330275,5.7,60.0,52.0
Ridicule,1996,1990s,Comedy,Low,3000000.0,2503829.0,-16.539033333333332,7.3,,
101 Dalmatians,1996,1990s,Comedy,Blockbuster,54000000.0,320689294.0,493.86906296296297,5.8,98.0,76.0
Die Hard 2,1990,1990s,Action,Blockbuster,70000000.0,240031094.0,242.90156285714284,7.2,69.0,70.0
Star Trek: The Motion Picture,1979,1970s,Science Fiction,High,35000000.0,139000000.0,297.1428571428572,6.4,41.0,42.0
Star Trek VI: The Undiscovered Country,1991,1990s,Science Fiction,High,27000000.0,96900000.0,258.8888888888889,7.3,,
Star Trek V: The Final Frontier,1989,1980s,Science Fiction,High,30000000.0,70200000.0,134.0,5.5,,
Star Trek II: The Wrath of Khan,1982,1980s,Action,Mid,12000000.0,96800000.0,706.6666666666666,7.7,88.0,90.0
Star Trek III: The Search for Spock,1984,1980s,Science Fiction,High,18000000.0,87000000.0,383.33333333333337,6.7,,
Star Trek IV: The Voyage Home,1986,1980s,Science Fiction,High,24000000.0,133000000.0,454.1666666666667,7.3,,
Batman Returns,1992,1990s,Action,Blockbuster,80000000.0,280000000.0,250.0,7.1,80.0,73.0
Young Guns,1988,1980s,Crime,Mid,13000000.0,44726644.0,244.0511076923077,6.8,41.0,76.0
Grease,1978,1970s,Romance,Low,6000000.0,181813770.0,2930.2295,7.2,75.0,87.0
Grease 2,1982,1980s,Comedy,Mid,13200000.0,15171476.0,14.935424242424242,4.6,36.0,53.0
Marked for Death,1990,1990s,Action,Mid,12000000.0,46044400.0,283.7033333333333,5.9,20.0,50.0
Under Siege,1992,1990s,Action,High,35000000.0,156563139.0,347.32325428571426,6.5,79.0,62.0
Jaws,1975,1970s,Horror,Mid,7000000.0,470654000.0,6623.628571428571,8.1,98.0,90.0
Jaws 2,1978,1970s,Horror,High,20000000.0,187884007.0,839.420035,5.8,58.0,38.0
Jaws 3-D,1983,1980s,Thriller,High,20500000.0,87987055.0,329.20514634146343,3.8,,
Mars Attacks!,1996,1990s,Comedy,Blockbuster,70000000.0,101371017.0,44.81573857142857,6.4,54.0,53.0
Citizen Ruth,1996,1990s,Drama,Low,3000000.0,153155.0,-94.89483333333332,7.0,81.0,74.0
Jerry Maguire,1996,1990s,Comedy,Blockbuster,50000000.0,273552592.0,447.105184,7.3,,
Raising Arizona,1987,1980s,Comedy,Low,6000000.0,29180280.0,386.338,7.3,91.0,85.0
Marvin's Room,1996,1990s,Drama,High,23000000.0,12803305.0,-44.33345652173913,6.7,84.0,63.0
Scream,1996,1990s,Crime,Mid,14000000.0,173046663.0,1136.047592857143,7.4,78.0,79.0
The Last of the Mohicans,1992,1990s,Action,High,40000000.0,75505856.0,88.76464,7.6,93.0,88.0
Evita,1996,1990s,History,Blockbuster,55000000.0,141047179.0,156.44941636363637,6.3,63.0,68.0
Turbulence,1997,1990s,Action,Blockbuster,55000000.0,11466088.0,-79.15256727272727,5.0,17.0,19.0
Metro,1997,1990s,Action,Blockbuster,55000000.0,31987563.0,-41.84079454545454,5.6,15.0,27.0
Dante's Peak,1997,1990s,Action,Blockbuster,116000000.0,178127760.0,53.55841379310344,6.1,26.0,38.0
Prefontaine,1997,1990s,Drama,Mid,8000000.0,589304.0,-92.6337,6.8,56.0,78.0
Absolute Power,1997,1990s,Crime,Blockbuster,50000000.0,50068310.0,0.13662,6.7,57.0,52.0
Vegas Vacation,1997,1990s,Comedy,High,25000000.0,36400360.0,45.60144,5.9,13.0,51.0
Lost Highway,1997,1990s,Drama,Mid,15000000.0,3675201.0,-75.49866,7.6,61.0,87.0
Rosewood,1997,1990s,Drama,High,30000000.0,13130349.0,-56.23217,7.2,87.0,83.0
Donnie Brasco,1997,1990s,Crime,High,35000000.0,41954997.0,19.87142,7.7,88.0,89.0
Kama Sutra - A Tale of Love,1996,1990s,Drama,Low,3000000.0,4109095.0,36.96983333333333,6.0,,
Private Parts,1997,1990s,Comedy,High,28000000.0,41230799.0,47.252853571428574,6.9,75.0,68.0
The Saint,1997,1990s,Thriller,Blockbuster,68000000.0,118063304.0,73.62250588235294,6.2,30.0,63.0
Liar Liar,1997,1990s,Comedy,Blockbuster,45000000.0,302710615.0,572.6902555555555,6.9,,
Selena,1997,1990s,Drama,High,20000000.0,60000000.0,200.0,6.9,64.0,77.0
The Devil's Own,1997,1990s,Crime,Blockbuster,90000000.0,140807547.0,56.45283,6.2,35.0,41.0
Cats Don't Dance,1997,1990s,Animation,High,32000000.0,3566637.0,-88.854259375,6.9,74.0,80.0
Turbo: A Power Rangers Movie,1997,1990s,Action,Mid,10000000.0,17979739.0,79.79739000000001,3.7,15.0,41.0
Anna Karenina,1997,1990s,Drama,High,35000000.0,791830.0,-97.73762857142856,6.3,93.0,69.0
Anaconda,1997,1990s,Adventure,Blockbuster,45000000.0,136885767.0,204.1905933333333,5.0,38.0,24.0
Austin Powers: International Man of Mystery,1997,1990s,Science Fiction,Mid,16500000.0,67683989.0,310.2059939393939,7.0,71.0,77.0
Breakdown,1997,1990s,Drama,High,36000000.0,50159144.0,39.33095555555556,7.0,81.0,67.0
The Fifth Element,1997,1990s,Adventure,Blockbuster,90000000.0,263920180.0,193.24464444444445,7.6,70.0,86.0
Love! Valour! Compassion!,1997,1990s,Drama,Low,2000000.0,2900000.0,45.0,7.0,,
The Lost World: Jurassic Park,1997,1990s,Adventure,Blockbuster,73000000.0,229074524.0,213.8007178082192,6.6,,
Con Air,1997,1990s,Action,Blockbuster,75000000.0,224012234.0,198.68297866666663,6.9,56.0,75.0
Speed 2: Cruise Control,1997,1990s,Action,Blockbuster,160000000.0,164508066.0,2.81754125,4.0,,
Squeeze,1997,1990s,Crime,Low,500000.0,10300.0,-97.94,5.9,,
Batman & Robin,1997,1990s,Action,Blockbuster,125000000.0,238207122.0,90.5656976,3.8,11.0,16.0
Hercules,1997,1990s,Animation,Blockbuster,85000000.0,252712101.0,197.30835411764707,7.3,84.0,76.0
My Best Friend's Wedding,1997,1990s,Comedy,High,38000000.0,299288605.0,687.6015921052631,6.4,73.0,73.0
Contempt,1963,1960s,Drama,Low,900000.0,528428.0,-41.285777777777774,7.4,93.0,85.0
Face/Off,1997,1990s,Action,Blockbuster,80000000.0,245676146.0,207.0951825,7.3,92.0,82.0
Men in Black,1997,1990s,Action,Blockbuster,90000000.0,589390539.0,554.8783766666667,7.3,92.0,79.0
A Simple Wish,1997,1990s,Adventure,High,28000000.0,8345056.0,-70.19622857142858,5.4,25.0,41.0
Contact,1997,1990s,Drama,Blockbuster,90000000.0,171120329.0,90.13369888888889,7.5,66.0,78.0
G.I. Jane,1997,1990s,Action,Blockbuster,50000000.0,48169156.0,-3.661688,6.1,51.0,53.0
Conan the Barbarian,1982,1980s,Adventure,High,20000000.0,79114085.0,295.570425,6.9,64.0,74.0
Cop Land,1997,1990s,Action,Mid,15000000.0,44862187.0,199.08124666666663,7.0,75.0,67.0
Event Horizon,1997,1990s,Horror,Blockbuster,60000000.0,26673242.0,-55.54459666666667,6.6,28.0,61.0
Spawn,1997,1990s,Action,High,40000000.0,87840042.0,119.600105,5.2,17.0,36.0
Air Bud,1997,1990s,Comedy,Low,3000000.0,23144499.0,671.4833,5.4,45.0,38.0
Picture Perfect,1997,1990s,Comedy,High,19000000.0,44332015.0,133.3263947368421,5.6,47.0,37.0
Conspiracy Theory,1997,1990s,Action,Blockbuster,75000000.0,136982834.0,82.64377866666666,6.7,57.0,64.0
Steel,1997,1990s,Science Fiction,Mid,16000000.0,1686429.0,-89.45981875,3.0,12.0,15.0
Mimic,1997,1990s,Fantasy,High,30000000.0,25480490.0,-15.065033333333332,6.0,,
Air Force One,1997,1990s,Action,Blockbuster,85000000.0,315156409.0,270.77224588235293,6.5,78.0,66.0
One Eight Seven,1997,1990s,Drama,High,20000000.0,5716080.0,-71.4196,6.6,30.0,67.0
The Hunt for Red October,1990,1990s,Action,High,30000000.0,199200000.0,564.0,7.5,89.0,88.0
L.A. Confidential,1997,1990s,Crime,High,35000000.0,126216940.0,260.61982857142857,8.2,99.0,94.0
Seven Years in Tibet,1997,1990s,Adventure,Blockbuster,70000000.0,131457682.0,87.79668857142858,7.1,60.0,73.0
Kiss the Girls,1997,1990s,Drama,High,27000000.0,60527873.0,124.1773074074074,6.6,31.0,62.0
Wishmaster,1997,1990s,Horror,Low,5000000.0,15719109.0,214.38218,5.9,27.0,38.0
The Game,1997,1990s,Drama,Blockbuster,50000000.0,109423648.0,118.847296,7.7,74.0,84.0
Fire Down Below,1997,1990s,Action,Blockbuster,60000000.0,16000000.0,-73.33333333333333,5.2,11.0,35.0
U Turn,1997,1990s,Thriller,High,19000000.0,6682098.0,-64.83106315789475,6.7,,
The Ice Storm,1997,1990s,Drama,High,18000000.0,8038061.0,-55.34410555555556,7.3,85.0,82.0
Chasing Amy,1997,1990s,Comedy,Low,250000.0,12021272.0,4708.5088,7.2,87.0,83.0
The Full Monty,1997,1990s,Comedy,Low,3500000.0,257850122.0,7267.146342857142,7.2,96.0,79.0
I Know What You Did Last Summer,1997,1990s,Horror,Mid,17000000.0,125586134.0,638.7419647058824,5.9,43.0,40.0
The Devil's Advocate,1997,1990s,Drama,Blockbuster,57000000.0,152944660.0,168.3239649122807,7.5,63.0,80.0
Playing God,1997,1990s,Drama,Mid,12000000.0,4000000.0,-66.66666666666666,5.6,13.0,33.0
The House of Yes,1997,1990s,Comedy,Low,1500000.0,626057.0,-58.26286666666667,6.6,62.0,77.0
Gattaca,1997,1990s,Thriller,High,36000000.0,12532777.0,-65.18673055555556,7.7,82.0,87.0
Switchback,1997,1990s,Action,High,37000000.0,6482195.0,-82.48055405405405,6.5,32.0,46.0
Stripes,1981,1980s,Action,Mid,10000000.0,85300000.0,753.0,6.8,86.0,79.0
Bean,1997,1990s,Comedy,High,18000000.0,251212670.0,1295.6259444444445,6.5,44.0,53.0
Mad City,1997,1990s,Action,Blockbuster,50000000.0,10541523.0,-78.91695399999999,6.3,36.0,42.0
One Night Stand,1997,1990s,Drama,High,24000000.0,2642983.0,-88.98757083333334,5.9,32.0,38.0
The Rainmaker,1997,1990s,Drama,High,40000000.0,45916769.0,14.791922499999998,7.2,82.0,77.0
Boogie Nights,1997,1990s,Drama,Mid,15000000.0,43101594.0,187.34396,7.9,93.0,89.0
Witness,1985,1980s,Crime,Mid,12000000.0,68706993.0,472.558275,7.3,93.0,80.0
Starship Troopers,1997,1990s,Adventure,Blockbuster,105000000.0,121214377.0,15.44226380952381,7.3,65.0,70.0
The Joy Luck Club,1993,1990s,Drama,Mid,11000000.0,32861136.0,198.7376,7.7,86.0,89.0
Sliding Doors,1998,1990s,Comedy,Low,6000000.0,58000000.0,866.6666666666666,6.7,64.0,77.0
Mortal Kombat: Annihilation,1997,1990s,Action,High,30000000.0,51376861.0,71.25620333333333,3.6,2.0,25.0
The Truman Show,1998,1990s,Comedy,Blockbuster,60000000.0,264118201.0,340.19700166666667,8.2,95.0,89.0
The Jackal,1997,1990s,Action,Blockbuster,60000000.0,159330280.0,165.5504666666667,6.4,23.0,52.0
Anastasia,1997,1990s,Animation,Blockbuster,53000000.0,139804348.0,163.7817886792453,7.2,91.0,78.0
The Man Who Knew Too Little,1997,1990s,Comedy,High,20000000.0,13801755.0,-30.991225,6.6,39.0,69.0
Alien: Resurrection,1997,1990s,Science Fiction,Blockbuster,70000000.0,162000000.0,131.42857142857142,6.2,,
Amistad,1997,1990s,Drama,High,36000000.0,74000000.0,105.55555555555556,7.3,77.0,79.0
Deconstructing Harry,1997,1990s,Comedy,High,20000000.0,10686841.0,-46.565795,7.3,,
Flubber,1997,1990s,Comedy,Blockbuster,80000000.0,177977226.0,122.4715325,5.3,24.0,33.0
For Richer or Poorer,1997,1990s,Comedy,High,35000000.0,31611225.0,-9.682214285714286,5.9,14.0,46.0
Good Will Hunting,1997,1990s,Drama,Mid,10000000.0,225933435.0,2159.33435,8.4,97.0,94.0
Home Alone 3,1997,1990s,Comedy,High,32000000.0,79082515.0,147.132859375,4.6,29.0,27.0
Midnight in the Garden of Good and Evil,1997,1990s,Crime,High,35000000.0,25105255.0,-28.2707,6.6,50.0,65.0
MouseHunt,1997,1990s,Comedy,High,38000000.0,122417389.0,222.15102368421051,6.5,,
Scream 2,1997,1990s,Horror,High,24000000.0,172363301.0,618.1804208333333,6.3,81.0,57.0
The Sweet Hereafter,1997,1990s,Drama,Low,5000000.0,3263585.0,-34.728300000000004,7.4,98.0,86.0
Titanic,1997,1990s,Drama,Blockbuster,200000000.0,1845034188.0,822.517094,8.0,91.0,66.0
Tomorrow Never Dies,1997,1990s,Adventure,Blockbuster,110000000.0,333011068.0,202.73733454545453,6.5,57.0,53.0
The Postman,1997,1990s,Drama,Blockbuster,80000000.0,17626234.0,-77.9672075,6.1,8.0,50.0
The Horse Whisperer,1998,1990s,Drama,Blockbuster,60000000.0,186883563.0,211.472605,6.7,74.0,72.0
Jackie Brown,1997,1990s,Comedy,Mid,12000000.0,39673162.0,230.6096833333333,7.5,87.0,85.0
Kundun,1997,1990s,Drama,High,28000000.0,5684789.0,-79.69718214285714,7.0,,
The Big Lebowski,1998,1990s,Comedy,Mid,15000000.0,46189568.0,207.93045333333336,8.1,83.0,93.0
Great Expectations,1998,1990s,Comedy,High,25000000.0,55494066.0,121.976264,6.8,37.0,78.0
Wag the Dog,1997,1990s,Comedy,Mid,15000000.0,64256513.0,328.37675333333334,7.1,85.0,76.0
Dark City,1998,1990s,Mystery,High,27000000.0,27200316.0,0.7419111111111111,7.5,76.0,85.0
Hard Rain,1998,1990s,Thriller,Blockbuster,70000000.0,19870567.0,-71.61347571428571,5.9,30.0,34.0
Half Baked,1998,1990s,Comedy,Mid,8000000.0,17460020.0,118.25025,6.6,29.0,81.0
Shooting Fish,1997,1990s,Crime,Low,3000000.0,302204.0,-89.92653333333334,6.5,,
Spice World,1997,1990s,Adventure,High,25000000.0,100000000.0,300.0,3.8,34.0,45.0
Deep Rising,1998,1990s,Adventure,Blockbuster,45000000.0,11203026.0,-75.10438666666667,6.1,28.0,43.0
The Replacement Killers,1998,1990s,Action,High,30000000.0,19204929.0,-35.98357,6.1,36.0,47.0
The Night Flier,1997,1990s,Mystery,Low,1000000.0,91549.0,-90.8451,6.0,,
Blues Brothers 2000,1998,1990s,Music,High,28000000.0,14051384.0,-49.81648571428571,4.9,46.0,37.0
The Wedding Singer,1998,1990s,Romance,High,18000000.0,123306987.0,585.0388166666667,6.9,68.0,80.0
Sphere,1998,1990s,Science Fiction,Blockbuster,75000000.0,13100000.0,-82.53333333333333,6.1,11.0,38.0
As Good as It Gets,1997,1990s,Comedy,Blockbuster,50000000.0,314178011.0,528.356022,7.7,85.0,86.0
King of New York,1990,1990s,Thriller,Low,1000000.0,2554476.0,155.4476,6.9,73.0,77.0
U.S. Marshals,1998,1990s,Thriller,Blockbuster,60000000.0,102367405.0,70.61234166666667,6.6,25.0,53.0
The Newton Boys,1998,1990s,Crime,High,27000000.0,76000000.0,181.4814814814815,6.1,63.0,44.0
Wild Things,1998,1990s,Thriller,High,20000000.0,67200000.0,236.0,6.6,62.0,53.0
Two Girls and a Guy,1997,1990s,Drama,Low,1000000.0,2057193.0,105.7193,5.5,51.0,41.0
The Object of My Affection,1998,1990s,Comedy,Mid,15000000.0,46905889.0,212.70592666666664,6.0,52.0,51.0
Meet the Deedles,1998,1990s,Animation,High,24000000.0,4562146.0,-80.99105833333333,4.1,,
Lost in Space,1998,1990s,Adventure,Blockbuster,80000000.0,136159423.0,70.19927875,5.2,28.0,24.0
The Spanish Prisoner,1997,1990s,Crime,Mid,10000000.0,13835130.0,38.3513,7.1,89.0,80.0
City of Angels,1998,1990s,Drama,Blockbuster,55000000.0,198685114.0,261.2456618181818,6.7,58.0,82.0
He Got Game,1998,1990s,Drama,High,25000000.0,21567853.0,-13.728588,6.9,81.0,83.0
Zero Effect,1998,1990s,Comedy,Low,5000000.0,1980338.0,-60.393240000000006,6.8,65.0,77.0
"An Alan Smithee Film: Burn, Hollywood, Burn",1998,1990s,Comedy,Mid,10000000.0,45779.0,-99.54221,3.5,8.0,14.0
Mr. Nice Guy,1997,1990s,Crime,Mid,12716953.0,18814720.0,47.94990592479189,6.2,,
Species II,1998,1990s,Science Fiction,High,35000000.0,19165560.0,-45.24125714285714,4.5,9.0,18.0
The Big Hit,1998,1990s,Action,Mid,13000000.0,27007143.0,107.74725384615384,6.1,43.0,57.0
Deep Impact,1998,1990s,Action,Blockbuster,75000000.0,140464664.0,87.28621866666667,6.3,45.0,43.0
Woo,1998,1990s,Comedy,Mid,13000000.0,8026971.0,-38.25406923076923,4.2,10.0,62.0
Quest for Camelot,1998,1990s,Fantasy,High,40000000.0,38172500.0,-4.56875,6.3,45.0,59.0
Godzilla,1998,1990s,Science Fiction,Blockbuster,130000000.0,379014294.0,191.5494569230769,5.5,15.0,28.0
Bulworth,1998,1990s,Comedy,High,30000000.0,29202884.0,-2.6570533333333333,6.8,76.0,68.0
Fear and Loathing in Las Vegas,1998,1990s,Adventure,High,18500000.0,10680275.0,-42.26878378378379,7.4,49.0,89.0
The Opposite of Sex,1998,1990s,Comedy,Low,5000000.0,5879254.0,17.58508,6.4,80.0,60.0
A Perfect Murder,1998,1990s,Crime,Blockbuster,60000000.0,128038368.0,113.39728,6.6,56.0,51.0
Six Days Seven Nights,1998,1990s,Action,Blockbuster,70000000.0,164000000.0,134.28571428571428,5.9,,
Can't Hardly Wait,1998,1990s,Comedy,Mid,10000000.0,25605015.0,156.05015,6.5,40.0,63.0
Children of Heaven,1997,1990s,Drama,Low,180000.0,900000.0,400.0,8.2,,
Mulan,1998,1990s,Animation,Blockbuster,90000000.0,304320254.0,238.1336155555556,7.7,86.0,85.0
The X Files,1998,1990s,Mystery,Blockbuster,66000000.0,189198313.0,186.6641106060606,7.0,,
Doctor Dolittle,1998,1990s,Comedy,Blockbuster,71000000.0,294456605.0,314.7276126760564,5.4,29.0,57.0
Out of Sight,1998,1990s,Romance,Blockbuster,48000000.0,77745568.0,61.96993333333334,7.0,93.0,74.0
Buffalo '66,1998,1990s,Romance,Low,1500000.0,2375097.0,58.3398,7.4,76.0,88.0
Armageddon,1998,1990s,Action,Blockbuster,140000000.0,553799566.0,295.57111857142854,6.7,38.0,73.0
Lethal Weapon 4,1998,1990s,Action,Blockbuster,140000000.0,285444603.0,103.88900214285717,6.6,54.0,64.0
Small Soldiers,1998,1990s,Comedy,High,40000000.0,54682547.0,36.7063675,6.3,48.0,45.0
Pi,1998,1990s,Mystery,Low,60000.0,3221152.0,5268.586666666667,7.3,88.0,85.0
There's Something About Mary,1998,1990s,Romance,High,23000000.0,369884651.0,1508.194134782609,7.1,83.0,61.0
The Broadway Melody,1929,1920s,Drama,Low,379000.0,4358000.0,1049.868073878628,5.5,33.0,21.0
Grand Hotel,1932,1930s,Drama,Low,700000.0,2594000.0,270.57142857142856,7.3,86.0,77.0
Cavalcade,1933,1930s,Drama,Low,1180280.0,7630000.0,546.456772969126,5.7,59.0,26.0
Mutiny on the Bounty,1935,1930s,Adventure,Low,1950000.0,4460000.0,128.71794871794873,7.6,93.0,83.0
You Can't Take It With You,1938,1930s,Comedy,Low,1644736.0,7433101.0,351.93277218957934,7.8,93.0,88.0
How Green Was My Valley,1941,1940s,Drama,Low,1250000.0,6000000.0,380.0,7.7,89.0,81.0
Mrs. Miniver,1942,1940s,Drama,Low,1344000.0,13500000.0,904.4642857142858,7.6,93.0,85.0
The Lost Weekend,1945,1940s,Drama,Low,1250000.0,11000000.0,780.0,7.9,97.0,90.0
The Best Years of Our Lives,1946,1940s,Drama,Low,2100000.0,23650000.0,1026.1904761904764,8.1,97.0,93.0
Gentleman's Agreement,1947,1940s,Drama,Low,2000000.0,7800000.0,290.0,7.2,76.0,78.0
The Greatest Show on Earth,1952,1950s,Action,Low,4000000.0,36000000.0,800.0,6.5,42.0,54.0
From Here to Eternity,1953,1950s,War,Low,1650000.0,30500000.0,1748.4848484848485,7.6,92.0,84.0
On the Waterfront,1954,1950s,Crime,Low,910000.0,9600000.0,954.945054945055,8.1,99.0,95.0
Marty,1955,1950s,Drama,Low,343000.0,3000000.0,774.6355685131196,7.6,98.0,87.0
West Side Story,1961,1960s,Crime,Low,6000000.0,43656822.0,627.6137,7.6,92.0,84.0
Tom Jones,1963,1960s,Adventure,Low,1000000.0,37600000.0,3660.0,6.4,82.0,58.0
A Man for All Seasons,1966,1960s,Drama,Low,3900000.0,28350000.0,626.9230769230769,7.7,83.0,87.0
In the Heat of the Night,1967,1960s,Crime,Low,2000000.0,27379978.0,1268.9989,7.9,95.0,92.0
Oliver!,1968,1960s,Drama,Mid,10000000.0,37402877.0,274.02877,7.4,82.0,81.0
Midnight Cowboy,1969,1960s,Drama,Low,3600000.0,44785053.0,1144.02925,7.8,88.0,88.0
The French Connection,1971,1970s,Action,Low,1800000.0,41158757.0,2186.597611111111,7.7,98.0,87.0
Rocky,1976,1970s,Drama,Low,1000000.0,117235147.0,11623.5147,8.1,94.0,69.0
Kramer vs. Kramer,1979,1970s,Drama,Mid,8000000.0,106260000.0,1228.25,7.8,88.0,89.0
Chariots of Fire,1981,1980s,Drama,Low,5500000.0,58972904.0,972.2346181818182,7.1,82.0,80.0
Out of Africa,1985,1980s,Drama,High,31000000.0,128499205.0,314.51356451612907,7.2,59.0,83.0
The Last Emperor,1987,1980s,Drama,High,23000000.0,43984230.0,91.23578260869564,7.7,89.0,88.0
Rain Man,1988,1980s,Drama,High,25000000.0,412800000.0,1551.2,8.0,89.0,90.0
Driving Miss Daisy,1989,1980s,Comedy,Mid,7500000.0,145793296.0,1843.9106133333328,7.3,,
Repo Man,1984,1980s,Comedy,Low,1500000.0,2300000.0,53.333333333333336,6.8,98.0,78.0
Labyrinth,1986,1980s,Adventure,High,25000000.0,12729917.0,-49.080332,7.3,72.0,86.0
The Breakfast Club,1985,1980s,Comedy,Low,1000000.0,51525171.0,5052.5171,7.8,89.0,92.0
A Nightmare on Elm Street Part 2: Freddy's Revenge,1985,1980s,Horror,Low,3000000.0,29999213.0,899.9737666666666,5.5,,
A Nightmare on Elm Street 3: Dream Warriors,1987,1980s,Horror,Low,5000000.0,44793222.0,795.86444,6.7,72.0,68.0
A Nightmare on Elm Street 4: The Dream Master,1988,1980s,Horror,Mid,7000000.0,72500000.0,935.7142857142858,5.6,53.0,43.0
A Nightmare on Elm Street 5: The Dream Child,1989,1980s,Horror,Mid,8000000.0,22168359.0,177.1044875,5.0,31.0,32.0
Freddy's Dead: The Final Nightmare,1991,1990s,Horror,Mid,11000000.0,34872033.0,217.0184818181818,4.7,19.0,33.0
Friday the 13th,1980,1980s,Horror,Low,550000.0,59754601.0,10764.47290909091,6.4,64.0,61.0
Friday the 13th Part 2,1981,1980s,Horror,Low,1250000.0,21722776.0,1637.82208,6.1,27.0,48.0
Friday the 13th Part III,1982,1980s,Horror,Low,4000000.0,36690067.0,817.251675,5.6,,
Friday the 13th: The Final Chapter,1984,1980s,Horror,Low,2600000.0,32980880.0,1168.4953846153846,6.0,,
Friday the 13th: A New Beginning,1985,1980s,Horror,Low,2200000.0,21930418.0,896.8371818181819,4.8,,
Friday the 13th Part VI: Jason Lives,1986,1980s,Horror,Low,3000000.0,19472057.0,549.0685666666667,6.0,,
Friday the 13th Part VII: The New Blood,1988,1980s,Horror,Low,2800000.0,19170001.0,584.6428928571428,5.2,,
Friday the 13th Part VIII: Jason Takes Manhattan,1989,1980s,Horror,Low,5000000.0,14000000.0,180.0,4.5,,
Halloween,1978,1970s,Horror,Low,300000.0,70000000.0,23233.333333333336,7.7,96.0,89.0
Halloween II,1981,1980s,Horror,Low,2500000.0,25533818.0,921.35272,6.5,32.0,63.0
Halloween III: Season of the Witch,1982,1980s,Horror,Low,2500000.0,14400000.0,476.0,5.2,41.0,27.0
Halloween 4: The Return of Michael Myers,1988,1980s,Horror,Low,5000000.0,17768757.0,255.37514,5.8,29.0,53.0
Halloween 5: The Revenge of Michael Myers,1989,1980s,Horror,Low,5000000.0,11642254.0,132.84508,4.9,13.0,37.0
Prom Night,1980,1980s,Horror,Low,1000000.0,14796236.0,1379.6236,5.3,48.0,35.0
Child's Play,1988,1980s,Horror,Mid,9000000.0,44196684.0,391.0742666666667,6.7,71.0,63.0
Child's Play 2,1990,1990s,Drama,Mid,13000000.0,35763605.0,175.10465384615387,6.0,44.0,47.0
Child's Play 3,1991,1990s,Thriller,Mid,13000000.0,20560255.0,58.15580769230769,5.2,29.0,33.0
Poltergeist,1982,1980s,Horror,Mid,10700000.0,122200000.0,1042.056074766355,7.3,86.0,79.0
Poltergeist II: The Other Side,1986,1980s,Horror,High,19000000.0,40996665.0,115.77192105263158,5.7,,
Poltergeist III,1988,1980s,Horror,Mid,10500000.0,14144000.0,34.7047619047619,4.7,17.0,22.0
The Exorcist,1973,1970s,Drama,Mid,8000000.0,441306145.0,5416.3268125,8.1,83.0,87.0
Exorcist II: The Heretic,1977,1970s,Horror,Mid,14000000.0,30749142.0,119.63672857142858,3.8,15.0,13.0
Lethal Weapon,1987,1980s,Adventure,Mid,15000000.0,120207127.0,701.3808466666666,7.6,81.0,86.0
Lethal Weapon 2,1989,1980s,Action,High,25000000.0,227853986.0,811.415944,7.3,82.0,77.0
Lethal Weapon 3,1992,1990s,Adventure,High,35000000.0,321731527.0,819.2329342857142,6.7,60.0,61.0
Gremlins,1984,1980s,Fantasy,Mid,11000000.0,153083102.0,1291.6645636363637,7.3,85.0,78.0
Gremlins 2: The New Batch,1990,1990s,Comedy,Blockbuster,50000000.0,41482207.0,-17.035586,6.5,71.0,57.0
The Goonies,1985,1980s,Adventure,High,19000000.0,61503218.0,223.70114736842103,7.7,76.0,91.0
The Mask of Zorro,1998,1990s,Action,Blockbuster,95000000.0,250288523.0,163.46160315789473,6.8,82.0,72.0
Metropolis,1927,1920s,Drama,Blockbuster,92620000.0,650422.0,-99.29775210537682,8.2,97.0,92.0
Back to the Future Part II,1989,1980s,Adventure,High,40000000.0,332000000.0,730.0,7.8,66.0,85.0
Back to the Future Part III,1990,1990s,Adventure,High,40000000.0,244527583.0,511.3189575,7.5,80.0,78.0
The Poseidon Adventure,1972,1970s,Action,Low,5000000.0,84563118.0,1591.26236,7.1,80.0,75.0
Bambi,1942,1940s,Animation,Low,858000.0,267447150.0,31070.996503496503,7.3,90.0,73.0
Seven Samurai,1954,1950s,Action,Low,2000000.0,271841.0,-86.40795,8.6,,
Dangerous Liaisons,1988,1980s,Drama,Mid,14000000.0,34670720.0,147.648,7.5,93.0,83.0
Dune,1984,1980s,Action,High,40000000.0,30925690.0,-22.685775,6.2,53.0,66.0
The Last Temptation of Christ,1988,1980s,Drama,Mid,7000000.0,8373585.0,19.622642857142857,7.5,81.0,84.0
The Godfather: Part III,1990,1990s,Crime,Blockbuster,54000000.0,136766062.0,153.27048518518518,7.5,,
The Rapture,1991,1990s,Mystery,Low,1227401.0,1277401.0,4.073648302388543,6.3,67.0,62.0
Lolita,1997,1990s,Drama,Blockbuster,62000000.0,1060056.0,-98.29023225806452,6.8,91.0,84.0
Disturbing Behavior,1998,1990s,Mystery,Mid,15000000.0,17507368.0,16.715786666666666,5.7,34.0,39.0
Jane Austen's Mafia!,1998,1990s,Comedy,Mid,10000000.0,19000000.0,90.0,5.6,,
Saving Private Ryan,1998,1990s,Drama,Blockbuster,70000000.0,481840909.0,588.3441557142858,8.6,93.0,95.0
The Black Cauldron,1985,1980s,Animation,High,25000000.0,21288692.0,-14.845232,6.3,53.0,48.0
The Black Hole,1979,1970s,Adventure,High,20000000.0,35841901.0,79.20950500000001,5.9,38.0,45.0
Cheetah,1989,1980s,Drama,Low,5000000.0,8153677.0,63.07354,5.9,50.0,57.0
The Great Mouse Detective,1986,1980s,Comedy,Mid,14000000.0,38625550.0,175.8967857142857,7.1,80.0,79.0
Hocus Pocus,1993,1990s,Comedy,High,28000000.0,39514713.0,41.123975,6.9,37.0,71.0
Honey I Blew Up the Kid,1992,1990s,Adventure,High,40000000.0,58662452.0,46.656130000000005,4.9,,
"Honey, I Shrunk the Kids",1989,1980s,Adventure,High,32000000.0,222724172.0,596.0130375,6.4,76.0,54.0
The Negotiator,1998,1990s,Action,Blockbuster,50000000.0,44547681.0,-10.904638,7.3,74.0,79.0
Roger & Me,1989,1980s,Documentary,Low,160000.0,6706368.0,4091.48,7.5,100.0,79.0
The Purple Rose of Cairo,1985,1980s,Fantasy,Mid,15000000.0,10631333.0,-29.124446666666664,7.6,92.0,88.0
Doctor Zhivago,1965,1960s,Drama,Mid,11000000.0,111858363.0,916.8942090909092,7.9,84.0,88.0
The 'Burbs,1989,1980s,Comedy,High,18000000.0,36602000.0,103.34444444444443,6.8,53.0,71.0
Blue Velvet,1986,1980s,Crime,Low,6000000.0,8551228.0,42.52046666666666,7.7,94.0,88.0
The Jungle Book,1967,1960s,Family,Low,4000000.0,205843612.0,5046.0903,7.6,88.0,82.0
The Little Mermaid,1989,1980s,Animation,High,40000000.0,222300000.0,455.75,7.6,93.0,88.0
The Mighty Ducks,1992,1990s,Comedy,Mid,10000000.0,50752337.0,407.52337,6.6,23.0,65.0
One Hundred and One Dalmatians,1961,1960s,Adventure,Low,4000000.0,215880014.0,5297.000349999999,7.3,,
Peter Pan,1953,1950s,Animation,Low,4000000.0,87404651.0,2085.116275,7.2,81.0,80.0
The Rescuers Down Under,1990,1990s,Adventure,High,37931000.0,47431461.0,25.046692678811528,6.8,70.0,68.0
The Rescuers,1977,1970s,Fantasy,Low,1200000.0,71215869.0,5834.65575,6.9,81.0,68.0
Return to Oz,1985,1980s,Adventure,High,25000000.0,11137801.0,-55.448796,6.7,53.0,71.0
The Rocketeer,1991,1990s,Action,Blockbuster,42000000.0,62000000.0,47.61904761904761,6.6,65.0,65.0
Sleeping Beauty,1959,1950s,Fantasy,Low,6000000.0,51000000.0,750.0,7.2,89.0,80.0
Something Wicked This Way Comes,1983,1980s,Fantasy,High,19000000.0,5656087.0,-70.23112105263158,6.7,,
Splash,1984,1980s,Comedy,Mid,8000000.0,69821334.0,772.766675,6.3,,
Tron,1982,1980s,Science Fiction,Mid,17000000.0,33000000.0,94.11764705882352,6.7,72.0,69.0
Halloween: H20,1998,1990s,Horror,Mid,17000000.0,55041738.0,223.7749294117647,5.8,,
Graveyard Shift,1990,1990s,Drama,Mid,10500000.0,11582891.0,10.31324761904762,5.0,,
The Outsiders,1983,1980s,Crime,Mid,10000000.0,33697647.0,236.97647,7.0,63.0,82.0
Indiana Jones and the Temple of Doom,1984,1980s,Adventure,High,28000000.0,333000000.0,1089.2857142857142,7.5,84.0,81.0
The Lord of the Rings,1978,1970s,Fantasy,Low,4000000.0,30471420.0,661.7855,6.2,52.0,64.0
The Dead Zone,1983,1980s,Horror,Mid,10000000.0,20766616.0,107.66616,7.2,89.0,77.0
Maximum Overdrive,1986,1980s,Action,Mid,10000000.0,7433663.0,-25.66337,5.4,15.0,49.0
Cujo,1983,1980s,Horror,Low,5000000.0,21200000.0,324.0,6.1,63.0,45.0
Children of the Corn,1984,1980s,Drama,Low,800000.0,14000000.0,1650.0,5.6,35.0,40.0
All Dogs Go to Heaven,1989,1980s,Drama,Mid,13800000.0,27100027.0,96.3770072463768,6.8,44.0,63.0
The Addams Family,1991,1990s,Horror,High,30000000.0,191502426.0,538.34142,7.0,64.0,66.0
Ever After: A Cinderella Story,1998,1990s,Drama,High,26000000.0,65705772.0,152.7145076923077,7.1,91.0,84.0
Snake Eyes,1998,1990s,Crime,Blockbuster,73000000.0,103891409.0,42.316998630136986,6.2,41.0,35.0
"First Love, Last Rites",1998,1990s,Drama,Low,300000.0,40542.0,-86.48599999999999,5.6,,
Atlantic City,1980,1980s,Crime,Mid,7200000.0,12729678.0,76.80108333333334,7.3,100.0,77.0
Who's Afraid of Virginia Woolf?,1966,1960s,Drama,Mid,7500000.0,33736689.0,349.82252,8.0,95.0,91.0
Doctor Dolittle,1967,1960s,Adventure,High,18000000.0,9000000.0,-50.0,6.2,29.0,57.0
Watership Down,1978,1970s,Adventure,Low,1000000.0,3713768.0,271.3768,7.5,82.0,86.0
The Secret of NIMH,1982,1980s,Fantasy,Mid,7000000.0,14665733.0,109.51047142857142,7.5,93.0,85.0
The Dark Crystal,1982,1980s,Fantasy,Mid,15000000.0,40577001.0,170.51334,7.1,79.0,81.0
An American Tail,1986,1980s,Drama,Mid,9000000.0,84542002.0,839.3555777777777,6.9,71.0,71.0
Legend,1985,1980s,Adventure,High,25000000.0,15502112.0,-37.991552,6.3,38.0,73.0
Sixteen Candles,1984,1980s,Comedy,Mid,6500000.0,23686027.0,264.40041538461537,7.0,84.0,85.0
The Gods Must Be Crazy,1980,1980s,Action,Low,5000000.0,60000000.0,1100.0,7.3,85.0,84.0
The Avengers,1998,1990s,Thriller,Blockbuster,60000000.0,48585416.0,-19.024306666666664,3.8,5.0,15.0
How Stella Got Her Groove Back,1998,1990s,Comedy,High,20000000.0,37672350.0,88.36175,5.8,50.0,66.0
Rosemary's Baby,1968,1960s,Horror,Low,3200000.0,33395426.0,943.6070625,8.0,96.0,87.0
The NeverEnding Story,1984,1980s,Drama,High,27000000.0,20158808.0,-25.337748148148147,7.3,80.0,81.0
The Neverending Story II: The Next Chapter,1990,1990s,Drama,High,32000000.0,16283667.0,-49.113540625,5.1,14.0,40.0
Your Friends & Neighbors,1998,1990s,Drama,Low,5000000.0,4710749.0,-5.785019999999999,6.3,77.0,64.0
Blade,1998,1990s,Horror,Blockbuster,45000000.0,131183530.0,191.51895555555555,7.1,56.0,78.0
Beetlejuice,1988,1980s,Fantasy,Mid,15000000.0,73326666.0,388.84444,7.4,85.0,82.0
Rope,1948,1940s,Crime,Low,1500000.0,2200000.0,46.66666666666666,7.9,94.0,90.0
Family Plot,1976,1970s,Comedy,Low,2000000.0,7900000.0,295.0,6.8,92.0,62.0
Frenzy,1972,1970s,Crime,Low,3500000.0,12600000.0,260.0,7.4,90.0,77.0
Topaz,1969,1960s,Action,Low,4000000.0,6000000.0,50.0,6.2,71.0,36.0
Torn Curtain,1966,1960s,Mystery,Low,3000000.0,13000000.0,333.33333333333337,6.6,67.0,53.0
Marnie,1964,1960s,Crime,Low,2135161.0,7000000.0,227.8441297869341,7.1,83.0,73.0
The Wrong Man,1956,1950s,Crime,Low,1200000.0,2000000.0,66.66666666666666,7.4,92.0,75.0
The Man Who Knew Too Much,1956,1950s,Adventure,Low,2500000.0,10250000.0,310.0,7.4,88.0,68.0
The Trouble with Harry,1955,1950s,Comedy,Low,1200000.0,7000000.0,483.3333333333333,7.0,90.0,73.0
Strangers on a Train,1951,1950s,Crime,Low,1200000.0,7000000.0,483.3333333333333,7.9,,
54,1998,1990s,Music,Mid,13000000.0,16757163.0,28.90125384615385,5.9,17.0,43.0
Willow,1988,1980s,Adventure,High,35000000.0,57269863.0,63.62818,7.2,51.0,79.0
The Untouchables,1987,1980s,Crime,High,25000000.0,76270454.0,205.081816,7.8,82.0,89.0
Suspicion,1941,1940s,Mystery,Low,1103000.0,4500000.0,307.97824116047144,7.2,97.0,78.0
Rounders,1998,1990s,Drama,Mid,12000000.0,22921898.0,91.01581666666668,7.3,65.0,87.0
Cube,1997,1990s,Thriller,Low,250000.0,501818.0,100.7272,7.1,63.0,76.0
Simon Birch,1998,1990s,Comedy,High,20000000.0,18253415.0,-8.732925,6.8,44.0,77.0
Without Limits,1998,1990s,Drama,High,25000000.0,777423.0,-96.890308,7.2,79.0,91.0
Broadcast News,1987,1980s,Comedy,High,20000000.0,51249404.0,156.24702,7.3,98.0,79.0
Working Girl,1988,1980s,Comedy,High,28000000.0,103173635.0,268.47726785714286,6.8,84.0,67.0
Married to the Mob,1988,1980s,Comedy,Mid,10000000.0,21486757.0,114.86757,6.3,89.0,48.0
Parasite,1982,1980s,Horror,Low,800000.0,7000000.0,775.0,4.1,18.0,14.0
Nothing but Trouble,1991,1990s,Comedy,High,40000000.0,8479793.0,-78.8005175,5.2,5.0,47.0
A Few Good Men,1992,1990s,Drama,High,40000000.0,243240178.0,508.100445,7.7,83.0,89.0
Indecent Proposal,1993,1990s,Drama,High,38000000.0,266614059.0,601.6159447368422,6.0,35.0,47.0
Rush Hour,1998,1990s,Action,High,33000000.0,244386864.0,640.5662545454545,7.1,61.0,78.0
Six-String Samurai,1998,1990s,Action,Low,2000000.0,124494.0,-93.7753,6.4,,
Ronin,1998,1990s,Action,Blockbuster,55000000.0,41610884.0,-24.343847272727277,7.2,68.0,80.0
Urban Legend,1998,1990s,Horror,Mid,14000000.0,72527595.0,418.05425,5.6,21.0,37.0
The Sheltering Sky,1990,1990s,Adventure,High,25000000.0,2075084.0,-91.699664,6.7,50.0,79.0
The Thing,1982,1980s,Horror,Mid,15000000.0,19629760.0,30.865066666666667,8.2,85.0,92.0
The Player,1992,1990s,Comedy,Mid,8000000.0,21706101.0,171.3262625,7.5,,
Stardust Memories,1980,1980s,Comedy,Mid,10000000.0,10389003.0,3.89003,7.2,68.0,78.0
Edward Scissorhands,1990,1990s,Fantasy,High,20000000.0,53000000.0,165.0,7.8,90.0,91.0
Antz,1998,1990s,Adventure,Blockbuster,60000000.0,171757863.0,186.263105,6.5,92.0,52.0
A Night at the Roxbury,1998,1990s,Comedy,Mid,17000000.0,30331165.0,78.41861764705882,6.2,11.0,69.0
What Dreams May Come,1998,1990s,Drama,Blockbuster,85000000.0,71485043.0,-15.899949411764704,7.0,54.0,84.0
Strangeland,1998,1990s,Horror,Low,1100000.0,631221.0,-42.61627272727272,5.1,6.0,63.0
History of the World: Part I,1981,1980s,Comedy,Mid,11000000.0,31672907.0,187.93551818181817,6.8,,
My Cousin Vinny,1992,1990s,Comedy,Mid,11000000.0,64088552.0,482.6232,7.6,86.0,87.0
2010,1984,1980s,Thriller,High,28000000.0,40400657.0,44.28806071428571,6.7,66.0,61.0
The Elephant Man,1980,1980s,Drama,Low,5000000.0,26010864.0,420.21728,8.2,92.0,93.0
Bride of Chucky,1998,1990s,Horror,High,25000000.0,50671850.0,102.6874,5.7,46.0,46.0
Practical Magic,1998,1990s,Drama,Blockbuster,75000000.0,46683377.0,-37.75549733333333,6.4,22.0,73.0
Happiness,1998,1990s,Comedy,Low,3000000.0,2807390.0,-6.420333333333334,7.7,81.0,89.0
Soldier,1998,1990s,Action,Blockbuster,75000000.0,14567883.0,-80.576156,6.1,13.0,44.0
Life Is Beautiful,1997,1990s,Comedy,High,20000000.0,229400000.0,1047.0,8.6,,
Tales from the Darkside: The Movie,1990,1990s,Thriller,Low,3500000.0,16324573.0,366.4163714285714,6.2,43.0,44.0
American History X,1998,1990s,Drama,High,20000000.0,23875127.0,19.375635,8.5,83.0,96.0
Living Out Loud,1998,1990s,Comedy,Mid,12000000.0,12902790.0,7.523249999999999,6.5,59.0,63.0
Gods and Monsters,1998,1990s,Drama,Mid,10000000.0,6451628.0,-35.483720000000005,7.3,95.0,83.0
The Siege,1998,1990s,Drama,Blockbuster,70000000.0,116672912.0,66.67558857142856,6.4,44.0,53.0
The Waterboy,1998,1990s,Comedy,High,23000000.0,185991646.0,708.6593304347825,6.2,34.0,71.0
Elizabeth,1998,1990s,Drama,High,30000000.0,82150642.0,173.83547333333334,7.4,82.0,86.0
I Still Know What You Did Last Summer,1998,1990s,Horror,Blockbuster,65000000.0,40002112.0,-38.45828923076923,4.8,7.0,29.0
Meet Joe Black,1998,1990s,Fantasy,Blockbuster,90000000.0,142940100.0,58.82233333333333,7.2,45.0,81.0
Runaway Train,1985,1980s,Action,Mid,9000000.0,7936012.0,-11.822088888888889,7.2,85.0,76.0
Sid & Nancy,1986,1980s,Drama,Low,4000000.0,2826523.0,-29.336925,7.0,,
Enemy of the State,1998,1990s,Action,Blockbuster,90000000.0,250649836.0,178.49981777777776,7.3,72.0,78.0
The Rugrats Movie,1998,1990s,Animation,High,30000000.0,100491683.0,234.97227666666663,5.9,59.0,50.0
A Bug's Life,1998,1990s,Adventure,Blockbuster,120000000.0,363258859.0,202.71571583333332,7.2,92.0,73.0
Central Station,1998,1990s,Drama,Low,2900000.0,5596708.0,92.98993103448277,8.0,,
Pink Flamingos,1972,1970s,Horror,Low,12000.0,6000000.0,49900.0,6.0,,
Godzilla 1985,1984,1980s,Action,Low,2000000.0,4100000.0,105.0,6.1,,
King Kong,1933,1930s,Action,Low,672000.0,10000000.0,1388.095238095238,7.9,98.0,86.0
King Kong,1976,1970s,Adventure,High,23000000.0,90614445.0,293.9758478260869,6.0,98.0,86.0
King Kong Lives,1986,1980s,Action,Mid,10000000.0,4711220.0,-52.8878,4.0,,
Desperately Seeking Susan,1985,1980s,Comedy,Low,5000000.0,27400000.0,448.00000000000006,6.2,83.0,62.0
Fletch,1985,1980s,Comedy,Mid,8000000.0,59612888.0,645.1611,6.9,77.0,81.0
Fletch Lives,1989,1980s,Comedy,Mid,8045760.0,35150960.0,336.88800063636,6.1,37.0,54.0
Red Sonja,1985,1980s,Adventure,High,17900000.0,6948633.0,-61.180821229050274,5.1,15.0,28.0
The Money Pit,1986,1980s,Comedy,Mid,10000000.0,54999651.0,449.99651,6.4,48.0,58.0
A View to a Kill,1985,1980s,Adventure,High,30000000.0,152427960.0,408.0932,6.3,38.0,40.0
Police Academy,1984,1980s,Comedy,Low,4500000.0,146198896.0,3148.8643555555554,6.7,54.0,64.0
Babe: Pig in the City,1998,1990s,Adventure,Blockbuster,90000000.0,69131860.0,-23.186822222222226,5.9,65.0,41.0
Home Fries,1998,1990s,Drama,Mid,15000000.0,10443316.0,-30.377893333333333,5.2,31.0,33.0
Ringmaster,1998,1990s,Comedy,Low,3500000.0,9247881.0,164.22517142857143,3.4,21.0,18.0
Very Bad Things,1998,1990s,Comedy,High,30000000.0,9898412.0,-67.00529333333334,6.3,41.0,58.0
Psycho,1998,1990s,Horror,Blockbuster,60000000.0,37141130.0,-38.09811666666666,4.6,38.0,28.0
Star Trek: Insurrection,1998,1990s,Science Fiction,Blockbuster,70000000.0,118000000.0,68.57142857142857,6.4,54.0,44.0
The Prince of Egypt,1998,1990s,Adventure,Blockbuster,70000000.0,218613188.0,212.30455428571423,7.2,80.0,76.0
Rushmore,1998,1990s,Comedy,Mid,9000000.0,17096053.0,89.95614444444445,7.6,89.0,91.0
Shakespeare in Love,1998,1990s,Romance,High,25000000.0,289317794.0,1057.271176,7.1,92.0,80.0
Santa Claus: The Movie,1985,1980s,Family,Blockbuster,50000000.0,23717291.0,-52.565418,6.3,20.0,66.0
Rambo: First Blood Part II,1985,1980s,Action,Blockbuster,44000000.0,300400432.0,582.7282545454545,6.5,35.0,60.0
First Blood,1982,1980s,Action,Mid,15000000.0,125212904.0,734.7526933333334,7.7,85.0,85.0
Rambo III,1988,1980s,Action,Blockbuster,63000000.0,189015611.0,200.02477936507935,5.8,39.0,45.0
The Jewel of the Nile,1985,1980s,Action,High,25000000.0,96773200.0,287.0928,6.1,48.0,37.0
Romancing the Stone,1984,1980s,Action,Mid,10000000.0,86572238.0,765.7223799999999,6.9,85.0,69.0
Cocoon: The Return,1988,1980s,Comedy,High,17500000.0,25024919.0,42.99953714285714,5.4,33.0,35.0
Rocky II,1979,1970s,Drama,Mid,7000000.0,200182160.0,2759.745142857143,7.3,71.0,82.0
Rocky III,1982,1980s,Drama,Mid,17000000.0,270000000.0,1488.235294117647,6.9,63.0,74.0
Rocky IV,1985,1980s,Drama,High,31000000.0,300473716.0,869.2700516129031,6.9,40.0,79.0
Rocky V,1990,1990s,Drama,Blockbuster,42000000.0,119946358.0,185.58656666666667,5.4,29.0,31.0
Clue,1985,1980s,Comedy,Mid,15000000.0,14643997.0,-2.373353333333333,7.3,65.0,86.0
The Karate Kid,1984,1980s,Drama,Mid,8000000.0,90815558.0,1035.194475,7.3,89.0,82.0
National Lampoon's Christmas Vacation,1989,1980s,Comedy,High,27000000.0,71320000.0,164.14814814814815,7.5,67.0,86.0
You've Got Mail,1998,1990s,Comedy,Blockbuster,65000000.0,250821495.0,285.87922307692304,6.7,70.0,73.0
The Thin Red Line,1998,1990s,Drama,Blockbuster,52000000.0,98126565.0,88.7049326923077,7.6,80.0,80.0
The Faculty,1998,1990s,Horror,Mid,15000000.0,40283321.0,168.55547333333334,6.6,52.0,55.0
Patch Adams,1998,1990s,Comedy,Blockbuster,50000000.0,202292902.0,304.585804,6.9,22.0,73.0
A Civil Action,1998,1990s,Drama,Blockbuster,70000000.0,56702901.0,-18.995855714285717,6.6,61.0,55.0
Tea with Mussolini,1999,1990s,Comedy,Mid,12000000.0,21001563.0,75.013025,6.9,,
Affliction,1997,1990s,Drama,Low,6000000.0,6330054.0,5.500900000000001,6.9,88.0,71.0
Playing by Heart,1998,1990s,Drama,High,20000000.0,3970078.0,-80.14961000000001,6.9,60.0,79.0
Virus,1999,1990s,Horror,Blockbuster,75000000.0,14010690.0,-81.31908,5.1,12.0,21.0
Howard the Duck,1986,1980s,Comedy,High,37000000.0,37962774.0,2.602091891891892,4.8,14.0,38.0
The Fly,1958,1950s,Drama,Low,700000.0,3000000.0,328.57142857142856,7.1,95.0,70.0
The Fly,1986,1980s,Horror,Mid,15000000.0,60629159.0,304.1943933333333,7.6,95.0,70.0
Armed and Dangerous,1986,1980s,Action,Mid,12000000.0,15945534.0,32.87945,5.8,10.0,39.0
The Texas Chain Saw Massacre,1974,1970s,Horror,Low,85000.0,30859000.0,36204.705882352944,7.4,,
The Texas Chainsaw Massacre 2,1986,1980s,Horror,Low,4700000.0,8025872.0,70.7632340425532,5.6,47.0,44.0
Texas Chainsaw Massacre: The Next Generation,1994,1990s,Horror,Low,600000.0,185898.0,-69.017,3.4,14.0,18.0
The Name of the Rose,1986,1980s,Drama,High,20000000.0,77200000.0,286.0,7.7,,
Peggy Sue Got Married,1986,1980s,Comedy,High,18000000.0,41382841.0,129.90467222222222,6.4,86.0,55.0
Crocodile Dundee,1986,1980s,Adventure,Low,5000000.0,328203506.0,6464.070119999999,6.7,88.0,59.0
The Color of Money,1986,1980s,Drama,Mid,13800000.0,52293982.0,278.94189855072466,7.0,89.0,73.0
Heartbreak Ridge,1986,1980s,Action,Mid,15000000.0,42724017.0,184.82678,6.8,73.0,74.0
She's All That,1999,1990s,Comedy,Mid,10000000.0,103166989.0,931.66989,6.0,41.0,55.0
Peeping Tom,1960,1960s,Horror,Low,150000.0,83957.0,-44.028666666666666,7.6,96.0,85.0
Payback,1999,1990s,Drama,Blockbuster,90000000.0,161626121.0,79.58457888888888,7.0,55.0,69.0
Simply Irresistible,1999,1990s,Comedy,Low,6000000.0,4398989.0,-26.68351666666667,5.2,16.0,54.0
Blast from the Past,1999,1990s,Comedy,High,35000000.0,40263020.0,15.0372,6.7,58.0,56.0
Message in a Bottle,1999,1990s,Romance,Blockbuster,80000000.0,118880016.0,48.60002,6.3,32.0,66.0
My Favorite Martian,1999,1990s,Comedy,Blockbuster,65000000.0,36850101.0,-43.30753692307693,5.1,12.0,30.0
Jawbreaker,1999,1990s,Comedy,Low,3000000.0,3076820.0,2.560666666666666,5.8,11.0,55.0
Office Space,1999,1990s,Comedy,Mid,10000000.0,12827813.0,28.27813,7.6,80.0,93.0
200 Cigarettes,1999,1990s,Comedy,Low,6000000.0,6852450.0,14.2075,6.0,,
8MM,1999,1990s,Thriller,High,40000000.0,96618699.0,141.5467475,6.6,21.0,52.0
Pet Sematary,1989,1980s,Drama,Mid,11500000.0,57469467.0,399.7344956521739,6.5,51.0,59.0
Pet Sematary II,1992,1990s,Horror,Mid,8000000.0,17092453.0,113.6556625,5.0,,
Children of the Corn II: The Final Sacrifice,1993,1990s,Horror,Low,900000.0,6980986.0,675.6651111111112,4.4,22.0,20.0
Airport,1970,1970s,Action,Mid,10000000.0,100489151.0,904.89151,6.6,73.0,53.0
Airport 1975,1974,1970s,Action,Low,3000000.0,47000000.0,1466.6666666666663,5.8,25.0,37.0
Airport '77,1977,1970s,Action,Low,6000000.0,30000000.0,400.0,5.8,33.0,33.0
The Towering Inferno,1974,1970s,Action,Mid,14000000.0,116000000.0,728.5714285714286,7.0,69.0,72.0
Logan's Run,1976,1970s,Adventure,Mid,9000000.0,25000000.0,177.77777777777777,6.8,62.0,67.0
Planet of the Apes,1968,1960s,Science Fiction,Low,5800000.0,33395426.0,475.78320689655175,8.0,87.0,87.0
Beneath the Planet of the Apes,1970,1970s,Adventure,Low,3000000.0,18999718.0,533.3239333333333,6.0,38.0,38.0
Battle for the Planet of the Apes,1973,1970s,Action,Low,1700000.0,8844595.0,420.27029411764704,5.4,36.0,30.0
Conquest of the Planet of the Apes,1972,1970s,Action,Low,1700000.0,9700000.0,470.5882352941177,6.1,50.0,46.0
Escape from the Planet of the Apes,1971,1970s,Action,Low,2500000.0,12348905.0,393.9562,6.3,77.0,53.0
Earthquake,1974,1970s,Action,Mid,7000000.0,79666653.0,1038.095042857143,6.0,42.0,35.0
The Concorde... Airport '79,1979,1970s,Action,Mid,14000000.0,13015688.0,-7.030799999999999,4.5,,
Analyze This,1999,1990s,Comedy,Blockbuster,80000000.0,176885658.0,121.1070725,6.7,69.0,62.0
The Corruptor,1999,1990s,Action,High,25000000.0,15156200.0,-39.3752,6.1,48.0,43.0
Cruel Intentions,1999,1990s,Drama,Mid,10500000.0,75902208.0,622.8781714285715,6.8,54.0,81.0
"Lock, Stock and Two Smoking Barrels",1998,1990s,Comedy,Low,1350000.0,3897569.0,188.7088148148148,8.1,75.0,93.0
The Deep End of the Ocean,1999,1990s,Drama,High,38000000.0,28121100.0,-25.99710526315789,6.3,43.0,59.0
The Rage: Carrie 2,1999,1990s,Horror,High,21000000.0,17762705.0,-15.415690476190475,4.8,19.0,33.0
Dead Ringers,1988,1980s,Drama,Mid,13000000.0,8038508.0,-38.16532307692307,7.2,83.0,82.0
Baby Geniuses,1999,1990s,Science Fiction,Mid,12000000.0,36450736.0,203.7561333333333,2.6,2.0,24.0
Forces of Nature,1999,1990s,Romance,Blockbuster,75000000.0,93888180.0,25.184240000000003,5.5,45.0,35.0
The King and I,1999,1990s,Animation,High,25000000.0,12000000.0,-52.0,4.4,96.0,83.0
The King and I,1956,1950s,Drama,Low,4550000.0,21300000.0,368.1318681318681,7.4,96.0,83.0
The Mod Squad,1999,1990s,Action,Blockbuster,50000000.0,13260050.0,-73.4799,4.4,3.0,17.0
The Matrix,1999,1990s,Action,Blockbuster,63000000.0,463517383.0,635.7418777777779,8.7,88.0,85.0
10 Things I Hate About You,1999,1990s,Comedy,Mid,16000000.0,53478166.0,234.2385375,7.4,69.0,69.0
The Out-of-Towners,1999,1990s,Comedy,Blockbuster,75000000.0,29000000.0,-61.33333333333333,5.5,63.0,69.0
Go,1999,1990s,Crime,Mid,6500000.0,28451622.0,337.7172615384616,7.2,91.0,78.0
Never Been Kissed,1999,1990s,Romance,High,25000000.0,84565230.0,238.26092,6.0,55.0,69.0
Twin Dragons,1992,1990s,Comedy,Mid,10000000.0,8359717.0,-16.402829999999998,6.4,,
Cookie's Fortune,1999,1990s,Comedy,Mid,10000000.0,10920544.0,9.20544,6.8,86.0,65.0
Life,1999,1990s,Comedy,Blockbuster,80000000.0,73345029.0,-8.318713749999999,6.8,50.0,77.0
Open Your Eyes,1997,1990s,Drama,Low,2900000.0,368234.0,-87.30227586206897,7.7,,
eXistenZ,1999,1990s,Action,Mid,15000000.0,2856712.0,-80.95525333333333,6.8,74.0,69.0
Entrapment,1999,1990s,Romance,Blockbuster,66000000.0,212404396.0,221.82484242424243,6.3,39.0,50.0
Idle Hands,1999,1990s,Thriller,High,25000000.0,4152230.0,-83.39107999999999,6.3,15.0,58.0
Mildred Pierce,1945,1940s,Crime,Low,1453000.0,5638000.0,288.0247763248451,7.9,86.0,90.0
Night of the Comet,1984,1980s,Comedy,Low,3000000.0,14418922.0,380.63073333333335,6.3,,
Dick Tracy,1990,1990s,Adventure,Blockbuster,47000000.0,103738726.0,120.72069361702128,6.2,63.0,53.0
The Mummy,1999,1990s,Adventure,Blockbuster,80000000.0,415885488.0,419.85686,7.1,88.0,72.0
The Castle,1997,1990s,Drama,Low,786675.0,861789.0,9.54828868338259,7.7,87.0,92.0
Edge of Seventeen,1998,1990s,Comedy,Low,1500000.0,870751.0,-41.94993333333333,6.8,78.0,73.0
Star Wars: Episode I - The Phantom Menace,1999,1990s,Adventure,Blockbuster,115000000.0,924317558.0,703.7543982608696,6.5,52.0,59.0
Superman,1978,1970s,Action,Blockbuster,55000000.0,300218018.0,445.8509418181818,7.4,94.0,86.0
Superman II,1980,1980s,Action,Blockbuster,54000000.0,190458706.0,252.70130740740743,6.8,87.0,76.0
Superman III,1983,1980s,Comedy,High,39000000.0,75850624.0,94.48877948717949,5.0,29.0,23.0
Superman IV: The Quest for Peace,1987,1980s,Action,Mid,17000000.0,19300000.0,13.529411764705882,3.8,11.0,16.0
Dracula,1931,1930s,Horror,Low,355000.0,1012189.0,185.12366197183096,7.3,92.0,81.0
Frankenstein,1931,1930s,Drama,Low,291000.0,12000000.0,4023.711340206186,7.7,17.0,47.0
The Rocky Horror Picture Show,1975,1970s,Comedy,Low,1200000.0,112892319.0,9307.69325,7.4,80.0,85.0
It Came from Hollywood,1982,1980s,Comedy,Low,5000000.0,2091037.0,-58.17926,5.8,,
The War of the Worlds,1953,1950s,Horror,Low,2000000.0,2000000.0,0.0,7.0,89.0,71.0
Notting Hill,1999,1990s,Romance,Blockbuster,42000000.0,363889678.0,766.4039952380953,7.2,83.0,79.0
The Thirteenth Floor,1999,1990s,Thriller,Mid,16000000.0,18564088.0,16.02555,7.0,30.0,64.0
Limbo,1999,1990s,Adventure,Mid,8000000.0,1997807.0,-75.0274125,6.9,72.0,69.0
Austin Powers: The Spy Who Shagged Me,1999,1990s,Adventure,High,33000000.0,310940086.0,842.2426848484848,6.7,52.0,71.0
The Red Violin,1998,1990s,Drama,High,18000000.0,9495408.0,-47.247733333333336,7.6,,
Tarzan,1999,1990s,Adventure,Blockbuster,150000000.0,448000000.0,198.66666666666663,7.3,89.0,75.0
The General's Daughter,1999,1990s,Crime,Blockbuster,60000000.0,149705852.0,149.50975333333335,6.4,21.0,46.0
An Ideal Husband,1999,1990s,Drama,Mid,14000000.0,18535191.0,32.39422142857143,6.8,85.0,69.0
Run Lola Run,1998,1990s,Action,Low,1530000.0,7267585.0,375.00555555555553,7.6,93.0,90.0
Big Daddy,1999,1990s,Comedy,High,34200000.0,234801895.0,586.5552485380117,6.5,39.0,74.0
The Dinner Game,1998,1990s,Comedy,Mid,12500000.0,78599508.0,528.796064,7.6,,
Arachnophobia,1990,1990s,Comedy,High,31000000.0,53208180.0,71.63929032258064,6.5,92.0,54.0
Wild Wild West,1999,1990s,Action,Blockbuster,170000000.0,222104681.0,30.649812352941176,4.9,17.0,28.0
American Pie,1999,1990s,Comedy,Mid,11000000.0,235483004.0,2040.754581818182,7.0,61.0,61.0
Muppets from Space,1999,1990s,Fantasy,High,24000000.0,16290976.0,-32.12093333333333,6.3,63.0,58.0
The Blair Witch Project,1999,1990s,Horror,Low,60000.0,248000000.0,413233.3333333333,6.5,86.0,56.0
Eyes Wide Shut,1999,1990s,Mystery,Blockbuster,65000000.0,162091208.0,149.37108923076923,7.5,75.0,73.0
Lake Placid,1999,1990s,Horror,High,27000000.0,56870414.0,110.63116296296296,5.8,47.0,37.0
The Wood,1999,1990s,Comedy,Low,6000000.0,25059640.0,317.66066666666666,7.0,61.0,92.0
Ghostbusters,1984,1980s,Comedy,High,30000000.0,295212467.0,884.0415566666668,7.8,74.0,50.0
Ghostbusters II,1989,1980s,Comedy,High,37000000.0,215394738.0,482.1479405405405,6.6,,
Drop Dead Gorgeous,1999,1990s,Comedy,Mid,10000000.0,10571408.0,5.71408,6.7,45.0,75.0
The Haunting,1999,1990s,Horror,Blockbuster,80000000.0,91188905.0,13.98613125,5.0,88.0,82.0
Trick,1999,1990s,Comedy,Low,450000.0,2049595.0,355.4655555555556,7.2,33.0,33.0
Deep Blue Sea,1999,1990s,Action,Blockbuster,60000000.0,73648228.0,22.747046666666662,5.9,59.0,39.0
Mystery Men,1999,1990s,Adventure,Blockbuster,68000000.0,29762011.0,-56.232336764705884,6.1,61.0,57.0
Runaway Bride,1999,1990s,Comedy,Blockbuster,70000000.0,309457509.0,342.0821557142857,5.6,46.0,53.0
Spartacus,1960,1960s,Action,Mid,12000000.0,60000000.0,400.0,7.9,93.0,87.0
Lolita,1962,1960s,Drama,Low,2000000.0,9250000.0,362.5,7.5,91.0,84.0
Barry Lyndon,1975,1970s,Drama,Mid,11000000.0,20000000.0,81.81818181818183,8.1,91.0,92.0
Vibes,1988,1980s,Romance,Low,1884000.0,1883811.0,-0.0100318471337579,5.7,,
The Golden Child,1986,1980s,Action,High,25000000.0,79817939.0,219.271756,6.0,26.0,47.0
The Color Purple,1985,1980s,Drama,Mid,15000000.0,146292009.0,875.28006,7.7,81.0,94.0
Native Son,1986,1980s,Drama,Low,2000000.0,1301121.0,-34.94395,6.0,,
The Mission,1986,1980s,Adventure,High,24500000.0,17218023.0,-29.72235510204081,7.4,64.0,87.0
Little Shop of Horrors,1986,1980s,Horror,High,25000000.0,38748395.0,54.99358,7.1,90.0,79.0
Dick,1999,1990s,Comedy,Mid,13000000.0,27500000.0,111.53846153846156,6.2,71.0,53.0
The Iron Giant,1999,1990s,Adventure,Blockbuster,70000000.0,23159305.0,-66.91527857142857,8.1,96.0,90.0
The Sixth Sense,1999,1990s,Mystery,High,40000000.0,672806292.0,1582.01573,8.2,86.0,90.0
The Thomas Crown Affair,1999,1990s,Drama,Blockbuster,48000000.0,124305181.0,158.96912708333332,6.9,76.0,74.0
Brokedown Palace,1999,1990s,Drama,High,25000000.0,13000000.0,-48.0,6.4,31.0,66.0
Detroit Rock City,1999,1990s,Comedy,Mid,6500000.0,4217115.0,-35.12130769230769,6.8,48.0,82.0
The Raven,1963,1960s,Comedy,Low,350000.0,1499275.0,328.3642857142857,6.5,22.0,46.0
The Pit and the Pendulum,1961,1960s,Fantasy,Low,200000.0,2000000.0,900.0,7.0,56.0,39.0
Damien: Omen II,1978,1970s,Action,Mid,6800000.0,26518355.0,289.9758088235294,6.2,,
Airplane!,1980,1980s,Comedy,Low,3500000.0,83453539.0,2284.386828571429,7.7,97.0,89.0
An American Werewolf in Paris,1997,1990s,Horror,High,22000000.0,26570463.0,20.77483181818182,5.1,,
National Lampoon's Vacation,1983,1980s,Comedy,Mid,15000000.0,61399552.0,309.3303466666667,7.3,93.0,85.0
Big,1988,1980s,Fantasy,High,18000000.0,151668774.0,742.6043,7.3,97.0,82.0
The Pelican Brief,1993,1990s,Drama,Blockbuster,45000000.0,195268056.0,333.92901333333333,6.6,53.0,61.0
Teaching Mrs. Tingle,1999,1990s,Comedy,Mid,13000000.0,8946237.0,-31.18279230769231,5.4,19.0,31.0
Universal Soldier: The Return,1999,1990s,Action,Blockbuster,45000000.0,10667893.0,-76.29357111111112,4.2,5.0,24.0
In Too Deep,1999,1990s,Drama,Mid,7000000.0,14011454.0,100.16362857142856,6.2,39.0,75.0
The 13th Warrior,1999,1990s,Adventure,Blockbuster,160000000.0,61698899.0,-61.438188125,6.6,33.0,65.0
The Astronaut's Wife,1999,1990s,Drama,Blockbuster,75000000.0,19598588.0,-73.86854933333333,5.4,15.0,33.0
Chill Factor,1999,1990s,Action,Blockbuster,70000000.0,11263966.0,-83.90862,5.3,10.0,30.0
Outside Providence,1999,1990s,Romance,Mid,7000000.0,7292175.0,4.173928571428571,6.4,51.0,65.0
Stigmata,1999,1990s,Horror,High,29000000.0,50041732.0,72.55769655172413,6.2,22.0,63.0
Stir of Echoes,1999,1990s,Horror,Mid,12000000.0,21133087.0,76.10905833333334,6.9,67.0,70.0
A Soldier's Story,1984,1980s,Drama,Low,6000000.0,21821347.0,263.6891166666667,7.2,90.0,81.0
American Beauty,1999,1990s,Drama,Mid,15000000.0,356296601.0,2275.3106733333334,8.3,87.0,93.0
Stop Making Sense,1984,1980s,Documentary,Low,1200000.0,4978922.0,314.91016666666667,8.7,100.0,98.0
Blue Streak,1999,1990s,Action,Blockbuster,65000000.0,117758500.0,81.16692307692308,6.4,36.0,65.0
Caligula,1979,1970s,Drama,High,17500000.0,23438120.0,33.932114285714285,5.4,,
A Hard Day's Night,1964,1960s,Comedy,Low,560000.0,12299668.0,2096.369285714285,7.5,98.0,89.0
The Buddy Holly Story,1978,1970s,Drama,Low,1200000.0,14363400.0,1096.95,7.3,100.0,77.0
Fright Night,1985,1980s,Horror,Mid,9000000.0,24922237.0,176.91374444444446,7.0,92.0,76.0
Deliverance,1972,1970s,Drama,Low,2000000.0,46122355.0,2206.11775,7.6,89.0,82.0
Excalibur,1981,1980s,Fantasy,Mid,11000000.0,34967437.0,217.8857909090909,7.3,80.0,80.0
Thumbelina,1994,1990s,Animation,High,28000000.0,11373501.0,-59.38035357142857,6.3,27.0,66.0
Tommy,1975,1970s,Drama,Low,5000000.0,34251525.0,585.0305,6.6,70.0,72.0
Double Jeopardy,1999,1990s,Crime,Blockbuster,70000000.0,177841558.0,154.05936857142856,6.5,27.0,61.0
Guinevere,1999,1990s,Drama,Low,2600000.0,614202.0,-76.37684615384616,5.9,86.0,54.0
Drive Me Crazy,1999,1990s,Drama,Mid,8000000.0,22593409.0,182.4176125,5.8,28.0,53.0
"Mystery, Alaska",1999,1990s,Drama,High,28000000.0,8888143.0,-68.25663214285714,6.7,37.0,66.0
Three Kings,1999,1990s,Action,Blockbuster,75000000.0,108000000.0,44.0,7.1,94.0,77.0
"Happy, Texas",1999,1990s,Comedy,Low,1700000.0,1943649.0,14.33229411764706,6.3,81.0,55.0
The Dark Half,1993,1990s,Mystery,Mid,15000000.0,10611160.0,-29.25893333333333,6.0,58.0,37.0
Monkey Shines,1988,1980s,Thriller,Mid,7000000.0,5344577.0,-23.6489,6.2,,
Phantasm,1979,1970s,Horror,Low,300000.0,11988469.0,3896.156333333333,6.6,74.0,67.0
Psycho II,1983,1980s,Horror,Low,5000000.0,34725000.0,594.5,6.6,59.0,53.0
Random Hearts,1999,1990s,Drama,Blockbuster,64000000.0,74608570.0,16.575890625,5.4,15.0,24.0
Boys Don't Cry,1999,1990s,Crime,Low,2000000.0,11540607.0,477.03035,7.5,88.0,87.0
The Limey,1999,1990s,Action,Mid,10000000.0,3193102.0,-68.06898,6.9,92.0,78.0
Risky Business,1983,1980s,Comedy,Mid,6200000.0,63541777.0,924.867370967742,6.8,92.0,72.0
Total Recall,1990,1990s,Action,Blockbuster,65000000.0,261317921.0,302.02757076923075,7.5,82.0,78.0
Ferris Bueller's Day Off,1986,1980s,Comedy,Low,6000000.0,70136369.0,1068.939483333333,7.8,81.0,92.0
The Year of Living Dangerously,1982,1980s,War,Low,6000000.0,1317657.0,-78.03905,7.1,88.0,77.0
High Plains Drifter,1973,1970s,Western,Low,5500000.0,15700000.0,185.45454545454544,7.4,92.0,86.0
Hang 'em High,1968,1960s,Western,Low,1800000.0,6800000.0,277.77777777777777,7.0,92.0,73.0
Reds,1981,1980s,Drama,High,32000000.0,40382659.0,26.195809375,7.3,89.0,83.0
Niagara,1953,1950s,Crime,Low,1250000.0,8500000.0,580.0,7.0,80.0,68.0
South Pacific,1958,1950s,Music,Low,6000000.0,36800000.0,513.3333333333334,6.8,82.0,69.0
Flashdance,1983,1980s,Drama,Low,4000000.0,92921203.0,2223.030075,6.2,36.0,61.0
The Dirty Dozen,1967,1960s,Action,Low,5400000.0,45300000.0,738.8888888888889,7.7,85.0,90.0
Goldfinger,1964,1960s,Adventure,Low,2500000.0,124881062.0,4895.24248,7.7,99.0,89.0
From Russia with Love,1963,1960s,Action,Low,2000000.0,78898765.0,3844.93825,7.3,95.0,84.0
Dr. No,1962,1960s,Adventure,Low,950000.0,59600000.0,6173.684210526316,7.2,95.0,82.0
The Blue Lagoon,1980,1980s,Romance,Low,4500000.0,58853106.0,1207.8468,5.8,8.0,54.0
A Fistful of Dollars,1964,1960s,Western,Low,200000.0,14500000.0,7150.0,7.9,,
Hard Eight,1996,1990s,Drama,Low,3000000.0,222559.0,-92.58136666666668,7.1,80.0,83.0
Home Alone 2: Lost in New York,1992,1990s,Comedy,High,18000000.0,358991681.0,1894.3982277777775,6.9,33.0,61.0
Someone to Watch Over Me,1987,1980s,Crime,Mid,17000000.0,10278549.0,-39.53794705882353,6.1,67.0,41.0
Sparrows,1926,1920s,Drama,Low,463455.0,966878.0,108.62392249517212,7.3,,
Naturally Native,1999,1990s,Drama,Low,700000.0,10508.0,-98.49885714285716,6.4,,
Fight Club,1999,1990s,Drama,Blockbuster,63000000.0,100853753.0,60.085322222222224,8.8,79.0,96.0
The Story of Us,1999,1990s,Comedy,Blockbuster,50000000.0,58900031.0,17.800062,6.0,26.0,58.0
Time Bandits,1981,1980s,Family,Low,5000000.0,42365581.0,747.31162,6.9,90.0,77.0
Crimes and Misdemeanors,1989,1980s,Comedy,High,19000000.0,18254702.0,-3.9226210526315786,7.8,,
The Best Man,1999,1990s,Drama,Mid,9000000.0,34573780.0,284.1531111111111,6.8,72.0,86.0
RoboCop,1987,1980s,Action,Mid,13000000.0,53000000.0,307.69230769230774,7.6,90.0,84.0
RoboCop 2,1990,1990s,Action,High,35000000.0,45681173.0,30.51763714285714,5.8,30.0,36.0
Who Framed Roger Rabbit,1988,1980s,Fantasy,Blockbuster,70000000.0,329803958.0,371.14851142857145,7.7,97.0,84.0
For Your Eyes Only,1981,1980s,Adventure,High,28000000.0,195312802.0,597.5457214285714,6.7,71.0,64.0
Licence to Kill,1989,1980s,Adventure,High,32000000.0,156167015.0,388.021921875,6.7,78.0,61.0
Live and Let Die,1973,1970s,Adventure,Mid,7000000.0,161777836.0,2211.111942857143,6.7,66.0,64.0
Thunderball,1965,1960s,Adventure,Low,5500000.0,141195658.0,2467.193781818182,6.9,86.0,73.0
House on Haunted Hill,1999,1990s,Horror,High,19000000.0,40846082.0,114.97937894736845,5.6,88.0,73.0
Music of the Heart,1999,1990s,Drama,High,27000000.0,14859394.0,-44.96520740740741,6.7,63.0,72.0
Being John Malkovich,1999,1990s,Fantasy,Mid,13000000.0,22863596.0,75.87381538461538,7.7,93.0,87.0
Princess Mononoke,1997,1990s,Adventure,High,26500000.0,159375308.0,501.4162566037736,8.3,,
The Bachelor,1999,1990s,Comedy,Blockbuster,51000000.0,36911617.0,-27.624280392156862,5.1,9.0,28.0
The Bone Collector,1999,1990s,Drama,Blockbuster,73000000.0,151493655.0,107.52555479452054,6.7,29.0,63.0
The Insider,1999,1990s,Drama,Blockbuster,90000000.0,60289912.0,-33.01120888888889,7.8,96.0,90.0
Creepshow,1982,1980s,Horror,Mid,8000000.0,21028755.0,162.8594375,6.8,73.0,68.0
Creepshow 2,1987,1980s,Horror,Low,3500000.0,14000000.0,300.0,6.1,30.0,40.0
Re-Animator,1985,1980s,Science Fiction,Low,900000.0,2023414.0,124.82377777777778,7.1,93.0,82.0
Drugstore Cowboy,1989,1980s,Crime,Low,2500000.0,4729352.0,89.17408,7.2,100.0,85.0
Falling Down,1993,1990s,Crime,High,25000000.0,40903593.0,63.614372,7.5,73.0,84.0
My Best Girl,1927,1920s,Drama,Low,483103.0,1027757.0,112.74076128693054,7.4,,
Nighthawks,1981,1980s,Action,Low,5000000.0,19905359.0,298.10718,6.3,70.0,54.0
Spaceballs,1987,1980s,Comedy,High,22700000.0,38119483.0,67.92723788546256,7.1,58.0,83.0
Robin Hood,1973,1970s,Animation,Mid,15000000.0,32056467.0,113.70978,7.5,54.0,81.0
Quest for Fire,1981,1980s,Adventure,Mid,12000000.0,55260558.0,360.50465,7.3,86.0,75.0
Little Big Man,1970,1970s,Adventure,Mid,15000000.0,31559552.0,110.39701333333332,7.5,96.0,87.0
Trading Places,1983,1980s,Comedy,Blockbuster,40600000.0,90400000.0,122.66009852216747,7.5,87.0,84.0
Under the Rainbow,1981,1980s,Comedy,High,20000000.0,2297493.0,-88.512535,5.3,,
Anywhere But Here,1999,1990s,Drama,High,23000000.0,18653615.0,-18.89732608695652,6.2,64.0,55.0
Dogma,1999,1990s,Fantasy,Mid,10000000.0,30652890.0,206.5289,7.3,,
The Messenger: The Story of Joan of Arc,1999,1990s,Adventure,Blockbuster,60000000.0,66976317.0,11.627195,6.4,30.0,58.0
Pokémon: The First Movie: Mewtwo Strikes Back,1998,1990s,Animation,High,30000000.0,163644662.0,445.4822066666667,6.4,,
The Longest Day,1962,1960s,Action,Mid,10000000.0,50100000.0,401.0,7.7,87.0,90.0
Tora! Tora! Tora!,1970,1970s,History,High,25485000.0,29548291.0,15.943853247008043,7.5,55.0,81.0
Women on the Verge of a Nervous Breakdown,1988,1980s,Comedy,Low,700000.0,7179298.0,925.614,7.5,,
The Verdict,1982,1980s,Drama,Mid,16000000.0,53977250.0,237.3578125,7.7,88.0,88.0
Sleepy Hollow,1999,1990s,Drama,Blockbuster,100000000.0,206071502.0,106.071502,7.3,69.0,80.0
The World Is Not Enough,1999,1990s,Adventure,Blockbuster,135000000.0,361832400.0,168.024,6.4,52.0,49.0
All About My Mother,1999,1990s,Comedy,Mid,8272296.0,67872296.0,720.4771202577857,7.8,,
Bicycle Thieves,1948,1940s,Drama,Low,133000.0,361712.0,171.9639097744361,8.2,,
Matewan,1987,1980s,Drama,Low,4000000.0,1680358.0,-57.99105,7.9,,
The Natural,1984,1980s,Drama,High,28000000.0,47951979.0,71.25706785714286,7.4,81.0,88.0
Fatal Attraction,1987,1980s,Romance,Mid,14000000.0,320145693.0,2186.75495,6.9,76.0,72.0
Stanley & Iris,1990,1990s,Drama,High,23000000.0,5820015.0,-74.69558695652174,6.4,33.0,48.0
Midnight Run,1988,1980s,Adventure,High,30000000.0,38413606.0,28.04535333333333,7.5,94.0,87.0
Backdraft,1991,1990s,Action,Blockbuster,75000000.0,152368585.0,103.15811333333332,6.7,,
The Fisher King,1991,1990s,Comedy,High,24000000.0,41895491.0,74.56454583333333,7.5,84.0,86.0
The River,1984,1980s,Drama,High,18000000.0,11500000.0,-36.11111111111111,6.3,92.0,79.0
End of Days,1999,1990s,Action,Blockbuster,100000000.0,211989043.0,111.989043,5.8,11.0,32.0
Toy Story 2,1999,1990s,Animation,Blockbuster,90000000.0,497366869.0,452.6298544444445,7.9,100.0,86.0
Ride with the Devil,1999,1990s,Drama,High,38000000.0,635096.0,-98.32869473684212,6.7,64.0,66.0
Tumbleweeds,1999,1990s,Comedy,Low,312000.0,1281176.0,310.6333333333333,6.7,82.0,65.0
The End of the Affair,1999,1990s,Drama,High,23000000.0,10827816.0,-52.92253913043479,7.0,67.0,74.0
The Bonfire of the Vanities,1990,1990s,Comedy,Blockbuster,47000000.0,15691192.0,-66.61448510638299,5.6,16.0,26.0
The Two Jakes,1990,1990s,Crime,High,19000000.0,10000000.0,-47.368421052631575,6.1,65.0,38.0
Deuce Bigalow: Male Gigolo,1999,1990s,Comedy,Mid,17000000.0,65535067.0,285.50039411764703,5.7,22.0,42.0
The Green Mile,1999,1990s,Fantasy,Blockbuster,60000000.0,284600000.0,374.3333333333333,8.6,78.0,94.0
The Cider House Rules,1999,1990s,Drama,High,24000000.0,88545092.0,268.93788333333333,7.4,71.0,77.0
The Last Picture Show,1971,1970s,Drama,Low,1300000.0,29133000.0,2141.0,8.0,100.0,90.0
Bicentennial Man,1999,1990s,Comedy,Blockbuster,100000000.0,93700000.0,-6.3,6.9,36.0,58.0
Stuart Little,1999,1990s,Animation,Blockbuster,133000000.0,300135367.0,125.6656894736842,6.0,67.0,41.0
Fantasia 2000,1999,1990s,Animation,Blockbuster,80000000.0,90874570.0,13.593212499999998,7.1,81.0,75.0
Magnolia,1999,1990s,Drama,High,37000000.0,48451803.0,30.95081891891892,8.0,83.0,89.0
Onegin,1999,1990s,Drama,Mid,14000000.0,206128.0,-98.52765714285714,6.8,,
Simpatico,1999,1990s,Comedy,Mid,10000000.0,929606.0,-90.70394,4.7,25.0,14.0
Any Given Sunday,1999,1990s,Drama,Blockbuster,55000000.0,100230832.0,82.23787636363636,6.9,52.0,73.0
Man on the Moon,1999,1990s,Comedy,Blockbuster,82000000.0,47434430.0,-42.153134146341465,7.4,63.0,79.0
Galaxy Quest,1999,1990s,Comedy,Blockbuster,45000000.0,90683916.0,101.51981333333332,7.4,90.0,79.0
The Talented Mr. Ripley,1999,1990s,Thriller,High,40000000.0,128798265.0,221.9956625,7.4,83.0,80.0
Next Friday,2000,2000s,Comedy,Mid,11000000.0,59827328.0,443.8848,6.2,22.0,76.0
The Hurricane,1999,1990s,Drama,Blockbuster,50000000.0,73956241.0,47.912482,7.6,83.0,87.0
Play It to the Bone,1999,1990s,Comedy,High,24000000.0,8434146.0,-64.857725,5.5,11.0,25.0
Supernova,2000,2000s,Horror,Blockbuster,90000000.0,14828081.0,-83.52435444444446,4.9,10.0,17.0
The Terrorist,1998,1990s,Drama,Low,24554.0,140021.0,470.2573918709782,7.0,,
Papillon,1973,1970s,Crime,Mid,12000000.0,53267000.0,343.89166666666665,8.0,79.0,90.0
Dead Calm,1989,1980s,Crime,Mid,10000000.0,7825000.0,-21.75,6.8,83.0,63.0
Fast Times at Ridgemont High,1982,1980s,Comedy,Low,4500000.0,27092880.0,502.064,7.1,76.0,80.0
A Cry in the Dark,1988,1980s,Drama,Mid,15000000.0,6908797.0,-53.94135333333333,6.9,,
Batman: Mask of the Phantasm,1993,1990s,Action,Low,6000000.0,5617391.0,-6.376816666666667,7.8,84.0,88.0
Poison,1991,1990s,Drama,Low,250000.0,609524.0,143.80960000000002,6.3,77.0,68.0
Isn't She Great,2000,2000s,Drama,High,36000000.0,3003296.0,-91.6575111111111,5.4,25.0,38.0
Malcolm X,1992,1990s,Drama,High,34000000.0,48169908.0,41.6762,7.7,88.0,91.0
Sister Act,1992,1990s,Music,High,31000000.0,231605150.0,647.1133870967742,6.6,74.0,65.0
Sister Act 2: Back in the Habit,1993,1990s,Music,High,38000000.0,57319029.0,50.83955,5.8,17.0,61.0
The Hand that Rocks the Cradle,1992,1990s,Thriller,Mid,11700000.0,88036683.0,652.450282051282,6.7,63.0,61.0
Alive,1993,1990s,Action,High,32000000.0,36733909.0,14.793465625,7.1,59.0,68.0
Scent of a Woman,1992,1990s,Drama,High,31000000.0,134095253.0,332.56533225806453,8.0,89.0,92.0
Wayne's World,1992,1990s,Music,High,20000000.0,121697323.0,508.486615,7.0,84.0,84.0
A League of Their Own,1992,1990s,Comedy,High,40000000.0,107458785.0,168.6469625,7.4,78.0,84.0
Patriot Games,1992,1990s,Drama,Blockbuster,45000000.0,178051587.0,295.6701933333334,6.8,73.0,73.0
The Bodyguard,1992,1990s,Thriller,High,25000000.0,411006740.0,1544.02696,6.4,33.0,64.0
Death Becomes Her,1992,1990s,Fantasy,Blockbuster,55000000.0,149022650.0,170.95027272727273,6.7,54.0,61.0
Far and Away,1992,1990s,Adventure,Blockbuster,60000000.0,137783840.0,129.63973333333334,6.6,50.0,62.0
Twin Peaks: Fire Walk with Me,1992,1990s,Drama,Mid,10000000.0,4160851.0,-58.391490000000005,7.3,,
Buffy the Vampire Slayer,1992,1990s,Action,Mid,7000000.0,16624456.0,137.49222857142857,5.7,35.0,43.0
El Mariachi,1992,1990s,Action,Low,220000.0,2040920.0,827.6909090909091,6.8,93.0,76.0
Bad Lieutenant,1992,1990s,Crime,Low,1000000.0,2019469.0,101.9469,7.0,77.0,73.0
Scream 3,2000,2000s,Horror,High,40000000.0,161834276.0,304.58569,5.7,39.0,37.0
Single White Female,1992,1990s,Thriller,Mid,16000000.0,48017402.0,200.1087625,6.4,54.0,44.0
The Boondock Saints,1999,1990s,Action,Low,6000000.0,30471.0,-99.49215,7.6,28.0,91.0
Gun Shy,2000,2000s,Action,Mid,10000000.0,1631839.0,-83.68160999999999,5.6,26.0,36.0
The Beach,2000,2000s,Drama,High,40000000.0,144056873.0,260.1421825,6.6,20.0,57.0
The Tigger Movie,2000,2000s,Animation,High,30000000.0,45554533.0,51.848443333333336,6.4,62.0,62.0
Trois,2000,2000s,Drama,Low,200000.0,1160268.0,480.134,4.0,,
Boiler Room,2000,2000s,Crime,High,26000000.0,28780255.0,10.693288461538462,7.0,66.0,78.0
Hanging Up,2000,2000s,Comedy,High,40000000.0,36037909.0,-9.9052275,4.9,12.0,34.0
Pitch Black,2000,2000s,Thriller,High,23000000.0,53187659.0,131.25069130434784,7.0,59.0,77.0
The Whole Nine Yards,2000,2000s,Comedy,Blockbuster,41300000.0,106371651.0,157.5584769975787,6.7,45.0,64.0
City Lights,1931,1930s,Comedy,Low,1500000.0,19181.0,-98.72126666666666,8.5,98.0,96.0
The Kid,1921,1920s,Comedy,Low,250000.0,2500000.0,900.0,8.2,100.0,95.0
Reindeer Games,2000,2000s,Thriller,Blockbuster,42000000.0,32168970.0,-23.40721428571429,5.8,,
3 Strikes,2000,2000s,Action,Low,6000000.0,9000000.0,50.0,4.7,,
Drowning Mona,2000,2000s,Comedy,Mid,16000000.0,15427192.0,-3.58005,5.7,29.0,46.0
The Next Best Thing,2000,2000s,Comedy,High,25000000.0,24362772.0,-2.548912,4.7,19.0,35.0
Beyond the Mat,1999,1990s,Documentary,Low,2053648.0,500000.0,-75.65308173552624,7.6,82.0,83.0
Birdy,1984,1980s,Drama,Mid,12000000.0,1400000.0,-88.33333333333333,7.2,85.0,84.0
Blood Feast,1963,1960s,Horror,Low,24500.0,4000000.0,16226.530612244898,5.0,38.0,44.0
Mission to Mars,2000,2000s,Science Fiction,Blockbuster,90000000.0,60874615.0,-32.361538888888894,5.7,24.0,30.0
The Ninth Gate,1999,1990s,Horror,High,38000000.0,58401898.0,53.68920526315789,6.7,43.0,57.0
Breaking Away,1979,1970s,Drama,Low,2300000.0,20000000.0,769.5652173913044,7.7,95.0,88.0
Hoosiers,1986,1980s,Drama,Mid,9000000.0,28607524.0,217.86137777777776,7.4,89.0,88.0
Bull Durham,1988,1980s,Comedy,Mid,7000000.0,50888000.0,626.9714285714285,7.0,97.0,82.0
Dog Day Afternoon,1975,1970s,Crime,Low,1800000.0,46665856.0,2492.5475555555554,8.0,96.0,90.0
American Graffiti,1973,1970s,Comedy,Low,777000.0,140000000.0,17918.018018018018,7.4,96.0,84.0
JFK,1991,1990s,Drama,High,40000000.0,205405498.0,413.513745,8.0,84.0,88.0
Blind Date,1987,1980s,Comedy,High,18000000.0,39321715.0,118.45397222222222,6.0,21.0,42.0
Nadine,1987,1980s,Action,Mid,12000000.0,5669831.0,-52.75140833333334,5.5,45.0,26.0
Titanic,1953,1950s,Drama,Low,1805000.0,4905000.0,171.74515235457065,7.0,91.0,66.0
Erin Brockovich,2000,2000s,Drama,Blockbuster,52000000.0,256271286.0,392.8293961538461,7.5,84.0,81.0
Final Destination,2000,2000s,Horror,High,23000000.0,53302314.0,131.74919130434785,6.7,35.0,68.0
Thelma & Louise,1991,1990s,Drama,Mid,16000000.0,45361000.0,183.50625,7.6,84.0,82.0
Animal House,1978,1970s,Comedy,Low,2700000.0,141000000.0,5122.222222222222,7.4,,
Do the Right Thing,1989,1980s,Drama,Mid,6500000.0,37295445.0,473.77607692307697,7.9,93.0,90.0
Mo' Better Blues,1990,1990s,Drama,Mid,10000000.0,16153593.0,61.53593000000001,6.7,71.0,75.0
Jungle Fever,1991,1990s,Drama,Mid,14000000.0,32482682.0,132.01915714285715,6.6,,
Death Wish,1974,1970s,Action,Low,3000000.0,22000000.0,633.3333333333333,6.9,68.0,68.0
Death Wish 2,1982,1980s,Action,Low,2000000.0,45000000.0,2150.0,6.0,,
Death Wish 3,1985,1980s,Action,Mid,9000000.0,16945171.0,88.27967777777778,5.8,11.0,54.0
Death Wish 5: The Face of Death,1994,1990s,Action,Low,5000000.0,1702394.0,-65.95212000000001,4.9,,
Double Indemnity,1944,1940s,Drama,Low,927262.0,2500000.0,169.61096216603292,8.3,97.0,95.0
Cool as Ice,1991,1990s,Drama,Low,6000000.0,1193062.0,-80.11563333333334,3.0,6.0,44.0
Teenage Mutant Ninja Turtles,1990,1990s,Science Fiction,Mid,13500000.0,202000000.0,1396.2962962962963,6.8,21.0,50.0
Teenage Mutant Ninja Turtles II: The Secret of the Ooze,1991,1990s,Science Fiction,High,25000000.0,78000000.0,212.0,6.0,,
Teenage Mutant Ninja Turtles III,1993,1990s,Action,High,21000000.0,42000000.0,100.0,4.8,23.0,34.0
Red Dawn,1984,1980s,Action,Low,4200000.0,38376497.0,813.726119047619,6.4,46.0,65.0
Band of the Hand,1986,1980s,Action,Mid,8700000.0,4865912.0,-44.06997701149425,6.2,11.0,60.0
Bloodsport,1988,1980s,Action,Low,1500000.0,11806119.0,687.0745999999999,6.8,40.0,74.0
Eyes of Laura Mars,1978,1970s,Drama,Mid,7000000.0,20000000.0,185.7142857142857,6.2,50.0,43.0
"Good Morning, Vietnam",1987,1980s,Comedy,Mid,13000000.0,123922370.0,853.2489999999999,7.3,90.0,82.0
Guess Who's Coming to Dinner,1967,1960s,Comedy,Low,4000000.0,56666667.0,1316.666675,7.8,70.0,85.0
Romeo Must Die,2000,2000s,Action,High,25000000.0,91036760.0,264.14704,6.1,32.0,61.0
Whatever It Takes,2000,2000s,Drama,Mid,15000000.0,9902115.0,-33.9859,5.5,16.0,45.0
Waking the Dead,2000,2000s,Drama,Mid,8500000.0,327418.0,-96.14802352941176,6.4,51.0,78.0
Hud,1963,1960s,Action,Low,2500000.0,10000000.0,300.0,7.8,82.0,89.0
The Hustler,1961,1960s,Drama,Low,2000000.0,7600000.0,280.0,7.9,98.0,93.0
Close Encounters of the Third Kind,1977,1970s,Science Fiction,High,20000000.0,303788635.0,1418.943175,7.6,94.0,85.0
Jacob's Ladder,1990,1990s,Drama,High,25000000.0,25965144.0,3.860576000000001,7.4,73.0,84.0
La Bamba,1987,1980s,Drama,Mid,6500000.0,54215416.0,734.0833230769231,7.0,91.0,78.0
Ladyhawke,1985,1980s,Adventure,High,20000000.0,18432000.0,-7.84,6.9,67.0,74.0
Lucas,1986,1980s,Comedy,Low,6000000.0,8200000.0,36.66666666666666,6.9,,
High Fidelity,2000,2000s,Comedy,High,30000000.0,47126295.0,57.08765,7.4,91.0,90.0
The Road to El Dorado,2000,2000s,Adventure,Blockbuster,95000000.0,76432727.0,-19.544497894736843,6.9,48.0,66.0
The Skulls,2000,2000s,Crime,Mid,15000000.0,35007180.0,133.3812,5.6,9.0,43.0
El Dorado,1966,1960s,Western,Low,4653000.0,6000000.0,28.949065119277883,7.5,100.0,87.0
Hook,1991,1990s,Adventure,Blockbuster,70000000.0,300854823.0,329.7926042857143,6.8,29.0,76.0
Midnight Express,1978,1970s,Drama,Low,2300000.0,35000000.0,1421.7391304347825,7.5,96.0,89.0
Misery,1990,1990s,Drama,High,20000000.0,61276872.0,206.38436,7.8,90.0,89.0
Mr. Saturday Night,1992,1990s,Drama,Blockbuster,43000000.0,13300000.0,-69.06976744186046,5.9,58.0,38.0
Murphy's Romance,1985,1980s,Comedy,Mid,13000000.0,30867525.0,137.4425,7.0,73.0,75.0
Network,1976,1970s,Drama,Low,3800000.0,23689877.0,523.4178157894737,8.1,91.0,93.0
No Way Out,1987,1980s,Action,Mid,15000000.0,35509515.0,136.73010000000002,7.1,91.0,72.0
The Outlaw Josey Wales,1976,1970s,Drama,Low,3700000.0,31800000.0,759.4594594594595,7.8,90.0,92.0
Black and White,1999,1990s,Drama,Mid,10000000.0,5241315.0,-47.586850000000005,5.0,20.0,26.0
Frequency,2000,2000s,Crime,High,31000000.0,68106245.0,119.69756451612903,7.4,70.0,81.0
Ready to Rumble,2000,2000s,Action,High,24000000.0,12372410.0,-48.44829166666666,5.4,23.0,52.0
Return to Me,2000,2000s,Romance,High,24000000.0,36609995.0,52.54164583333333,7.0,62.0,79.0
Rules of Engagement,2000,2000s,Action,Blockbuster,60000000.0,71000000.0,18.33333333333333,6.4,36.0,55.0
Force 10 from Navarone,1978,1970s,Action,Low,5000000.0,7230000.0,44.6,6.4,59.0,56.0
Arthur,1981,1980s,Comedy,Mid,7000000.0,95461682.0,1263.7383142857143,6.9,88.0,77.0
Bachelor Party,1984,1980s,Comedy,Low,6000000.0,38435947.0,540.5991166666666,6.3,,
Predator,1987,1980s,Science Fiction,High,18000000.0,98235548.0,445.7530444444444,7.8,81.0,87.0
The Prince of Tides,1991,1990s,Drama,High,30000000.0,74787599.0,149.29199666666665,6.8,69.0,70.0
American Psycho,2000,2000s,Thriller,Mid,7000000.0,34266564.0,389.52234285714286,7.6,69.0,85.0
Keeping the Faith,2000,2000s,Comedy,High,30000000.0,37036004.0,23.453346666666665,6.4,69.0,59.0
East Is East,1999,1990s,Comedy,Low,3800000.0,28200000.0,642.1052631578948,6.9,78.0,78.0
Marathon Man,1976,1970s,Thriller,Mid,6500000.0,21709020.0,233.98492307692308,7.4,81.0,81.0
Caddyshack,1980,1980s,Comedy,Low,6000000.0,39846344.0,564.1057333333333,7.2,73.0,87.0
Gossip,2000,2000s,Drama,Mid,14000000.0,5108820.0,-63.508428571428574,5.9,29.0,47.0
Love & Basketball,2000,2000s,Action,High,20000000.0,27728118.0,38.64059,7.2,,
U-571,2000,2000s,Action,Blockbuster,62000000.0,127666415.0,105.91357258064517,6.6,68.0,62.0
The Virgin Suicides,1999,1990s,Drama,Low,6000000.0,10409377.0,73.48961666666666,7.2,77.0,81.0
Jennifer Eight,1992,1990s,Crime,High,20000000.0,11390479.0,-43.047605,6.3,,
The Flintstones in Viva Rock Vegas,2000,2000s,Science Fiction,Blockbuster,83000000.0,59468275.0,-28.35147590361446,3.8,25.0,20.0
Where the Heart Is,2000,2000s,Comedy,Mid,15000000.0,33771174.0,125.14116,6.7,10.0,58.0
The Big Kahuna,2000,2000s,Comedy,Mid,7000000.0,3728888.0,-46.730171428571424,6.5,73.0,71.0
Carnosaur,1993,1990s,Horror,Low,1000000.0,1753979.0,75.39789999999999,3.7,,
Gladiator,2000,2000s,Action,Blockbuster,103000000.0,457640427.0,344.3110941747573,8.5,31.0,68.0
Human Traffic,1999,1990s,Comedy,Low,600000.0,4000000.0,566.6666666666667,7.1,59.0,89.0
The Lords of Flatbush,1974,1970s,Drama,Low,160000.0,4000000.0,2400.0,5.6,64.0,42.0
Battlefield Earth,2000,2000s,Action,Blockbuster,44000000.0,21400000.0,-51.36363636363637,2.5,3.0,12.0
Center Stage,2000,2000s,Drama,High,18000000.0,17200925.0,-4.439305555555555,6.7,42.0,82.0
Hamlet,2000,2000s,Drama,Low,2000000.0,1568749.0,-21.56255,5.9,95.0,80.0
Pee-wee's Big Adventure,1985,1980s,Adventure,Low,6000000.0,40940662.0,582.3443666666667,7.1,87.0,79.0
Dinosaur,2000,2000s,Animation,Blockbuster,127500000.0,354248063.0,177.8416180392157,6.4,64.0,48.0
Road Trip,2000,2000s,Comedy,Mid,16000000.0,119754278.0,648.4642375,6.5,58.0,65.0
The Hollywood Knights,1980,1980s,Comedy,Low,2500000.0,10000000.0,300.0,6.2,14.0,70.0
The Myth Of Fingerprints,1997,1990s,Drama,Low,2000000.0,458815.0,-77.05925,6.0,,
Mission: Impossible II,2000,2000s,Adventure,Blockbuster,125000000.0,546388105.0,337.110484,6.1,,
Shanghai Noon,2000,2000s,Adventure,Blockbuster,55000000.0,56932305.0,3.5132818181818184,6.6,79.0,65.0
The Gold Rush,1925,1920s,Adventure,Low,923000.0,2500000.0,170.85590465872156,8.1,100.0,93.0
On Her Majesty's Secret Service,1969,1960s,Adventure,Mid,6500000.0,81974493.0,1161.146046153846,6.7,81.0,64.0
The Spy Who Loved Me,1977,1970s,Adventure,Mid,14000000.0,185438673.0,1224.56195,7.0,80.0,76.0
Moonraker,1979,1970s,Action,High,34000000.0,210308099.0,518.5532323529411,6.3,60.0,43.0
The Man with the Golden Gun,1974,1970s,Adventure,Mid,7000000.0,97572000.0,1293.8857142857144,6.7,41.0,55.0
Big Momma's House,2000,2000s,Crime,High,30000000.0,173959438.0,479.8647933333333,5.3,30.0,57.0
American Gigolo,1980,1980s,Thriller,Low,4800000.0,22743674.0,373.8265416666667,6.3,68.0,51.0
The Guns of Navarone,1961,1960s,Action,Low,6000000.0,28900000.0,381.6666666666667,7.5,92.0,86.0
Stay Tuned,1992,1990s,Comedy,High,25000000.0,10736401.0,-57.054396,6.3,47.0,55.0
Blazing Saddles,1974,1970s,Western,Low,2600000.0,119500000.0,4496.153846153846,7.7,88.0,91.0
Eraserhead,1977,1970s,Drama,Low,10000.0,7000000.0,69900.0,7.2,90.0,83.0
For a Few Dollars More,1965,1960s,Western,Low,600000.0,15000000.0,2400.0,8.2,,
Flatliners,1990,1990s,Drama,High,26000000.0,61489265.0,136.49717307692308,6.6,48.0,59.0
Porky's,1981,1980s,Comedy,Low,4000000.0,125728258.0,3043.20645,6.2,,
Porky's II: The Next Day,1983,1980s,Comedy,Mid,6500000.0,33759266.0,419.3733230769231,5.0,,
Porky's 3: Revenge,1985,1980s,Comedy,Mid,9000000.0,20518905.0,127.98783333333331,4.8,,
Predator 2,1990,1990s,Science Fiction,High,35000000.0,57120318.0,63.20090857142857,6.3,31.0,44.0
The Running Man,1987,1980s,Action,High,27000000.0,38122105.0,41.19298148148148,6.6,64.0,60.0
Starman,1984,1980s,Action,High,22000000.0,28744356.0,30.65616363636364,7.0,85.0,69.0
Alien Nation,1988,1980s,Crime,Mid,16000000.0,32155047.0,100.96904375,6.3,53.0,44.0
Mad Max,1979,1970s,Adventure,Low,400000.0,100000000.0,24900.0,6.8,90.0,70.0
Mad Max 2: The Road Warrior,1981,1980s,Adventure,Low,2000000.0,24600832.0,1130.0416,7.6,93.0,86.0
Mad Max Beyond Thunderdome,1985,1980s,Action,Mid,12305523.0,36230219.0,194.42242316722337,6.2,80.0,49.0
Angel Heart,1987,1980s,Horror,Mid,17000000.0,17185632.0,1.0919529411764706,7.2,79.0,81.0
Nine 1/2 Weeks,1986,1980s,Drama,Mid,17000000.0,6735922.0,-60.3769294117647,5.9,,
Firestarter,1984,1980s,Fantasy,Mid,15000000.0,17080167.0,13.86778,6.1,37.0,53.0
Action Jackson,1988,1980s,Action,Mid,7000000.0,20256975.0,189.38535714285717,5.6,13.0,32.0
Gone in Sixty Seconds,2000,2000s,Action,Blockbuster,90000000.0,237202299.0,163.55811,6.5,,
Love's Labour's Lost,2000,2000s,Comedy,Mid,13000000.0,299792.0,-97.69390769230768,5.9,49.0,40.0
Shaft,1971,1970s,Adventure,Low,4000000.0,12121618.0,203.04045,6.6,88.0,68.0
The Conversation,1974,1970s,Crime,Low,1600000.0,4420000.0,176.25,7.7,96.0,90.0
The Fury,1978,1970s,Horror,Low,5500000.0,24000000.0,336.3636363636364,6.3,75.0,49.0
Serpico,1973,1970s,Crime,Low,3000000.0,29800000.0,893.3333333333334,7.7,90.0,88.0
Ace in the Hole,1951,1950s,Drama,Low,1821052.0,1300000.0,-28.61269200440185,8.0,,
The Sugarland Express,1974,1970s,Crime,Low,3000000.0,12800000.0,326.6666666666667,6.7,85.0,66.0
Big Trouble in Little China,1986,1980s,Action,High,25000000.0,11000000.0,-56.00000000000001,7.2,78.0,82.0
Boys and Girls,2000,2000s,Comedy,Mid,16000000.0,20627372.0,28.921075,5.4,11.0,50.0
Shaft,2000,2000s,Action,Blockbuster,46000000.0,107196498.0,133.0358652173913,6.0,88.0,68.0
Titan A.E.,2000,2000s,Animation,Blockbuster,75000000.0,36754634.0,-50.99382133333334,6.6,51.0,60.0
Butterfly,1999,1990s,Drama,Low,3000000.0,6000000.0,100.0,7.6,,
Chicken Run,2000,2000s,Animation,Blockbuster,45000000.0,224834564.0,399.6323644444444,7.1,97.0,64.0
"Me, Myself & Irene",2000,2000s,Comedy,Blockbuster,51000000.0,149270999.0,192.68823333333333,6.6,47.0,57.0
The Patriot,2000,2000s,Drama,Blockbuster,110000000.0,215294342.0,95.72212909090908,7.2,61.0,81.0
The Adventures of Rocky & Bullwinkle,2000,2000s,Action,Blockbuster,76000000.0,35134820.0,-53.76997368421053,4.3,43.0,20.0
The Perfect Storm,2000,2000s,Drama,Blockbuster,120000000.0,325756637.0,171.46386416666667,6.5,47.0,64.0
Missing in Action,1984,1980s,Action,Low,1500000.0,22812411.0,1420.8274,5.5,19.0,42.0
Missing in Action 2: The Beginning,1985,1980s,Action,Low,2410000.0,10755447.0,346.28410788381746,5.4,,
House Party,1990,1990s,Comedy,Low,2500000.0,26386000.0,955.44,6.5,93.0,82.0
Shaft in Africa,1973,1970s,Adventure,Low,2142000.0,1458000.0,-31.93277310924369,5.9,60.0,52.0
Shaft's Big Score!,1972,1970s,Action,Low,1978000.0,10000000.0,405.5611729019211,6.1,58.0,47.0
The Kid,2000,2000s,Fantasy,Blockbuster,65000000.0,69700000.0,7.230769230769231,6.1,100.0,95.0
Scary Movie,2000,2000s,Comedy,High,19000000.0,278019771.0,1363.2619526315789,6.3,53.0,43.0
But I'm a Cheerleader,1999,1990s,Comedy,Low,1200000.0,2600000.0,116.66666666666669,6.9,40.0,74.0
Footloose,1984,1980s,Drama,Mid,8200000.0,80035402.0,876.0414878048781,6.6,52.0,71.0
Duel in the Sun,1946,1940s,Western,Low,6000000.0,20400000.0,240.0,6.7,,
X-Men,2000,2000s,Adventure,Blockbuster,75000000.0,296339527.0,295.11936933333334,7.3,81.0,83.0
The In Crowd,2000,2000s,Thriller,Mid,15000000.0,5217498.0,-65.21668000000001,4.7,2.0,38.0
What Lies Beneath,2000,2000s,Drama,Blockbuster,100000000.0,155464351.0,55.464351,6.6,46.0,58.0
Pokémon: The Movie 2000,1999,1990s,Adventure,High,30000000.0,133949270.0,346.49756666666667,6.1,,
Sinbad and the Eye of the Tiger,1977,1970s,Action,Low,3500000.0,16000000.0,357.1428571428572,6.4,60.0,55.0
What About Bob?,1991,1990s,Comedy,High,35000000.0,63710000.0,82.02857142857142,7.0,84.0,79.0
Everything You Always Wanted to Know About Sex *But Were Afraid to Ask,1972,1970s,Comedy,Low,2000000.0,18016290.0,800.8145000000001,6.7,,
Love and Death,1975,1970s,History,Low,3000000.0,20173742.0,572.4580666666666,7.6,100.0,90.0
Nutty Professor II: The Klumps,2000,2000s,Fantasy,Blockbuster,84000000.0,123307945.0,46.79517261904762,4.5,26.0,33.0
Coyote Ugly,2000,2000s,Comedy,Blockbuster,45000000.0,113916474.0,153.14772000000002,5.8,23.0,71.0
Hollow Man,2000,2000s,Action,Blockbuster,95000000.0,190213455.0,100.2246894736842,5.9,27.0,28.0
Space Cowboys,2000,2000s,Action,Blockbuster,65000000.0,128884132.0,98.28328,6.5,78.0,53.0
Saving Grace,2000,2000s,Crime,Mid,10000000.0,26330482.0,163.30482,6.9,63.0,83.0
The Crush,1993,1990s,Drama,Low,6000000.0,13609396.0,126.82326666666664,5.9,25.0,41.0
Kelly's Heroes,1970,1970s,Adventure,Low,4000000.0,5200000.0,30.0,7.6,78.0,88.0
Phantasm II,1988,1980s,Action,Low,3000000.0,7282851.0,142.7617,6.4,38.0,57.0
Pumpkinhead,1988,1980s,Fantasy,Low,3500000.0,4385516.0,25.30045714285714,6.2,65.0,48.0
Silent Fall,1994,1990s,Drama,High,30000000.0,3180674.0,-89.39775333333333,5.9,22.0,39.0
The Cell,2000,2000s,Horror,High,33000000.0,104155843.0,215.62376666666668,6.4,45.0,57.0
Godzilla 2000,1999,1990s,Adventure,Low,1000000.0,10037390.0,903.739,6.0,57.0,54.0
The Naked Gun: From the Files of Police Squad!,1988,1980s,Comedy,Mid,12000000.0,78756177.0,556.301475,7.6,88.0,84.0
The Naked Gun 2½: The Smell of Fear,1991,1990s,Comedy,High,23000000.0,86930411.0,277.9583086956522,6.9,,
Shane,1953,1950s,Drama,Low,3100000.0,20000000.0,545.1612903225806,7.6,97.0,81.0
Supergirl,1984,1980s,Adventure,High,35000000.0,14296438.0,-59.15303428571429,4.4,9.0,26.0
The Art of War,2000,2000s,Crime,High,40000000.0,30199105.0,-24.5022375,5.7,16.0,36.0
Bring It On,2000,2000s,Comedy,High,28000000.0,90449929.0,223.0354607142857,6.2,63.0,66.0
Highlander: Endgame,2000,2000s,Action,High,25000000.0,15843608.0,-36.625568,4.6,11.0,38.0
The Way of the Gun,2000,2000s,Action,Mid,8500000.0,19125401.0,125.00471764705884,6.6,45.0,70.0
Almost Famous,2000,2000s,Drama,Blockbuster,60000000.0,47383689.0,-21.027185,7.9,89.0,92.0
Under Suspicion,2000,2000s,Mystery,High,25000000.0,260562.0,-98.957752,6.4,49.0,49.0
Urban Legends: Final Cut,2000,2000s,Horror,Mid,14000000.0,38574362.0,175.53115714285715,4.4,9.0,20.0
Dancer in the Dark,2000,2000s,Drama,Mid,12800000.0,40031879.0,212.7490546875,7.9,69.0,91.0
The Broken Hearts Club: A Romantic Comedy,2000,2000s,Comedy,Low,1000000.0,1744858.0,74.4858,6.9,,
Remember the Titans,2000,2000s,Drama,High,30000000.0,136706683.0,355.6889433333333,7.8,73.0,93.0
Hellraiser,1987,1980s,Horror,Low,1000000.0,14564027.0,1356.4027,6.9,72.0,72.0
Hellbound: Hellraiser II,1988,1980s,Horror,Low,3000000.0,12090735.0,303.0245,6.4,50.0,58.0
Hellraiser III: Hell on Earth,1992,1990s,Horror,Low,5000000.0,12534961.0,150.69922,5.5,39.0,35.0
Voyage to the Bottom of the Sea,1961,1960s,Adventure,Low,1580000.0,7000000.0,343.0379746835443,6.0,76.0,40.0
Fantastic Voyage,1966,1960s,Adventure,Low,5115000.0,12000000.0,134.6041055718475,6.8,91.0,67.0
Get Carter,2000,2000s,Action,Blockbuster,63600000.0,19412993.0,-69.47642610062893,5.2,84.0,85.0
Meet the Parents,2000,2000s,Comedy,Blockbuster,55000000.0,330444045.0,500.8073545454545,7.0,84.0,79.0
Requiem for a Dream,2000,2000s,Crime,Low,4500000.0,7390108.0,64.22462222222222,8.3,79.0,93.0
The Ladies Man,2000,2000s,Comedy,High,24000000.0,13700000.0,-42.91666666666666,5.2,11.0,42.0
Ghoulies,1984,1980s,Comedy,Low,1000000.0,35000000.0,3400.0,4.2,,
Billy Elliot,2000,2000s,Drama,Low,5000000.0,110000000.0,2100.0,7.7,85.0,89.0
Bedazzled,2000,2000s,Fantasy,Blockbuster,48000000.0,90383208.0,88.29835,6.1,50.0,42.0
Pay It Forward,2000,2000s,Drama,High,40000000.0,55707411.0,39.2685275,7.2,39.0,77.0
The Little Vampire,2000,2000s,Family,High,22000000.0,13555988.0,-38.38187272727273,5.8,55.0,55.0
Charlie's Angels,2000,2000s,Action,Blockbuster,92000000.0,264105545.0,187.0712445652174,5.7,68.0,45.0
The Legend of Bagger Vance,2000,2000s,Fantasy,Blockbuster,80000000.0,39459427.0,-50.67571625,6.7,43.0,65.0
Men of Honor,2000,2000s,Drama,High,32000000.0,48814909.0,52.546590625,7.2,42.0,81.0
Red Planet,2000,2000s,Thriller,Blockbuster,80000000.0,33463969.0,-58.17003875,5.7,14.0,28.0
Diamonds Are Forever,1971,1970s,Adventure,Mid,7200000.0,116019547.0,1511.3825972222223,6.5,64.0,58.0
The 6th Day,2000,2000s,Science Fiction,Blockbuster,82000000.0,96085477.0,17.177410975609757,6.0,40.0,32.0
Bounce,2000,2000s,Drama,High,35000000.0,36779296.0,5.083702857142857,5.8,52.0,32.0
How the Grinch Stole Christmas,2000,2000s,Family,Blockbuster,123000000.0,345141403.0,180.60276666666667,6.4,100.0,98.0
102 Dalmatians,2000,2000s,Comedy,Blockbuster,85000000.0,183611771.0,116.01384823529412,4.9,31.0,32.0
Quills,2000,2000s,Drama,Mid,13500000.0,7060876.0,-47.697214814814814,7.2,75.0,83.0
Unbreakable,2000,2000s,Science Fiction,Blockbuster,75000000.0,248118121.0,230.8241613333333,7.3,70.0,77.0
"Crouching Tiger, Hidden Dragon",2000,2000s,Adventure,Mid,17000000.0,213525736.0,1156.0337411764706,7.9,97.0,86.0
Dungeons & Dragons,2000,2000s,Action,High,35000000.0,15185241.0,-56.613597142857145,3.7,10.0,19.0
Vertical Limit,2000,2000s,Action,Blockbuster,75000000.0,215663859.0,187.551812,6.0,48.0,41.0
The Bounty,1984,1980s,Action,High,25000000.0,8613462.0,-65.546152,7.1,74.0,72.0
The Living Daylights,1987,1980s,Action,High,40000000.0,191185897.0,377.9647425,6.7,73.0,66.0
The Transformers: The Movie,1986,1980s,Animation,Low,6000000.0,5849647.0,-2.505883333333333,7.2,,
Wall Street,1987,1980s,Crime,Mid,15000000.0,43848069.0,192.32046,7.3,79.0,81.0
Born on the Fourth of July,1989,1980s,Drama,Mid,14000000.0,161001698.0,1050.0121285714283,7.2,85.0,76.0
Talk Radio,1988,1980s,Drama,Low,4000000.0,3468572.0,-13.2857,7.2,82.0,81.0
Brewster's Millions,1985,1980s,Comedy,High,20000000.0,45833132.0,129.16566,6.5,35.0,55.0
Snatch,2000,2000s,Thriller,Mid,10000000.0,83557872.0,735.57872,8.2,73.0,93.0
Punchline,1988,1980s,Comedy,Mid,15000000.0,21032267.0,40.215113333333335,5.9,56.0,42.0
Chocolat,2000,2000s,Comedy,High,25000000.0,152500343.0,510.001372,7.2,62.0,83.0
"Dude, Where’s My Car?",2000,2000s,Comedy,Mid,13000000.0,73180723.0,462.92863846153847,5.5,,
The Emperor's New Groove,2000,2000s,Adventure,Blockbuster,100000000.0,169327687.0,69.327687,7.4,85.0,83.0
What Women Want,2000,2000s,Comedy,Blockbuster,70000000.0,374111707.0,434.4452957142857,6.5,0.0,29.0
Finding Forrester,2000,2000s,Drama,Blockbuster,43000000.0,80049764.0,86.16224186046512,7.3,74.0,79.0
The Gift,2000,2000s,Horror,Mid,10000000.0,12008642.0,20.08642,6.7,57.0,55.0
Cast Away,2000,2000s,Adventure,Blockbuster,90000000.0,429632142.0,377.3690466666667,7.8,88.0,84.0
The House of Mirth,2000,2000s,Drama,Mid,10000000.0,5164404.0,-48.35596,7.0,,
Miss Congeniality,2000,2000s,Comedy,Blockbuster,45000000.0,212000000.0,371.1111111111112,6.4,41.0,69.0
"O Brother, Where Art Thou?",2000,2000s,Action,High,26000000.0,71868327.0,176.4166423076923,7.7,77.0,89.0
Dracula 2000,2000,2000s,Thriller,High,28000000.0,33000337.0,17.85834642857143,4.9,17.0,39.0
Thirteen Days,2000,2000s,Drama,Blockbuster,80000000.0,34566746.0,-56.79156749999999,7.3,83.0,80.0
Traffic,2000,2000s,Thriller,Blockbuster,48000000.0,207515725.0,332.3244270833333,7.5,93.0,85.0
Shadow of the Vampire,2000,2000s,Drama,Mid,8000000.0,8279017.0,3.4877125,6.9,82.0,74.0
Annie,1982,1980s,Comedy,Blockbuster,50000000.0,57059003.0,14.118006,6.6,57.0,69.0
Don't Tell Mom the Babysitter's Dead,1991,1990s,Comedy,Mid,10000000.0,25196249.0,151.96249,6.4,33.0,56.0
The Alamo,1960,1960s,Action,Mid,12000000.0,7900000.0,-34.166666666666664,6.8,52.0,63.0
At Close Range,1986,1980s,Crime,Mid,6500000.0,2347000.0,-63.892307692307696,6.9,87.0,79.0
Antitrust,2001,2000s,Action,High,30000000.0,18195610.0,-39.347966666666665,6.1,24.0,50.0
Save the Last Dance,2001,2000s,Drama,Mid,13000000.0,91038276.0,600.2944307692308,6.2,53.0,59.0
Panic,2000,2000s,Comedy,Low,1000000.0,779137.0,-22.0863,6.6,91.0,62.0
The Pledge,2001,2000s,Crime,High,35000000.0,29400000.0,-16.0,6.7,78.0,59.0
Sugar & Spice,2001,2000s,Crime,Mid,11000000.0,13276953.0,20.699572727272727,5.8,28.0,42.0
The Wedding Planner,2001,2000s,Comedy,High,35000000.0,94728529.0,170.65294,5.4,17.0,59.0
Barfly,1987,1980s,Comedy,Low,3000000.0,3221568.0,7.3856,7.1,77.0,82.0
Beverly Hills Cop II,1987,1980s,Action,High,20000000.0,299965036.0,1399.82518,6.6,47.0,57.0
Beverly Hills Cop,1984,1980s,Action,Mid,15000000.0,316360478.0,2009.0698533333332,7.4,82.0,82.0
Can't Buy Me Love,1987,1980s,Drama,Low,1800000.0,31623833.0,1656.8796111111112,6.8,48.0,74.0
Cherry 2000,1987,1980s,Science Fiction,Mid,10000000.0,14000.0,-99.86,5.6,38.0,41.0
Empire of the Sun,1987,1980s,Drama,High,35000000.0,22238696.0,-36.46086857142857,7.7,75.0,90.0
Ernest Goes to Camp,1987,1980s,Comedy,Low,3000000.0,23509382.0,683.6460666666667,5.5,,
The Evil Dead,1981,1980s,Horror,Low,350000.0,29400000.0,8300.0,7.3,95.0,84.0
Ishtar,1987,1980s,Action,Blockbuster,55000000.0,14375181.0,-73.86330727272727,4.8,37.0,39.0
Jaws: The Revenge,1987,1980s,Adventure,High,23000000.0,51881013.0,125.56962173913044,3.1,0.0,15.0
The Lost Boys,1987,1980s,Horror,Mid,8500000.0,32222567.0,279.08902352941175,7.2,76.0,85.0
Mannequin,1987,1980s,Fantasy,Low,6000000.0,42721196.0,612.0199333333334,6.0,21.0,55.0
Masters of the Universe,1987,1980s,Action,High,22000000.0,17336370.0,-21.19831818181818,5.4,17.0,40.0
The Monster Squad,1987,1980s,Horror,Mid,12000000.0,3769990.0,-68.58341666666666,6.9,62.0,78.0
Head Over Heels,2001,2000s,Comedy,Mid,14000000.0,10424470.0,-25.5395,5.5,,
Hannibal,2001,2000s,Crime,Blockbuster,87000000.0,351692268.0,304.2439862068965,6.8,39.0,62.0
Saving Silverman,2001,2000s,Comedy,High,22000000.0,19351569.0,-12.038322727272726,5.9,19.0,51.0
Recess: School's Out,2001,2000s,Science Fiction,Mid,10000000.0,44460850.0,344.6085,6.5,60.0,56.0
Sweet November,2001,2000s,Drama,High,40000000.0,65754228.0,64.38557,6.7,15.0,76.0
Monkeybone,2001,2000s,Adventure,Blockbuster,75000000.0,5409517.0,-92.78731066666668,4.8,19.0,27.0
3000 Miles to Graceland,2001,2000s,Action,Blockbuster,62000000.0,18720175.0,-69.80616935483872,6.0,14.0,46.0
The Mexican,2001,2000s,Action,Blockbuster,57000000.0,147845033.0,159.37725087719298,6.1,54.0,44.0
"Me, You, Them",2000,2000s,Comedy,Low,1900000.0,2070806.0,8.98978947368421,7.0,,
15 Minutes,2001,2000s,Action,Blockbuster,60000000.0,56359980.0,-6.0667,6.1,32.0,37.0
The Greatest Story Ever Told,1965,1960s,Drama,High,20000000.0,15473333.0,-22.633335,6.6,41.0,64.0
Elmer Gantry,1960,1960s,Drama,Low,3000000.0,10400000.0,246.66666666666669,7.7,,
Battle Beyond the Stars,1980,1980s,Science Fiction,Low,2000000.0,11000000.0,450.0,5.5,45.0,42.0
Death Warrant,1990,1990s,Action,Low,4000000.0,16853487.0,321.337175,5.7,,
Double Impact,1991,1990s,Thriller,Mid,15000000.0,30102717.0,100.68478,5.7,35.0,42.0
Harley Davidson and the Marlboro Man,1991,1990s,Action,High,23000000.0,7434726.0,-67.67510434782609,6.1,21.0,65.0
Losin' It,1983,1980s,Comedy,Mid,7000000.0,1246141.0,-82.19798571428572,5.0,,
Mermaids,1990,1990s,Comedy,High,31000000.0,35419397.0,14.25611935483871,6.7,74.0,70.0
Manhunter,1986,1980s,Crime,Mid,15000000.0,8620929.0,-42.52714,7.2,93.0,77.0
Death on the Nile,1978,1970s,Mystery,Mid,7920000.0,14560084.0,83.83944444444444,7.3,,
The Longest Yard,1974,1970s,Crime,Low,2900000.0,43008075.0,1383.0370689655172,7.1,79.0,75.0
C.H.U.D.,1984,1980s,Horror,Low,1250000.0,3412497.0,172.99975999999998,5.6,,
Enemy at the Gates,2001,2000s,War,Blockbuster,68000000.0,96976270.0,42.61216176470588,7.5,53.0,82.0
Exit Wounds,2001,2000s,Action,Blockbuster,50000000.0,79958599.0,59.917198000000006,5.6,33.0,45.0
Memento,2000,2000s,Mystery,Mid,9000000.0,39723096.0,341.3677333333333,8.4,93.0,94.0
Spy Kids,2001,2000s,Action,High,35000000.0,147934180.0,322.6690857142857,5.6,93.0,46.0
Tomcats,2001,2000s,Comedy,Mid,11000000.0,23430766.0,113.00696363636364,5.3,14.0,42.0
The Tailor of Panama,2001,2000s,Drama,High,21000000.0,28008462.0,33.37362857142857,6.1,77.0,46.0
Amores perros,2000,2000s,Drama,Low,2000000.0,20908467.0,945.42335,8.0,92.0,94.0
Along Came a Spider,2001,2000s,Crime,Blockbuster,60000000.0,105178561.0,75.29760166666667,6.4,32.0,53.0
Blow,2001,2000s,Crime,Blockbuster,53000000.0,83282296.0,57.13640754716981,7.5,55.0,87.0
Pokémon: Spell of the Unknown,2000,2000s,Adventure,Mid,16000000.0,68411275.0,327.57046875000003,5.9,,
Brigham City,2001,2000s,Crime,Low,1000000.0,852206.0,-14.7794,6.7,,
Bridget Jones's Diary,2001,2000s,Comedy,High,25000000.0,281929795.0,1027.71918,6.8,80.0,81.0
Joe Dirt,2001,2000s,Mystery,High,17700000.0,30987695.0,75.07172316384181,6.0,10.0,63.0
Crocodile Dundee in Los Angeles,2001,2000s,Adventure,High,21150000.0,39438674.0,86.4712718676123,4.9,11.0,25.0
Scarface,1983,1980s,Action,High,25000000.0,65884703.0,163.538812,8.3,98.0,86.0
Driven,2001,2000s,Action,Blockbuster,94000000.0,54744738.0,-41.7609170212766,4.6,14.0,33.0
Town & Country,2001,2000s,Comedy,Blockbuster,90000000.0,10372291.0,-88.47523222222222,4.5,13.0,14.0
The Mummy Returns,2001,2000s,Adventure,Blockbuster,98000000.0,433013274.0,341.85027959183674,6.4,47.0,63.0
Cleopatra,1963,1960s,Drama,High,31115000.0,71000000.0,128.18576249397398,7.0,62.0,69.0
Krull,1983,1980s,Fantasy,High,27000000.0,16519460.0,-38.81681481481481,6.1,32.0,51.0
The World According to Garp,1982,1980s,Comedy,Mid,17000000.0,29712172.0,74.77748235294118,7.1,74.0,79.0
A Home of Our Own,1993,1990s,Comedy,Mid,12000000.0,1703282.0,-85.80598333333333,7.1,50.0,73.0
For the Boys,1991,1990s,Music,High,40000000.0,23202444.0,-41.99389,6.4,43.0,75.0
Love Story,1970,1970s,Drama,Low,2200000.0,136400000.0,6100.0,6.9,68.0,75.0
A Knight's Tale,2001,2000s,Adventure,Blockbuster,65000000.0,117487473.0,80.74995846153847,7.0,59.0,79.0
Angel Eyes,2001,2000s,Drama,Blockbuster,53000000.0,29700000.0,-43.9622641509434,5.7,33.0,46.0
Shrek,2001,2000s,Adventure,Blockbuster,60000000.0,484409218.0,707.3486966666667,7.9,88.0,90.0
Moulin Rouge!,2001,2000s,Drama,Blockbuster,52500000.0,179213434.0,241.35892190476196,7.5,76.0,89.0
Pearl Harbor,2001,2000s,History,Blockbuster,140000000.0,449220945.0,220.8721035714286,6.3,24.0,66.0
Postcards from the Edge,1990,1990s,Comedy,High,22000000.0,39071603.0,77.59819545454546,6.7,84.0,66.0
City Slickers,1991,1990s,Action,High,27000000.0,179033791.0,563.0881148148148,6.8,90.0,64.0
Mississippi Burning,1988,1980s,Thriller,Mid,15000000.0,34604000.0,130.69333333333333,7.8,84.0,90.0
The Magnificent Seven,1960,1960s,Western,Low,2000000.0,4905000.0,145.25,7.7,89.0,87.0
Throw Momma from the Train,1987,1980s,Crime,Mid,14000000.0,57915972.0,313.68551428571425,6.3,63.0,54.0
The Sand Pebbles,1966,1960s,Action,Mid,12000000.0,20000000.0,66.66666666666666,7.5,89.0,88.0
The Animal,2001,2000s,Action,High,22000000.0,84772742.0,285.33064545454545,4.9,30.0,28.0
Evolution,2001,2000s,Action,Blockbuster,80000000.0,98376292.0,22.970365,6.1,43.0,48.0
Swordfish,2001,2000s,Action,Blockbuster,102000000.0,147080413.0,44.19648333333333,6.5,25.0,59.0
Catch-22,1970,1970s,War,High,18000000.0,24911670.0,38.39816666666667,7.1,79.0,76.0
Point Break,1991,1990s,Action,High,24000000.0,83531958.0,248.049825,7.3,70.0,79.0
Unlawful Entry,1992,1990s,Crime,High,23000000.0,57138719.0,148.42921304347826,6.4,74.0,48.0
Macabre,1958,1950s,Horror,Low,90000.0,5000000.0,5455.555555555556,5.7,,
Tootsie,1982,1980s,Comedy,High,21000000.0,177200000.0,743.8095238095239,7.4,90.0,81.0
Atlantis: The Lost Empire,2001,2000s,Animation,Blockbuster,120000000.0,186053725.0,55.04477083333333,6.9,,
Lara Croft: Tomb Raider,2001,2000s,Adventure,Blockbuster,115000000.0,274703340.0,138.8724695652174,5.8,,
Dr. Dolittle 2,2001,2000s,Comedy,Blockbuster,70000000.0,176104344.0,151.57763428571428,4.8,42.0,26.0
The Fast and the Furious,2001,2000s,Action,High,38000000.0,207283925.0,445.4840131578948,6.8,53.0,74.0
A.I. Artificial Intelligence,2001,2000s,Drama,Blockbuster,100000000.0,235926552.0,135.926552,7.2,74.0,64.0
Baby Boy,2001,2000s,Crime,Mid,16000000.0,29381649.0,83.63530625,6.5,71.0,87.0
Crazy/Beautiful,2001,2000s,Drama,Mid,13000000.0,16929123.0,30.22402307692308,6.4,63.0,69.0
Cats & Dogs,2001,2000s,Comedy,Blockbuster,60000000.0,93375151.0,55.62525166666666,5.2,54.0,32.0
Kiss of the Dragon,2001,2000s,Action,High,25000000.0,64437847.0,157.751388,6.6,52.0,68.0
Scary Movie 2,2001,2000s,Comedy,Blockbuster,45000000.0,141220678.0,213.8237288888889,5.4,15.0,52.0
The Cannonball Run,1981,1980s,Comedy,High,18000000.0,72179579.0,300.9976611111111,6.2,,
Donovan's Reef,1963,1960s,Adventure,Low,2686000.0,6600000.0,145.71854058078927,6.7,55.0,76.0
House of Usher,1960,1960s,Horror,Low,270000.0,1450000.0,437.037037037037,6.9,,
The Man Who Shot Liberty Valance,1962,1960s,Western,Low,3200000.0,8000000.0,150.0,8.1,94.0,92.0
Shadows and Fog,1991,1990s,Thriller,Mid,14000000.0,2735731.0,-80.45906428571429,6.7,52.0,55.0
The Misfits,1961,1960s,Drama,Low,4000000.0,8200000.0,105.0,7.2,97.0,78.0
Moby Dick,1956,1950s,Adventure,Low,4500000.0,10400000.0,131.11111111111111,7.3,86.0,73.0
The Last Dragon,1985,1980s,Action,Mid,10000000.0,25754284.0,157.54284,6.8,58.0,86.0
Outland,1981,1980s,Science Fiction,Mid,16000000.0,17374595.0,8.59121875,6.6,56.0,54.0
The Way of the Dragon,1972,1970s,Action,Low,130000.0,85000000.0,65284.61538461538,7.1,,
Final Fantasy: The Spirits Within,2001,2000s,Adventure,Blockbuster,137000000.0,85131830.0,-37.85997810218978,6.4,45.0,48.0
Legally Blonde,2001,2000s,Comedy,High,18000000.0,141774679.0,687.6371055555555,6.5,70.0,72.0
The Score,2001,2000s,Action,Blockbuster,68000000.0,71069884.0,4.514535294117647,6.8,73.0,67.0
Made,2001,2000s,Action,Low,5000000.0,5476060.0,9.5212,6.3,71.0,67.0
Above the Law,1988,1980s,Action,Mid,7500000.0,18869631.0,151.59508,6.0,53.0,48.0
The Adventures of Baron Munchausen,1988,1980s,Action,Blockbuster,46630000.0,8083123.0,-82.6654021016513,7.1,92.0,82.0
Apartment Zero,1988,1980s,Thriller,Low,4000000.0,670774.0,-83.23065,6.8,,
Bad Dreams,1988,1980s,Horror,Low,4000000.0,9797098.0,144.92745,5.7,,
Biloxi Blues,1988,1980s,Comedy,High,20000000.0,51684798.0,158.42399,6.7,78.0,62.0
The Blob,1988,1980s,Horror,High,19000000.0,8247943.0,-56.589773684210535,6.7,66.0,52.0
The Boost,1988,1980s,Drama,Mid,8000000.0,784990.0,-90.187625,6.1,40.0,51.0
Camille Claudel 1915,2013,2010s,Drama,Low,3512454.0,115860.0,-96.70145146384836,6.5,,
Cocktail,1988,1980s,Drama,High,20000000.0,171504781.0,757.523905,6.0,7.0,58.0
Colors,1988,1980s,Action,Low,6000000.0,46616067.0,676.93445,6.7,82.0,72.0
Coming to America,1988,1980s,Comedy,High,39000000.0,288752301.0,640.3905153846154,7.1,65.0,85.0
Critters,1986,1980s,Action,Low,2000000.0,13167232.0,558.3616000000001,6.1,52.0,45.0
Critters 2,1988,1980s,Comedy,Low,4500000.0,3813293.0,-15.260155555555556,5.6,,
Ernest Saves Christmas,1988,1980s,Comedy,Low,6000000.0,28202109.0,370.03515,5.8,36.0,42.0
Frantic,1988,1980s,Crime,High,20000000.0,17637950.0,-11.81025,6.8,76.0,64.0
The Great Outdoors,1988,1980s,Comedy,High,24000000.0,43455230.0,81.06345833333334,6.6,40.0,70.0
Hot to Trot,1988,1980s,Comedy,Mid,9000000.0,6436211.0,-28.486544444444444,4.5,0.0,40.0
The Lair of the White Worm,1988,1980s,Comedy,Low,2500000.0,1189315.0,-52.4274,6.1,67.0,47.0
The Land Before Time,1988,1980s,Animation,Mid,12300000.0,84460846.0,586.6735447154472,7.4,,
License to Drive,1988,1980s,Comedy,Mid,8000000.0,22433275.0,180.4159375,6.4,17.0,61.0
My Stepmother is an Alien,1988,1980s,Comedy,High,20000000.0,13854000.0,-30.73,5.4,19.0,30.0
Off Limits,1988,1980s,Action,Mid,12000000.0,7242035.0,-39.649708333333336,6.2,,
Permanent Record,1988,1980s,Drama,Mid,8000000.0,1893139.0,-76.3357625,6.4,50.0,69.0
Red Heat,1988,1980s,Action,High,29000000.0,34994648.0,20.6712,6.1,67.0,37.0
Return of the Living Dead Part II,1988,1980s,Comedy,Mid,6200000.0,9205924.0,48.48264516129032,5.7,0.0,44.0
The Return of the Living Dead,1985,1980s,Comedy,Low,4000000.0,14237000.0,255.925,7.3,91.0,79.0
The Man from Snowy River,1982,1980s,Family,Low,3500000.0,20659423.0,490.2692285714286,7.2,85.0,89.0
The Serpent and the Rainbow,1988,1980s,Horror,Mid,7000000.0,19595031.0,179.9290142857143,6.4,65.0,56.0
Sunset,1988,1980s,Action,Mid,16000000.0,4594452.0,-71.284675,5.7,23.0,30.0
They Live,1988,1980s,Action,Low,4000000.0,13008928.0,225.2232,7.2,86.0,79.0
Twins,1988,1980s,Comedy,Mid,15000000.0,216614388.0,1344.09592,6.2,43.0,39.0
Always,1989,1980s,Fantasy,High,31000000.0,74134790.0,139.14448387096775,6.4,67.0,60.0
American Ninja,1985,1980s,Action,Low,1000000.0,10499694.0,949.9694,5.5,,
The Big Picture,1989,1980s,Comedy,Low,5000000.0,117463.0,-97.65074,6.2,87.0,45.0
Bill & Ted's Excellent Adventure,1989,1980s,Adventure,Mid,10000000.0,40485039.0,304.85039,6.9,,
Black Rain,1989,1980s,Action,High,30000000.0,45892212.0,52.97404,6.6,50.0,55.0
Casualties of War,1989,1980s,Drama,High,22500000.0,18671317.0,-17.016368888888888,7.1,83.0,75.0
Cyborg,1989,1980s,Action,Low,500000.0,10166459.0,1933.2918,5.1,,
Dad,1989,1980s,Drama,High,19000000.0,19738015.0,3.8842894736842095,6.3,60.0,60.0
Earth Girls Are Easy,1988,1980s,Music,Mid,10000000.0,3916303.0,-60.83697,5.5,68.0,42.0
Farewell to the King,1989,1980s,War,Mid,16000000.0,2420917.0,-84.86926875,6.3,55.0,54.0
Harlem Nights,1989,1980s,Comedy,High,30000000.0,60864870.0,102.8829,6.1,21.0,80.0
Johnny Handsome,1989,1980s,Crime,High,20000000.0,7237794.0,-63.81103,6.1,62.0,46.0
K-9,1989,1980s,Action,Mid,17000000.0,78247647.0,360.2802764705882,6.1,22.0,44.0
Kickboxer,1989,1980s,Action,Low,1500000.0,14697005.0,879.8003333333334,6.4,36.0,65.0
Leviathan,1989,1980s,Adventure,High,25000000.0,15704614.0,-37.181544,5.8,98.0,80.0
Little Monsters,1989,1980s,Adventure,Mid,7000000.0,793775.0,-88.66035714285714,6.1,44.0,62.0
Lock Up,1989,1980s,Action,High,24000000.0,22099847.0,-7.917304166666667,6.4,23.0,50.0
Look Who's Talking,1989,1980s,Comedy,Mid,7500000.0,296000000.0,3846.666666666667,6.0,56.0,47.0
Major League,1989,1980s,Comedy,Mid,11000000.0,49797148.0,352.70134545454545,7.2,83.0,84.0
Miracle Mile,1989,1980s,Romance,Low,3000000.0,1145404.0,-61.81986666666667,7.0,91.0,73.0
Next of Kin,1989,1980s,Adventure,Mid,12000000.0,15942628.0,32.85523333333333,5.9,56.0,45.0
No Holds Barred,1989,1980s,Action,Mid,8000000.0,16093651.0,101.1706375,4.4,10.0,34.0
Red Scorpion,1988,1980s,Action,Mid,16000000.0,4192440.0,-73.79725,5.2,17.0,36.0
Jurassic Park III,2001,2000s,Adventure,Blockbuster,93000000.0,368780809.0,296.53850430107525,6.0,49.0,36.0
Brother,2000,2000s,Crime,Mid,12000000.0,15250000.0,27.08333333333333,7.1,47.0,79.0
Planet of the Apes,2001,2000s,Thriller,Blockbuster,100000000.0,362211740.0,262.21174,5.7,87.0,87.0
Cure,1997,1990s,Crime,Low,20000.0,99000.0,395.0,7.5,,
Jackpot,2001,2000s,,Low,400000.0,43719.0,-89.07025,5.5,59.0,55.0
Wet Hot American Summer,2001,2000s,Comedy,Low,5000000.0,295206.0,-94.09588,6.5,38.0,76.0
Road House,1989,1980s,Action,Mid,15000000.0,30050028.0,100.33352,6.7,39.0,66.0
Sea of Love,1989,1980s,Drama,High,19000000.0,110879513.0,483.5763842105263,6.8,76.0,66.0
"See No Evil, Hear No Evil",1989,1980s,Crime,High,18000000.0,46908987.0,160.60548333333332,6.8,28.0,72.0
Shocker,1989,1980s,Thriller,Low,5000000.0,16554699.0,231.09398,5.5,24.0,31.0
Tango & Cash,1989,1980s,Action,Blockbuster,55000000.0,63408614.0,15.28838909090909,6.4,30.0,52.0
Three Fugitives,1989,1980s,Comedy,Mid,15000000.0,40590000.0,170.6,6.2,14.0,50.0
Uncle Buck,1989,1980s,Comedy,Mid,15000000.0,79258538.0,428.39025333333336,7.1,61.0,76.0
Vampire's Kiss,1988,1980s,Comedy,Low,2000000.0,725131.0,-63.74345,6.1,61.0,53.0
The Wizard,1989,1980s,Adventure,Low,6000000.0,14278900.0,137.98166666666668,6.1,32.0,60.0
The Cotton Club,1984,1980s,Music,Blockbuster,58000000.0,25928721.0,-55.29530862068965,6.6,76.0,55.0
Original Sin,2001,2000s,Thriller,Blockbuster,42000000.0,35402320.0,-15.708761904761904,6.0,12.0,61.0
The Princess Diaries,2001,2000s,Comedy,High,37000000.0,165335153.0,346.8517648648649,6.4,48.0,68.0
Rush Hour 2,2001,2000s,Action,Blockbuster,90000000.0,347325802.0,285.91755777777774,6.7,52.0,74.0
Paint Your Wagon,1969,1960s,Drama,High,20000000.0,31678778.0,58.393890000000006,6.6,27.0,68.0
Altered States,1980,1980s,Mystery,Mid,15000000.0,19853892.0,32.35928,6.9,84.0,71.0
American Pie 2,2001,2000s,Comedy,High,30000000.0,287553595.0,858.5119833333333,6.5,52.0,68.0
Osmosis Jones,2001,2000s,Adventure,Blockbuster,75000000.0,13596911.0,-81.87078533333333,6.3,55.0,41.0
American Outlaws,2001,2000s,Action,High,35000000.0,13678913.0,-60.91739142857144,5.9,14.0,68.0
Session 9,2001,2000s,Horror,Low,1500000.0,373967.0,-75.06886666666666,6.4,64.0,63.0
Captain Corelli's Mandolin,2001,2000s,Drama,Blockbuster,57000000.0,62112895.0,8.969991228070176,5.9,28.0,50.0
Rat Race,2001,2000s,Adventure,Blockbuster,48000000.0,85498534.0,78.12194583333333,6.5,44.0,64.0
Jay and Silent Bob Strike Back,2001,2000s,Comedy,High,22000000.0,33788161.0,53.58255,6.8,52.0,75.0
Ghosts of Mars,2001,2000s,Action,High,28000000.0,14010832.0,-49.96131428571429,4.9,,
Summer Catch,2001,2000s,Drama,High,34000000.0,19693891.0,-42.07679117647059,5.1,8.0,41.0
Jeepers Creepers,2001,2000s,Horror,Mid,10000000.0,59217789.0,492.17788999999993,6.2,46.0,48.0
Vamp,1986,1980s,Comedy,Low,1900000.0,4790926.0,152.154,5.9,25.0,48.0
The Musketeer,2001,2000s,Action,High,40000000.0,27053815.0,-32.3654625,4.8,,
Rock Star,2001,2000s,Music,Blockbuster,57000000.0,16991902.0,-70.18964561403509,6.3,53.0,59.0
L.I.E.,2001,2000s,Drama,Low,700000.0,1667192.0,138.1702857142857,7.1,84.0,78.0
The Glass House,2001,2000s,Drama,High,30000000.0,23619609.0,-21.26797,5.8,21.0,39.0
Hardball,2001,2000s,Comedy,High,32000000.0,40222729.0,25.696028125,6.4,41.0,70.0
Big Trouble,2002,2000s,Action,High,40000000.0,8493890.0,-78.765275,6.4,48.0,54.0
Glitter,2001,2000s,Drama,High,22000000.0,5271666.0,-76.03788181818182,2.5,6.0,48.0
Training Day,2001,2000s,Action,Blockbuster,45000000.0,104876233.0,133.05829555555556,7.8,73.0,89.0
Sidewalks of New York,2001,2000s,Comedy,Low,1000000.0,2402459.0,140.24589999999998,6.4,56.0,54.0
"It's a Mad, Mad, Mad, Mad World",1963,1960s,Action,Mid,9400000.0,60000000.0,538.2978723404256,7.5,70.0,83.0
Play Misty for Me,1971,1970s,Crime,Low,725000.0,10600000.0,1362.0689655172414,6.9,82.0,72.0
Pocketful of Miracles,1961,1960s,Comedy,Low,2900000.0,5000000.0,72.41379310344827,7.1,50.0,72.0
SpaceCamp,1986,1980s,Family,High,18000000.0,9697739.0,-46.12367222222223,5.8,,
Don't Say a Word,2001,2000s,Thriller,Blockbuster,50000000.0,100020092.0,100.040184,6.3,24.0,49.0
Hearts in Atlantis,2001,2000s,Drama,High,31000000.0,24185781.0,-21.98135161290323,6.9,49.0,64.0
Zoolander,2001,2000s,Comedy,High,28000000.0,60780981.0,117.07493214285714,6.5,64.0,80.0
Joy Ride,2001,2000s,Mystery,High,23000000.0,36642838.0,59.316686956521735,6.6,,
Max Keeble's Big Move,2001,2000s,Comedy,Mid,12000000.0,17292381.0,44.103175,5.5,29.0,38.0
Serendipity,2001,2000s,Comedy,High,28000000.0,77516304.0,176.84394285714288,6.8,58.0,79.0
The Big Red One,1980,1980s,Drama,Low,4500000.0,7206220.0,60.13822222222223,7.1,90.0,78.0
Coal Miner's Daughter,1980,1980s,Drama,Mid,15000000.0,67182787.0,347.88524666666666,7.5,86.0,86.0
Bandits,2001,2000s,Action,Blockbuster,75000000.0,67631903.0,-9.824129333333332,6.5,64.0,58.0
Corky Romano,2001,2000s,Action,Mid,11000000.0,23978402.0,117.98547272727274,4.8,7.0,39.0
Mulholland Drive,2001,2000s,Thriller,Mid,15000000.0,20117339.0,34.11559333333333,7.9,83.0,87.0
Bones,2001,2000s,Action,Mid,10000000.0,7316658.0,-26.833420000000004,4.5,23.0,40.0
Dirty Harry,1971,1970s,Action,Low,4000000.0,35976000.0,799.4,7.7,89.0,90.0
Fiddler on the Roof,1971,1970s,Drama,Mid,9000000.0,83304330.0,825.6036666666666,8.0,83.0,92.0
From Hell,2001,2000s,Horror,High,35000000.0,74558115.0,113.02318571428572,6.7,57.0,66.0
The Last Castle,2001,2000s,Action,Blockbuster,72000000.0,27642707.0,-61.60735138888889,7.0,52.0,74.0
Riding in Cars with Boys,2001,2000s,Comedy,Blockbuster,48000000.0,35743308.0,-25.534775,6.5,49.0,66.0
K-PAX,2001,2000s,Drama,Blockbuster,48000000.0,50315140.0,4.8232083333333335,7.4,42.0,75.0
Donnie Darko,2001,2000s,Fantasy,Low,6000000.0,1270522.0,-78.82463333333334,8.0,86.0,80.0
Domestic Disturbance,2001,2000s,Mystery,Blockbuster,75000000.0,54249294.0,-27.667608,5.6,24.0,37.0
"Monsters, Inc.",2001,2000s,Animation,Blockbuster,115000000.0,562816256.0,389.40544,8.1,96.0,90.0
The One,2001,2000s,Action,Blockbuster,49000000.0,72700000.0,48.36734693877551,5.9,14.0,51.0
Tape,2001,2000s,Drama,Low,100000.0,490475.0,390.475,7.2,77.0,76.0
Shallow Hal,2001,2000s,Comedy,High,40000000.0,141069860.0,252.67465,6.0,50.0,45.0
The Wash,2001,2000s,Action,Mid,7000000.0,10229331.0,46.1333,4.8,8.0,64.0
Harry Potter and the Philosopher's Stone,2001,2000s,Adventure,Blockbuster,125000000.0,976475550.0,681.18044,7.7,,
Novocaine,2001,2000s,Comedy,Low,6000000.0,2025238.0,-66.24603333333333,5.8,38.0,38.0
Out Cold,2001,2000s,Comedy,High,24000000.0,14782676.0,-38.40551666666666,6.3,8.0,84.0
Spy Game,2001,2000s,Action,Blockbuster,92000000.0,143049560.0,55.488652173913046,7.1,66.0,75.0
The Devil's Backbone,2001,2000s,Fantasy,Low,4500000.0,6459020.0,43.53377777777778,7.3,,
Funny Girl,1968,1960s,Drama,Mid,14000000.0,52223306.0,273.02361428571425,7.4,93.0,85.0
Subway,1985,1980s,Action,Low,2000000.0,390659.0,-80.46705,6.5,75.0,75.0
The Last Wave,1977,1970s,Drama,Low,810000.0,1258000.0,55.30864197530864,6.9,81.0,79.0
Dressed to Kill,1980,1980s,Horror,Mid,6500000.0,31899000.0,390.75384615384615,7.0,80.0,74.0
Flash Gordon,1980,1980s,Science Fiction,High,35000000.0,27107960.0,-22.548685714285718,6.5,83.0,69.0
The Enforcer,1976,1970s,Action,Mid,9000000.0,46236000.0,413.73333333333335,6.7,68.0,59.0
The Gauntlet,1977,1970s,Drama,Low,5500000.0,26414658.0,380.2665090909091,6.4,75.0,54.0
Lone Wolf McQuade,1983,1980s,Action,Low,5000000.0,12232628.0,144.65256,6.3,57.0,66.0
Sudden Impact,1983,1980s,Action,High,22000000.0,67642693.0,207.46678636363637,6.6,56.0,54.0
Behind Enemy Lines,2001,2000s,Action,High,40000000.0,91753202.0,129.383005,6.4,37.0,62.0
Ocean's Eleven,2001,2000s,Thriller,Blockbuster,85000000.0,450717150.0,430.2554705882353,7.7,82.0,80.0
Amélie,2001,2000s,Comedy,Mid,10000000.0,173921954.0,1639.2195399999998,8.3,89.0,95.0
Not Another Teen Movie,2001,2000s,Comedy,Mid,16000000.0,66468332.0,315.427075,5.8,29.0,55.0
Vanilla Sky,2001,2000s,Drama,Blockbuster,68000000.0,203388341.0,199.10050147058823,6.9,42.0,72.0
The Royal Tenenbaums,2001,2000s,Comedy,High,21000000.0,71441250.0,240.19642857142856,7.6,80.0,89.0
Sheena,1984,1980s,Action,High,25000000.0,5778353.0,-76.886588,4.9,30.0,32.0
Silent Rage,1982,1980s,Action,Low,4500000.0,10500000.0,133.33333333333331,5.5,80.0,39.0
Spacehunter: Adventures in the Forbidden Zone,1983,1980s,Adventure,Mid,15000000.0,16500000.0,10.0,5.5,23.0,37.0
How High,2001,2000s,Comedy,Mid,12000000.0,31155435.0,159.628625,6.2,26.0,79.0
Jimmy Neutron: Boy Genius,2001,2000s,Action,High,25000000.0,80936232.0,223.744928,6.1,,
The Lord of the Rings: The Fellowship of the Ring,2001,2000s,Adventure,Blockbuster,93000000.0,871368364.0,836.9552301075269,8.9,91.0,95.0
The Majestic,2001,2000s,Drama,Blockbuster,72000000.0,37317558.0,-48.17005833333333,6.9,42.0,60.0
A Beautiful Mind,2001,2000s,Drama,Blockbuster,60000000.0,313542341.0,422.57056833333337,8.2,74.0,93.0
Witness for the Prosecution,1957,1950s,Drama,Low,3000000.0,9000000.0,200.0,8.4,100.0,95.0
Ali,2001,2000s,Drama,Blockbuster,107000000.0,87713825.0,-18.02446261682243,6.7,68.0,65.0
Black Hawk Down,2001,2000s,Action,Blockbuster,92000000.0,172989651.0,88.03222934782609,7.7,76.0,88.0
Yentl,1983,1980s,Music,Mid,12000000.0,30400000.0,153.33333333333334,6.6,65.0,75.0
Gosford Park,2001,2000s,Drama,High,19800000.0,87754044.0,343.2022424242424,7.2,86.0,78.0
I Am Sam,2001,2000s,Drama,High,22000000.0,92542418.0,320.64735454545456,7.6,35.0,87.0
Monster's Ball,2001,2000s,Drama,Low,4000000.0,44909486.0,1022.73715,7.0,85.0,67.0
Silent Trigger,1996,1990s,Drama,Mid,15000000.0,76382.0,-99.49078666666666,5.4,,
Brotherhood of the Wolf,2001,2000s,Adventure,High,29000000.0,70752904.0,143.97553103448274,7.0,,
Another 48 Hrs.,1990,1990s,Thriller,High,38000000.0,153518974.0,303.9973,5.9,21.0,35.0
Dragonslayer,1981,1980s,Fantasy,High,18000000.0,14110013.0,-21.61103888888889,6.6,84.0,62.0
Conan the Destroyer,1984,1980s,Adventure,High,18000000.0,100000000.0,455.55555555555554,5.9,25.0,38.0
Fire and Ice,1983,1980s,Animation,Low,1200000.0,760883.0,-36.59308333333333,6.5,60.0,53.0
Galaxina,1980,1980s,Comedy,Low,5500000.0,4865000.0,-11.545454545454543,3.7,17.0,24.0
48 Hrs.,1982,1980s,Thriller,Mid,12000000.0,78868508.0,557.2375666666667,6.9,,
Brainstorm,1983,1980s,Science Fiction,Mid,15000000.0,10219460.0,-31.87026666666667,6.4,55.0,56.0
Dragon: The Bruce Lee Story,1993,1990s,Drama,Mid,14000000.0,63513743.0,353.66959285714285,7.0,71.0,79.0
M*A*S*H,1970,1970s,Comedy,Low,3500000.0,81600000.0,2231.428571428571,7.3,87.0,83.0
One-Eyed Jacks,1961,1960s,Western,Low,6000000.0,4300000.0,-28.33333333333333,7.1,56.0,72.0
The Count of Monte Cristo,2002,2000s,Action,High,35000000.0,75395048.0,115.41442285714284,7.7,73.0,88.0
The Mothman Prophecies,2002,2000s,Drama,High,32000000.0,55157539.0,72.367309375,6.4,52.0,56.0
A Walk to Remember,2002,2000s,Drama,Mid,11000000.0,41227069.0,274.79153636363634,7.3,27.0,78.0
Metropolis,2001,2000s,Animation,Mid,14500000.0,95789342.0,560.6161517241379,7.2,97.0,92.0
Cousins,1989,1980s,Comedy,Mid,13000000.0,22030000.0,69.46153846153847,6.4,50.0,67.0
Slackers,2002,2000s,Comedy,Mid,14000000.0,6413915.0,-54.18632142857143,5.3,10.0,51.0
Honky Tonk Freeway,1981,1980s,Action,High,24000000.0,939423.0,-96.0857375,5.2,,
Big Fat Liar,2002,2000s,Comedy,Mid,15000000.0,52970014.0,253.13342666666668,5.5,44.0,44.0
Collateral Damage,2002,2000s,Action,Blockbuster,85000000.0,78382433.0,-7.78537294117647,5.5,19.0,27.0
Baby's Day Out,1994,1990s,Action,Blockbuster,50000000.0,16671505.0,-66.65699000000001,6.2,20.0,52.0
The Man Who Loved Women,1983,1980s,Comedy,High,19000000.0,11000000.0,-42.10526315789473,5.3,33.0,37.0
Crossroads,2002,2000s,Action,Mid,12000000.0,61141030.0,409.5085833333333,3.9,73.0,82.0
Hart's War,2002,2000s,Drama,Blockbuster,70000000.0,32287044.0,-53.87565142857142,6.4,59.0,48.0
John Q,2002,2000s,Drama,High,36000000.0,102244770.0,184.01325,7.1,23.0,78.0
Return to Never Land,2002,2000s,Adventure,High,20000000.0,109862682.0,449.31341,5.8,45.0,38.0
Super Troopers,2001,2000s,Comedy,Low,3000000.0,18492362.0,516.4120666666666,7.0,35.0,90.0
The Good Son,1993,1990s,Drama,Mid,17000000.0,44456478.0,161.50869411764705,6.4,26.0,54.0
Used Cars,1980,1980s,Action,Mid,8000000.0,11715321.0,46.4415125,6.7,77.0,69.0
Dragonfly,2002,2000s,Drama,Blockbuster,60000000.0,52322400.0,-12.796,6.1,,
Queen of the Damned,2002,2000s,Drama,High,35000000.0,45479110.0,29.940314285714287,5.3,17.0,66.0
The Bad News Bears,1976,1970s,Comedy,High,35000000.0,35323292.0,0.9236914285714286,7.3,97.0,80.0
We Were Soldiers,2002,2000s,Action,Blockbuster,75000000.0,114660784.0,52.88104533333333,7.2,63.0,84.0
Intersection,1994,1990s,Drama,Blockbuster,45000000.0,21355893.0,-52.542460000000005,5.4,9.0,40.0
A Troll in Central Park,1994,1990s,Fantasy,High,23000000.0,71368.0,-99.6897043478261,5.3,14.0,46.0
Scarlet Street,1945,1940s,Drama,Low,1202007.0,2948386.0,145.28858816961966,7.7,100.0,88.0
All About the Benjamins,2002,2000s,Action,Mid,14000000.0,25482931.0,82.02093571428571,5.8,30.0,77.0
The Time Machine,2002,2000s,Science Fiction,Blockbuster,80000000.0,123729176.0,54.66147,6.0,76.0,79.0
Full Frontal,2002,2000s,Comedy,Low,2000000.0,2506446.0,25.3223,4.7,39.0,27.0
Heaven's Gate,1980,1980s,Action,Blockbuster,44000000.0,3484331.0,-92.08106590909092,6.7,58.0,54.0
The Long Riders,1980,1980s,Western,Mid,10000000.0,15795189.0,57.95188999999999,6.9,83.0,74.0
Ice Age,2002,2000s,Animation,Blockbuster,59000000.0,383257136.0,549.5883661016949,7.5,77.0,82.0
Resident Evil,2002,2000s,Horror,High,33000000.0,102984862.0,212.0753393939394,6.6,36.0,67.0
Showtime,2002,2000s,Action,Blockbuster,85000000.0,77741732.0,-8.539138823529411,5.6,25.0,25.0
Kissing Jessica Stein,2001,2000s,Comedy,Low,1000000.0,10013424.0,901.3424,6.5,83.0,65.0
Y Tu Mamá También,2001,2000s,Drama,Low,5000000.0,33616692.0,572.33384,7.7,,
Taps,1981,1980s,Drama,Mid,14000000.0,35856053.0,156.11466428571427,6.8,68.0,67.0
Blade II,2002,2000s,Fantasy,Blockbuster,54000000.0,155010032.0,187.0556148148148,6.7,57.0,68.0
Clockstoppers,2002,2000s,Adventure,High,26000000.0,38793283.0,49.204934615384616,5.2,29.0,30.0
Panic Room,2002,2000s,Crime,Blockbuster,48000000.0,196397415.0,309.16128125,6.8,75.0,63.0
The Rookie,2002,2000s,Drama,High,20000000.0,75597042.0,277.98521,6.9,29.0,36.0
The Piano Teacher,2001,2000s,Drama,Low,3000000.0,9801375.0,226.7125,7.5,,
High Crimes,2002,2000s,Drama,Blockbuster,42000000.0,63781810.0,51.86145238095238,6.4,31.0,50.0
National Lampoon’s Van Wilder,2002,2000s,Comedy,Low,5000000.0,38275483.0,665.50966,6.4,,
Rashomon,1950,1950s,Crime,Low,250000.0,96568.0,-61.372800000000005,8.1,,
Changing Lanes,2002,2000s,Action,Blockbuster,45000000.0,94935764.0,110.96836444444445,6.5,77.0,53.0
Frailty,2001,2000s,Drama,Mid,11000000.0,13110448.0,19.185890909090908,7.2,74.0,78.0
The Sweetest Thing,2002,2000s,Romance,Blockbuster,43000000.0,68696770.0,59.75993023255815,5.2,27.0,65.0
The Cat's Meow,2001,2000s,Drama,Mid,7000000.0,3646994.0,-47.90008571428571,6.4,75.0,51.0
Human Nature,2001,2000s,Drama,Low,6000000.0,705308.0,-88.24486666666667,6.4,49.0,61.0
My Big Fat Greek Wedding,2002,2000s,Comedy,Low,5000000.0,368744044.0,7274.880880000001,6.6,76.0,73.0
Breakout,1975,1970s,Action,Low,1000000.0,16000000.0,1500.0,6.1,40.0,41.0
Murder by Numbers,2002,2000s,Crime,Blockbuster,50000000.0,56714147.0,13.428294,6.2,31.0,49.0
The Scorpion King,2002,2000s,Action,Blockbuster,60000000.0,165333180.0,175.5553,5.5,41.0,38.0
Jason X,2001,2000s,Horror,Mid,11000000.0,16951798.0,54.10725454545455,4.5,20.0,25.0
Life or Something Like It,2002,2000s,Comedy,High,40000000.0,16872671.0,-57.8183225,5.8,28.0,44.0
Salton Sea,2002,2000s,Crime,High,18000000.0,676698.0,-96.24056666666668,7.0,,
Vulgar,2000,2000s,Drama,Low,120000.0,14904.0,-87.58,5.2,23.0,41.0
Delirious,1991,1990s,Fantasy,High,18000000.0,5546827.0,-69.18429444444445,5.8,83.0,57.0
Joe,1970,1970s,Drama,Low,106000.0,19319254.0,18125.71132075472,6.8,82.0,64.0
Thief of Hearts,1984,1980s,Crime,Mid,9000000.0,10364904.0,15.1656,5.8,0.0,51.0
Spider-Man,2002,2000s,Fantasy,Blockbuster,139000000.0,821708551.0,491.1572309352519,7.4,90.0,67.0
Rambling Rose,1991,1990s,Drama,Mid,7500000.0,6266621.0,-16.445053333333334,6.5,100.0,53.0
White Fang,1991,1990s,Action,Mid,14000000.0,34793160.0,148.52257142857144,6.7,65.0,63.0
Unfaithful,2002,2000s,Thriller,Blockbuster,50000000.0,119137784.0,138.275568,6.7,50.0,68.0
My Beautiful Laundrette,1985,1980s,Romance,Low,860000.0,2451545.0,185.06337209302325,6.8,97.0,75.0
About a Boy,2002,2000s,Drama,High,27000000.0,129000000.0,377.77777777777777,7.1,93.0,55.0
Star Wars: Episode II - Attack of the Clones,2002,2000s,Adventure,Blockbuster,120000000.0,649398328.0,441.1652733333334,6.6,65.0,56.0
The Believer,2001,2000s,Drama,Low,1500000.0,416925.0,-72.205,7.1,83.0,82.0
Enough,2002,2000s,Drama,High,38000000.0,51801187.0,36.31891315789474,5.8,22.0,67.0
Insomnia,2002,2000s,Crime,Blockbuster,46000000.0,113714830.0,147.20615217391304,7.2,92.0,77.0
Spirit: Stallion of the Cimarron,2002,2000s,Western,Blockbuster,80000000.0,122563539.0,53.20442375,7.2,,
The Sum of All Fears,2002,2000s,Thriller,Blockbuster,68000000.0,193000000.0,183.8235294117647,6.5,60.0,49.0
Undercover Brother,2002,2000s,Action,High,25000000.0,41604473.0,66.417892,5.9,77.0,64.0
Rapid Fire,1992,1990s,Action,Mid,10000000.0,14356479.0,43.56479,6.3,45.0,55.0
Bad Company,2002,2000s,Action,Blockbuster,70000000.0,65977295.0,-5.746721428571429,5.6,92.0,71.0
Atanarjuat: The Fast Runner,2002,2000s,Fantasy,Low,1934000.0,3786801.0,95.80149948293692,7.4,,
The Bourne Identity,2002,2000s,Action,Blockbuster,60000000.0,214034224.0,256.72370666666666,7.8,83.0,93.0
Scooby-Doo,2002,2000s,Mystery,Blockbuster,84000000.0,275650703.0,228.1555988095238,5.4,30.0,38.0
Windtalkers,2002,2000s,Drama,Blockbuster,115000000.0,77628265.0,-32.497160869565214,6.1,33.0,50.0
Hombre,1967,1960s,Action,Low,5860000.0,12000000.0,104.77815699658704,7.4,93.0,80.0
The Manhattan Project,1986,1980s,Science Fiction,High,18000000.0,3900000.0,-78.33333333333333,6.1,50.0,46.0
She Wore a Yellow Ribbon,1949,1940s,Western,Low,1600000.0,5400000.0,237.5,7.2,95.0,80.0
Lilo & Stitch,2002,2000s,Animation,Blockbuster,80000000.0,145771527.0,82.21440875,7.4,86.0,77.0
Minority Report,2002,2000s,Action,Blockbuster,102000000.0,358372926.0,251.34600588235293,7.6,90.0,80.0
Mr. Deeds,2002,2000s,Comedy,Blockbuster,50000000.0,171269535.0,242.53907,5.8,22.0,59.0
Lovely & Amazing,2001,2000s,Comedy,Low,250000.0,4186931.0,1574.7724,6.7,,
Men in Black II,2002,2000s,Action,Blockbuster,140000000.0,441818803.0,215.58485928571423,6.2,39.0,45.0
The Powerpuff Girls Movie,2002,2000s,Animation,Mid,10000000.0,11411644.0,14.11644,6.5,,
Reign of Fire,2002,2000s,Adventure,Blockbuster,60000000.0,43061982.0,-28.23003,6.2,42.0,49.0
Road to Perdition,2002,2000s,Thriller,Blockbuster,80000000.0,181001478.0,126.2518475,7.6,81.0,86.0
Perfect,1985,1980s,Drama,High,19000000.0,12918858.0,-32.006010526315784,4.8,19.0,28.0
The Legend of Boggy Creek,1972,1970s,Mystery,Low,100000.0,22000000.0,21900.0,5.3,,
Halloween: Resurrection,2002,2000s,Horror,Mid,13000000.0,37664855.0,189.72965384615387,3.9,12.0,25.0
K-19: The Widowmaker,2002,2000s,Drama,Blockbuster,100000000.0,35168966.0,-64.831034,6.7,61.0,52.0
Stuart Little 2,2002,2000s,Family,Blockbuster,120000000.0,169956806.0,41.63067166666667,5.5,81.0,41.0
Austin Powers in Goldmember,2002,2000s,Comedy,Blockbuster,63000000.0,296655431.0,370.8816365079365,6.3,53.0,44.0
The Kid Stays in the Picture,2002,2000s,Documentary,Low,40000.0,1434436.0,3486.09,7.3,91.0,80.0
Happy Times,2000,2000s,Drama,Low,1900000.0,240093.0,-87.36352631578947,7.3,,
Tadpole,2002,2000s,Comedy,Low,150000.0,2891288.0,1827.5253333333333,6.1,78.0,57.0
Top Secret!,1984,1980s,Comedy,Mid,9000000.0,20458340.0,127.31488888888887,7.2,77.0,80.0
Signs,2002,2000s,Drama,Blockbuster,72000000.0,408247917.0,467.01099583333337,6.8,74.0,67.0
Spy Kids 2: The Island of Lost Dreams,2002,2000s,Action,High,38000000.0,119723358.0,215.06146842105264,5.3,75.0,39.0
The Good Girl,2002,2000s,Drama,Mid,8000000.0,16856124.0,110.70155,6.4,,
Blood Work,2002,2000s,Crime,Blockbuster,50000000.0,26199517.0,-47.600966,6.4,53.0,40.0
xXx,2002,2000s,Action,Blockbuster,70000000.0,277448382.0,296.3548314285714,5.9,48.0,58.0
Martin Lawrence Live: Runteldat,2002,2000s,Comedy,Low,3000000.0,19184015.0,539.4671666666667,5.4,,
The Adventures of Pluto Nash,2002,2000s,Action,Blockbuster,100000000.0,7103973.0,-92.896027,3.9,4.0,19.0
Blue Crush,2002,2000s,Adventure,High,25000000.0,51842679.0,107.37071600000002,5.7,61.0,58.0
The Isle,2000,2000s,Drama,Low,50000.0,21075.0,-57.85,6.9,78.0,73.0
Possession,2002,2000s,Drama,High,25000000.0,10113733.0,-59.545068,6.3,64.0,58.0
One Hour Photo,2002,2000s,Horror,Mid,12000000.0,52223306.0,335.19421666666665,6.8,82.0,65.0
Serving Sara,2002,2000s,Comedy,High,29000000.0,16930185.0,-41.62005172413793,5.3,4.0,26.0
Undisputed,2002,2000s,Action,High,20000000.0,12398628.0,-38.00686,6.1,48.0,47.0
Clash of the Titans,1981,1980s,Adventure,Mid,15000000.0,41092328.0,173.94885333333335,6.9,68.0,70.0
Hot Shots!,1991,1990s,Action,High,26000000.0,181096164.0,596.5237076923077,6.7,83.0,65.0
Camilla,1994,1990s,Adventure,Mid,8500000.0,250993.0,-97.0471411764706,6.0,40.0,39.0
Down and Out in Beverly Hills,1986,1980s,Comedy,Mid,14000000.0,62134225.0,343.81589285714284,6.3,79.0,52.0
Love Me Tender,1956,1950s,Drama,Low,1000000.0,9000000.0,800.0,6.2,55.0,65.0
Wolfen,1981,1980s,Drama,Mid,17000000.0,10626725.0,-37.48985294117647,6.3,75.0,46.0
FearDotCom,2002,2000s,Horror,High,40000000.0,18902015.0,-52.7449625,3.4,3.0,18.0
City By The Sea,2002,2000s,Crime,High,40000000.0,22433915.0,-43.9152125,6.1,48.0,40.0
Swimfan,2002,2000s,Drama,Mid,8500000.0,34411240.0,304.8381176470588,5.1,15.0,32.0
Barbershop,2002,2000s,Comedy,Mid,12000000.0,75781642.0,531.5136833333333,6.4,83.0,62.0
The Transporter,2002,2000s,Action,High,21000000.0,43928932.0,109.18539047619046,6.8,54.0,73.0
Igby Goes Down,2002,2000s,Comedy,Mid,9000000.0,4777465.0,-46.91705555555556,6.8,76.0,80.0
Captain Ron,1992,1990s,Action,High,24000000.0,22518097.0,-6.174595833333334,5.9,23.0,52.0
The Hills Have Eyes,1977,1970s,Horror,Low,230000.0,25000000.0,10769.565217391304,6.3,65.0,54.0
Spaced Invaders,1990,1990s,Comedy,Low,3000000.0,15369573.0,412.3191000000001,5.3,8.0,51.0
Ballistic: Ecks vs. Sever,2002,2000s,Action,Blockbuster,70000000.0,19924033.0,-71.53709571428571,3.7,0.0,19.0
The Four Feathers,2002,2000s,War,High,35000000.0,29882645.0,-14.621014285714285,6.5,100.0,85.0
Trapped,2002,2000s,Action,High,30000000.0,6916869.0,-76.94377,6.1,17.0,48.0
Secretary,2002,2000s,Comedy,Low,4000000.0,9304609.0,132.615225,6.9,76.0,82.0
Spirited Away,2001,2000s,Fantasy,Mid,15000000.0,274925095.0,1732.8339666666668,8.6,97.0,96.0
Sweet Home Alabama,2002,2000s,Comedy,High,30000000.0,180622424.0,502.0747466666666,6.2,38.0,78.0
Moonlight Mile,2002,2000s,Romance,High,21000000.0,10011050.0,-52.32833333333333,6.6,63.0,66.0
Red Dragon,2002,2000s,Crime,Blockbuster,78000000.0,209196298.0,168.20038205128205,7.2,68.0,74.0
Powaqqatsi,1988,1980s,Documentary,Low,2500000.0,589244.0,-76.43024,7.2,56.0,81.0
Valmont,1989,1980s,Drama,High,33000000.0,1132112.0,-96.56935757575758,7.0,55.0,69.0
Claire of the Moon,1992,1990s,Drama,Low,130000.0,799674.0,515.1338461538462,5.1,13.0,45.0
Brown Sugar,2002,2000s,Comedy,Mid,8000000.0,27362712.0,242.0339,6.5,66.0,90.0
Knockaround Guys,2001,2000s,Crime,Mid,15000000.0,12000000.0,-20.0,6.1,21.0,51.0
Tuck Everlasting,2002,2000s,Drama,Mid,15000000.0,19158074.0,27.720493333333334,6.6,60.0,70.0
Bowling for Columbine,2002,2000s,Documentary,Low,4000000.0,35564473.0,789.111825,7.9,95.0,83.0
Punch-Drunk Love,2002,2000s,Comedy,High,25000000.0,17000000.0,-32.0,7.3,79.0,77.0
Swept Away,2002,2000s,Comedy,Mid,10000000.0,598645.0,-94.01355,3.6,5.0,28.0
Abandon,2002,2000s,Drama,High,25000000.0,10719357.0,-57.122572000000005,4.8,16.0,31.0
The Ring,2002,2000s,Horror,Blockbuster,48000000.0,249348933.0,419.47694375,7.1,71.0,48.0
Auto Focus,2002,2000s,Drama,Mid,7000000.0,2062066.0,-70.54191428571428,6.7,71.0,61.0
Naqoyqatsi,2002,2000s,Documentary,Low,3000000.0,13308.0,-99.5564,6.4,,
Jason Goes to Hell: The Final Friday,1993,1990s,Fantasy,Low,3000000.0,15938065.0,431.2688333333333,4.1,,
Saturday Night Fever,1977,1970s,Drama,Low,3500000.0,237113184.0,6674.662399999999,6.8,82.0,71.0
Staying Alive,1983,1980s,Drama,High,22000000.0,64892670.0,194.96668181818185,4.8,0.0,39.0
When Time Ran Out...,1980,1980s,Action,High,20000000.0,3763988.0,-81.18006,4.6,,
Xanadu,1980,1980s,Fantasy,High,20000000.0,22471595.0,12.357975,5.4,27.0,58.0
Absence of Malice,1981,1980s,Drama,Mid,12000000.0,40716963.0,239.308025,6.9,81.0,63.0
The Amateur,1981,1980s,Action,Mid,10000000.0,6892098.0,-31.07902,5.8,,
Blow Out,1981,1980s,Drama,High,18000000.0,12000000.0,-33.33333333333333,7.4,83.0,82.0
Dead & Buried,1981,1980s,Horror,Low,3000000.0,216166.0,-92.79446666666666,6.5,,
Gallipoli,1981,1980s,Adventure,Low,3000000.0,11740000.0,291.33333333333337,7.4,91.0,83.0
Goodbye Pork Pie,1981,1980s,Adventure,Low,300000.0,1400000.0,366.6666666666666,6.8,,
The Hand,1981,1980s,Drama,Mid,6500000.0,566736.0,-91.28098461538464,5.5,11.0,28.0
Heartbeeps,1981,1980s,Comedy,Mid,10000000.0,2154696.0,-78.45304,4.3,0.0,23.0
The Legend of the Lone Ranger,1981,1980s,Action,High,18000000.0,2945600.0,-83.63555555555556,5.0,,
Neighbors,1981,1980s,Comedy,Mid,8500000.0,29916207.0,251.95537647058825,5.5,57.0,49.0
Pennies from Heaven,1981,1980s,Drama,High,22000000.0,9171289.0,-58.31232272727272,6.5,82.0,65.0
Private Lessons,1981,1980s,Romance,Low,2800000.0,26279000.0,838.5357142857142,5.1,,
Ghost Ship,2002,2000s,Horror,High,35000000.0,68349884.0,95.28538285714284,5.6,16.0,37.0
Jackass: The Movie,2002,2000s,Documentary,Low,5000000.0,64282312.0,1185.64624,6.6,,
All The Queen's Men,2001,2000s,Action,Mid,15000000.0,23000.0,-99.84666666666666,4.8,7.0,51.0
Frida,2002,2000s,Drama,Mid,12000000.0,56298474.0,369.15395,7.3,75.0,85.0
Casino Royale,1967,1960s,Adventure,Mid,12000000.0,41744718.0,247.87265,5.0,25.0,34.0
Exodus,1960,1960s,Action,Low,4000000.0,21750000.0,443.75,6.7,63.0,69.0
I Spy,2002,2000s,Action,Blockbuster,70000000.0,33561137.0,-52.05551857142857,5.4,16.0,33.0
The Santa Clause 2,2002,2000s,Fantasy,Blockbuster,65000000.0,172855065.0,165.93086923076922,5.8,56.0,42.0
The Weight of Water,2000,2000s,Crime,Mid,16000000.0,109130.0,-99.3179375,5.8,35.0,39.0
Femme Fatale,2002,2000s,Thriller,High,35000000.0,16838910.0,-51.88882857142857,6.2,49.0,49.0
8 Mile,2002,2000s,Drama,Blockbuster,41000000.0,215000000.0,424.3902439024391,7.2,75.0,54.0
Far from Heaven,2002,2000s,Drama,Mid,13500000.0,29027914.0,115.0215851851852,7.3,88.0,80.0
Harry Potter and the Chamber of Secrets,2002,2000s,Adventure,Blockbuster,100000000.0,876688482.0,776.6884819999999,7.5,82.0,80.0
Men with Brooms,2002,2000s,Comedy,Mid,7500000.0,4245870.0,-43.3884,5.9,55.0,67.0
Return to the Blue Lagoon,1991,1990s,Adventure,Mid,11000000.0,2807854.0,-74.47405454545455,5.2,0.0,42.0
Roadgames,1981,1980s,Thriller,Low,1750000.0,100000.0,-94.28571428571428,6.6,,
Scanners,1981,1980s,Horror,Low,4100000.0,14225876.0,246.9725853658537,6.7,70.0,64.0
Sphinx,1981,1980s,Adventure,Mid,14000000.0,439564.0,-96.86025714285714,5.2,,
This Is Elvis,1981,1980s,Drama,Low,5000000.0,2028612.0,-59.42776,7.6,86.0,85.0
Die Another Day,2002,2000s,Adventure,Blockbuster,140000000.0,431971116.0,208.5507971428572,6.1,57.0,41.0
Friday After Next,2002,2000s,Comedy,High,20000000.0,33526835.0,67.634175,5.8,26.0,75.0
The Quiet American,2002,2000s,Drama,High,30000000.0,27674124.0,-7.75292,7.0,87.0,72.0
Talk to Her,2002,2000s,Drama,Mid,9285469.0,51001550.0,449.26197050466703,7.9,92.0,93.0
Extreme Ops,2002,2000s,Action,High,40000000.0,10959475.0,-72.6013125,4.4,7.0,28.0
Solaris,2002,2000s,Drama,Blockbuster,47000000.0,30002758.0,-36.164344680851066,6.2,66.0,59.0
Treasure Planet,2002,2000s,Adventure,Blockbuster,140000000.0,109578115.0,-21.72991785714286,7.2,69.0,72.0
The Sword and the Sorcerer,1982,1980s,Action,Low,4000000.0,39103425.0,877.585625,5.5,,
Zulu,1964,1960s,Action,Low,3500000.0,8000000.0,128.57142857142858,7.7,96.0,91.0
Analyze That,2002,2000s,Comedy,Blockbuster,60000000.0,55003135.0,-8.328108333333335,5.9,27.0,39.0
Empire,2002,2000s,Action,Low,4000000.0,18591272.0,364.7818,5.9,21.0,62.0
Adaptation.,2002,2000s,Comedy,High,19000000.0,32801173.0,72.63775263157895,7.6,,
Equilibrium,2002,2000s,Action,High,20000000.0,5359645.0,-73.201775,7.3,41.0,81.0
Escape to Victory,1981,1980s,Action,Mid,10000000.0,27453418.0,174.53418,6.7,,
Alone in the Dark,1982,1980s,Horror,High,20000000.0,8178569.0,-59.107155,6.0,1.0,11.0
The Best Little Whorehouse in Texas,1982,1980s,Comedy,High,35000000.0,69701637.0,99.14753428571429,6.1,50.0,68.0
"Come Back to the 5 & Dime, Jimmy Dean, Jimmy Dean",1982,1980s,Comedy,Low,850000.0,840000.0,-1.1764705882352942,7.1,,
Drumline,2002,2000s,Drama,High,20000000.0,57588485.0,187.942425,6.0,82.0,70.0
Maid in Manhattan,2002,2000s,Comedy,Blockbuster,55000000.0,154906693.0,181.64853272727277,5.4,38.0,43.0
Star Trek: Nemesis,2002,2000s,Science Fiction,Blockbuster,60000000.0,67312826.0,12.188043333333331,6.4,,
About Schmidt,2002,2000s,Drama,High,30000000.0,105834556.0,252.78185333333332,7.2,85.0,74.0
The Lord of the Rings: The Two Towers,2002,2000s,Adventure,Blockbuster,79000000.0,926287400.0,1072.5156962025317,8.8,95.0,95.0
25th Hour,2002,2000s,Crime,Mid,15000000.0,13060843.0,-12.927713333333331,7.6,78.0,85.0
Antwone Fisher,2002,2000s,Drama,Mid,12500000.0,23367586.0,86.940688,7.3,79.0,86.0
Gangs of New York,2002,2000s,Drama,Blockbuster,100000000.0,193772504.0,93.772504,7.5,73.0,81.0
Two Weeks Notice,2002,2000s,Comedy,Blockbuster,60000000.0,93354918.0,55.59153,6.2,42.0,59.0
Narc,2002,2000s,Action,Mid,6500000.0,12633747.0,94.36533846153846,7.1,84.0,79.0
Body of Evidence,1993,1990s,Drama,High,30000000.0,13273595.0,-55.75468333333333,4.6,8.0,22.0
Legend of the Lost,1957,1950s,Adventure,Low,1750000.0,2200000.0,25.71428571428571,6.1,,
War and Peace,1956,1950s,Drama,Low,6000000.0,12500000.0,108.33333333333331,6.7,43.0,63.0
Catch Me If You Can,2002,2000s,Drama,Blockbuster,52000000.0,352114312.0,577.1429076923077,8.1,96.0,89.0
Pinocchio,2002,2000s,Comedy,High,40000000.0,41323171.0,3.3079275,4.3,0.0,32.0
Chicago,2002,2000s,Action,Blockbuster,45000000.0,306776732.0,581.7260711111112,7.2,86.0,83.0
The Hours,2002,2000s,Drama,High,25000000.0,41597830.0,66.39132,7.5,80.0,84.0
The Pianist,2002,2000s,Drama,High,35000000.0,120072577.0,243.06450571428573,8.5,95.0,96.0
Confessions of a Dangerous Mind,2002,2000s,Comedy,High,30000000.0,33013805.0,10.046016666666668,7.0,79.0,75.0
Just Married,2003,2000s,Comedy,High,18000000.0,101564935.0,464.24963888888885,5.5,20.0,47.0
A Guy Thing,2003,2000s,Comedy,High,20000000.0,17432163.0,-12.839185,5.6,24.0,35.0
City of God,2002,2000s,Drama,Low,3300000.0,30641770.0,828.5384848484849,8.6,,
Band of Outsiders,1964,1960s,Crime,Low,120000.0,182857.0,52.380833333333335,7.6,,
Biker Boyz,2003,2000s,Action,High,24000000.0,23510601.0,-2.0391625,4.7,23.0,54.0
Final Destination 2,2003,2000s,Horror,High,26000000.0,90426405.0,247.79386538461537,6.2,48.0,58.0
May,2002,2000s,Drama,Low,500000.0,150277.0,-69.94460000000001,6.6,69.0,75.0
Firefox,1982,1980s,Science Fiction,High,18000000.0,70687344.0,292.7074666666667,5.9,38.0,42.0
How to Lose a Guy in 10 Days,2003,2000s,Comedy,Blockbuster,50000000.0,177371441.0,254.742882,6.5,42.0,77.0
Shanghai Knights,2003,2000s,Action,Blockbuster,50000000.0,88323487.0,76.646974,6.2,66.0,54.0
Daredevil,2003,2000s,Fantasy,Blockbuster,78000000.0,179179718.0,129.71758717948717,5.3,44.0,35.0
The Jungle Book 2,2003,2000s,Family,High,20000000.0,135680000.0,578.4,5.4,18.0,30.0
Dennis the Menace,1993,1990s,Family,High,35000000.0,117270765.0,235.05932857142852,5.7,27.0,38.0
10 to Midnight,1983,1980s,Horror,Low,4520000.0,7175592.0,58.752035398230085,6.3,40.0,50.0
The Black Stallion,1979,1970s,Adventure,Low,2700000.0,37799643.0,1299.986777777778,7.4,90.0,83.0
A Countess from Hong Kong,1967,1960s,Comedy,Low,3500000.0,2000000.0,-42.85714285714285,6.0,,
A Patch of Blue,1965,1960s,Drama,Low,800000.0,6792000.0,749.0,8.0,89.0,91.0
A Prayer for the Dying,1987,1980s,Crime,Low,6000000.0,1432687.0,-76.12188333333333,6.3,55.0,53.0
Dark Blue,2002,2000s,Action,Mid,15000000.0,9237470.0,-38.41686666666666,6.6,59.0,52.0
Gods and Generals,2003,2000s,Drama,Blockbuster,56000000.0,12923936.0,-76.92154285714285,6.2,8.0,64.0
The Life of David Gale,2003,2000s,Drama,Blockbuster,50000000.0,38955598.0,-22.088804,7.5,19.0,81.0
Old School,2003,2000s,Comedy,High,24000000.0,87055349.0,262.7306208333333,7.0,60.0,86.0
Cradle 2 the Grave,2003,2000s,Action,High,25000000.0,56489558.0,125.958232,5.8,25.0,52.0
Bringing Down the House,2003,2000s,Comedy,High,20000000.0,132675402.0,563.3770099999999,5.6,34.0,49.0
Tears of the Sun,2003,2000s,Action,Blockbuster,70000000.0,85632458.0,22.332082857142854,6.6,33.0,69.0
Bend It Like Beckham,2002,2000s,Comedy,Low,3500159.0,76578641.0,2087.861779993423,6.7,85.0,73.0
The Hunted,2003,2000s,Drama,Blockbuster,55000000.0,34234008.0,-37.75634909090909,6.1,29.0,47.0
King of Kings,1961,1960s,Drama,Low,5037000.0,14483352.0,187.53924955330555,7.0,85.0,77.0
Ringu,1998,1990s,Horror,Low,1200000.0,8690429.0,624.2024166666667,7.2,,
Ringu 2,1999,1990s,Horror,Low,6000000.0,18686644.0,211.44406666666669,5.8,,
Sweet Charity,1969,1960s,Comedy,Mid,8000000.0,20000000.0,150.0,6.9,,
Boat Trip,2002,2000s,Comedy,High,20000000.0,8586376.0,-57.06812,4.9,7.0,36.0
Dreamcatcher,2003,2000s,Drama,Blockbuster,68000000.0,75715436.0,11.346229411764709,5.6,28.0,35.0
The Robe,1953,1950s,Drama,Low,4100000.0,36000000.0,778.0487804878048,6.7,33.0,69.0
Wind,1992,1990s,Action,High,29000000.0,5519569.0,-80.96700344827586,6.5,50.0,82.0
Basic,2003,2000s,Action,Blockbuster,50000000.0,42792561.0,-14.414878,6.4,21.0,63.0
The Core,2003,2000s,Action,Blockbuster,60000000.0,74208267.0,23.680445,5.5,40.0,34.0
Raising Victor Vargas,2002,2000s,Drama,Low,800000.0,2816116.0,252.0145,7.2,96.0,83.0
A Man Apart,2003,2000s,Action,High,36000000.0,44350926.0,23.197016666666663,6.0,11.0,62.0
Phone Booth,2002,2000s,Thriller,Mid,13000000.0,97837138.0,652.5933692307692,7.1,72.0,64.0
Levity,2003,2000s,Crime,Mid,7500000.0,209151.0,-97.21132,6.3,,
Anger Management,2003,2000s,Comedy,Blockbuster,75000000.0,195745823.0,160.9944306666667,6.3,42.0,60.0
Ghosts of the Abyss,2003,2000s,Documentary,Mid,13000000.0,17040871.0,31.08362307692308,6.8,80.0,67.0
House of 1000 Corpses,2003,2000s,Horror,Mid,7000000.0,16829545.0,140.42207142857143,6.0,20.0,65.0
A Mighty Wind,2003,2000s,Comedy,Low,6000000.0,18750246.0,212.5041,7.2,87.0,75.0
Winged Migration,2001,2000s,Documentary,High,35866397.0,20217080.0,-43.63225277409381,7.9,95.0,87.0
Straw Dogs,1971,1970s,Crime,Low,2200000.0,3251794.0,47.80881818181818,7.4,42.0,34.0
The Andromeda Strain,1971,1970s,Science Fiction,Mid,6500000.0,12376563.0,90.40866153846154,7.2,67.0,72.0
The Other Side of Heaven,2001,2000s,Action,Mid,7000000.0,4720371.0,-32.56612857142857,6.3,30.0,74.0
The Wiz,1978,1970s,Adventure,High,24000000.0,21049053.0,-12.2956125,5.7,42.0,65.0
The Marrying Man,1991,1990s,Action,High,26000000.0,12454768.0,-52.09704615384615,5.7,10.0,45.0
Scenes from a Mall,1991,1990s,Comedy,Low,3000000.0,9563393.0,218.77976666666663,5.4,32.0,25.0
Identity,2003,2000s,Mystery,High,30000000.0,90259536.0,200.86512,7.3,62.0,75.0
House of Fools,2002,2000s,Drama,Low,2500000.0,57862.0,-97.68552,7.0,41.0,82.0
The Lizzie McGuire Movie,2003,2000s,Family,Mid,17000000.0,55534455.0,226.6732647058824,5.6,41.0,49.0
X2,2003,2000s,Adventure,Blockbuster,110000000.0,407711549.0,270.6468627272727,7.4,,
Blue Car,2002,2000s,Drama,Low,1000000.0,464000.0,-53.6,6.6,80.0,65.0
Daddy Day Care,2003,2000s,Comedy,Blockbuster,60000000.0,164433867.0,174.056445,5.7,27.0,48.0
The Matrix Reloaded,2003,2000s,Adventure,Blockbuster,150000000.0,738599701.0,392.3998006666667,7.2,73.0,72.0
Down with Love,2003,2000s,Action,High,35000000.0,20298207.0,-42.00512285714286,6.3,60.0,62.0
The Spanish Apartment,2002,2000s,Drama,Low,5300000.0,3897799.0,-26.45662264150944,7.3,,
Bruce Almighty,2003,2000s,Fantasy,Blockbuster,80000000.0,484572835.0,505.71604375,6.8,48.0,57.0
Finding Nemo,2003,2000s,Animation,Blockbuster,94000000.0,940335536.0,900.3569531914893,8.2,99.0,86.0
The Italian Job,2003,2000s,Action,Blockbuster,60000000.0,176070171.0,193.450285,7.0,83.0,86.0
Wrong Turn,2003,2000s,Horror,Mid,12600000.0,28650575.0,127.38551587301588,6.1,40.0,54.0
2 Fast 2 Furious,2003,2000s,Action,Blockbuster,76000000.0,236350661.0,210.98771184210528,6.0,36.0,50.0
Whale Rider,2003,2000s,Drama,Mid,8000000.0,41400000.0,417.5,7.5,91.0,88.0
Oscar,1991,1990s,Action,High,35000000.0,23562716.0,-32.677954285714286,6.5,12.0,63.0
Barton Fink,1991,1990s,Comedy,Mid,9000000.0,6153939.0,-31.6229,7.6,90.0,89.0
Shattered,1991,1990s,Mystery,High,22000000.0,11511031.0,-47.67713181818182,6.5,36.0,56.0
Dumb and Dumberer: When Harry Met Lloyd,2003,2000s,Comedy,High,19000000.0,39267515.0,106.67113157894735,3.5,10.0,23.0
From Justin to Kelly,2003,2000s,Comedy,Mid,12000000.0,4922166.0,-58.981950000000005,1.9,10.0,39.0
Hollywood Homicide,2003,2000s,Action,Blockbuster,75000000.0,51142659.0,-31.809788,5.4,30.0,27.0
Alex & Emma,2003,2000s,Comedy,High,30000000.0,15368897.0,-48.77034333333333,5.5,11.0,41.0
28 Days Later,2002,2000s,Horror,Low,5000000.0,82719885.0,1554.3977,7.5,87.0,85.0
Charlie's Angels: Full Throttle,2003,2000s,Action,Blockbuster,120000000.0,259175788.0,115.97982333333334,5.0,,
"Bodies, Rest & Motion",1993,1990s,Drama,Low,2500000.0,764083.0,-69.43668,5.7,,
Never on Sunday,1960,1960s,Drama,Low,151000.0,8000000.0,5198.013245033113,7.3,,
Scaramouche,1952,1950s,Action,Low,3005000.0,6746000.0,124.49251247920132,7.5,,
Hulk,2003,2000s,Drama,Blockbuster,137000000.0,245360480.0,79.09524087591241,5.7,62.0,29.0
"Legally Blonde 2: Red, White & Blonde",2003,2000s,Comedy,Blockbuster,45000000.0,124914842.0,177.5885377777778,4.8,,
Sinbad: Legend of the Seven Seas,2003,2000s,Family,Blockbuster,60000000.0,26288320.0,-56.18613333333333,6.8,45.0,56.0
Terminator 3: Rise of the Machines,2003,2000s,Action,Blockbuster,200000000.0,435000000.0,117.5,6.3,,
Swimming Pool,2003,2000s,Thriller,Mid,7800000.0,22441323.0,187.7092692307692,6.7,83.0,67.0
Pirates of the Caribbean: The Curse of the Black Pearl,2003,2000s,Adventure,Blockbuster,140000000.0,655011224.0,367.86516,8.1,79.0,86.0
The League of Extraordinary Gentlemen,2003,2000s,Fantasy,Blockbuster,78000000.0,179265204.0,129.8271846153846,5.8,17.0,44.0
Bad Boys II,2003,2000s,Adventure,Blockbuster,130000000.0,273339556.0,110.26119692307692,6.6,23.0,78.0
Johnny English,2003,2000s,Adventure,High,40000000.0,160583018.0,301.45754500000004,6.3,33.0,50.0
Loose Cannons,1990,1990s,Action,Low,1500000.0,5585154.0,272.3436,4.9,0.0,26.0
Lara Croft Tomb Raider: The Cradle of Life,2003,2000s,Action,Blockbuster,95000000.0,156505388.0,64.74251368421052,5.5,,
Seabiscuit,2003,2000s,Drama,Blockbuster,87000000.0,148336445.0,70.50166091954023,7.3,78.0,76.0
Spy Kids 3-D: Game Over,2003,2000s,Action,High,38000000.0,197011982.0,418.4525842105264,4.4,,
Mondays in the Sun,2002,2000s,Drama,Low,4000000.0,146402.0,-96.33995,7.5,,
"One, Two, Three",1961,1960s,Comedy,Low,3000000.0,4000000.0,33.33333333333333,7.8,,
The Private Life of Sherlock Holmes,1970,1970s,Adventure,Mid,10000000.0,1500000.0,-85.0,7.0,92.0,73.0
American Wedding,2003,2000s,Comedy,Blockbuster,55000000.0,231449203.0,320.8167327272727,6.3,54.0,63.0
Gigli,2003,2000s,Drama,Blockbuster,54000000.0,7266209.0,-86.54405740740741,2.7,6.0,13.0
Freaky Friday,2003,2000s,Comedy,High,26000000.0,110230332.0,323.9628153846154,6.4,70.0,57.0
S.W.A.T.,2003,2000s,Action,Blockbuster,80000000.0,116643346.0,45.8041825,6.1,48.0,52.0
Freddy vs. Jason,2003,2000s,Horror,High,30000000.0,114908830.0,283.0294333333333,5.8,41.0,50.0
Open Range,2003,2000s,Western,High,22000000.0,68296293.0,210.43769545454543,7.4,79.0,84.0
Uptown Girls,2003,2000s,Comedy,High,20000000.0,37095657.0,85.478285,6.3,14.0,60.0
Agent Cody Banks,2003,2000s,Action,High,28000000.0,58795814.0,109.98505,5.2,38.0,32.0
House of Wax,1953,1950s,Crime,Low,658000.0,23800000.0,3517.0212765957444,7.0,95.0,72.0
Man's Best Friend,1993,1990s,Horror,Low,6000000.0,12974636.0,116.24393333333332,5.3,21.0,43.0
Valley Girl,1983,1980s,Comedy,Low,350000.0,17343596.0,4855.313142857142,6.4,83.0,72.0
Wait Until Dark,1967,1960s,Horror,Low,4000000.0,11000000.0,175.0,7.7,96.0,91.0
Showdown in Little Tokyo,1991,1990s,Action,Mid,8000000.0,2275557.0,-71.5555375,6.1,33.0,51.0
THX 1138,1971,1970s,Drama,Low,777000.0,2437000.0,213.6422136422136,6.6,86.0,74.0
Valley of the Dolls,1967,1960s,Music,Low,5000000.0,50000000.0,900.0,6.1,35.0,58.0
The Keep,1983,1980s,Horror,Low,6000000.0,3661757.0,-38.97071666666667,5.7,40.0,43.0
"The Beast from 20,000 Fathoms",1953,1950s,Adventure,Low,210000.0,5000000.0,2280.952380952381,6.6,95.0,68.0
Tremors,1990,1990s,Action,Mid,11000000.0,48572000.0,341.5636363636364,7.2,86.0,75.0
The Pink Panther Strikes Again,1976,1970s,Comedy,Low,6000000.0,33833201.0,463.8866833333333,7.1,76.0,84.0
Commando,1985,1980s,Action,Mid,10000000.0,57500000.0,475.0,6.7,71.0,67.0
Marci X,2003,2000s,Comedy,High,20000000.0,1675706.0,-91.62147,3.0,8.0,30.0
Jeepers Creepers 2,2003,2000s,Horror,Mid,17000000.0,63102666.0,271.1921529411765,5.7,24.0,37.0
The Order,2003,2000s,Drama,High,35000000.0,11560806.0,-66.96912571428571,5.1,0.0,28.0
Party Monster,2003,2000s,Comedy,Low,5000000.0,742898.0,-85.14204,6.2,29.0,75.0
Cabin Fever,2003,2000s,Horror,Low,1500000.0,30553394.0,1936.8929333333333,5.6,62.0,44.0
Matchstick Men,2003,2000s,Comedy,Blockbuster,62000000.0,65565672.0,5.751083870967742,7.3,82.0,74.0
Once Upon a Time in Mexico,2003,2000s,Action,High,29000000.0,98185582.0,238.57097241379316,6.3,66.0,64.0
Lost in Translation,2003,2000s,Drama,Low,4000000.0,119723856.0,2893.0964,7.7,95.0,85.0
Convoy,1978,1970s,Action,Mid,12000000.0,22765081.0,89.70900833333333,6.3,43.0,73.0
Day of the Dead,1985,1980s,Horror,Low,3500000.0,34000000.0,871.4285714285713,7.1,13.0,22.0
"Hello, Dolly!",1969,1960s,Comedy,High,24000000.0,33208099.0,38.36707916666667,7.1,43.0,76.0
Memoirs of an Invisible Man,1992,1990s,Comedy,High,40000000.0,14358033.0,-64.1049175,6.0,24.0,32.0
The Rose,1979,1970s,Drama,Mid,9250000.0,29174648.0,215.4016,7.0,,
Once Bitten,1985,1980s,Horror,Low,3200000.0,10000000.0,212.5,5.6,18.0,39.0
The Fighting Temptations,2003,2000s,Comedy,Mid,15000000.0,30238577.0,101.59051333333332,5.6,42.0,66.0
Underworld,2003,2000s,Fantasy,High,22000000.0,95708457.0,335.0384409090909,7.0,31.0,79.0
Duplex,2003,2000s,Action,High,40000000.0,19322135.0,-51.6946625,5.9,35.0,40.0
The Rundown,2003,2000s,Adventure,Blockbuster,85000000.0,80916492.0,-4.804127058823529,6.6,69.0,66.0
Under the Tuscan Sun,2003,2000s,Romance,High,18000000.0,58878723.0,227.1040166666667,6.8,62.0,78.0
Mambo Italiano,2003,2000s,Comedy,Low,4361898.0,3031801.0,-30.493537446313507,6.7,32.0,66.0
The Triplets of Belleville,2003,2000s,Adventure,Mid,8000000.0,1477676.0,-81.52905,7.7,94.0,90.0
Videodrome,1983,1980s,Horror,Low,5952000.0,2120439.0,-64.37434475806452,7.2,80.0,80.0
Lagaan: Once Upon a Time in India,2001,2000s,Adventure,Low,5200000.0,8100000.0,55.76923076923077,8.1,95.0,93.0
Judgment at Nuremberg,1961,1960s,Drama,Low,3000000.0,10000000.0,233.33333333333331,8.3,,
All the President's Men,1976,1970s,Drama,Mid,8500000.0,70600000.0,730.5882352941177,7.9,94.0,92.0
Avalon,2001,2000s,Action,Mid,8000000.0,8826094.0,10.326175,6.4,85.0,77.0
Beethoven's 2nd,1993,1990s,Family,Mid,15000000.0,118243066.0,688.2871066666667,5.0,23.0,30.0
Boyz n the Hood,1991,1990s,Crime,Mid,6500000.0,57504069.0,784.6779846153846,7.8,96.0,93.0
Bugsy,1991,1990s,Drama,High,30000000.0,49114016.0,63.71338666666667,6.8,85.0,69.0
Consenting Adults,1992,1990s,Crime,High,18000000.0,21591728.0,19.954044444444445,5.7,25.0,24.0
Where Eagles Dare,1968,1960s,Adventure,Mid,7700000.0,21000000.0,172.72727272727272,7.6,91.0,89.0
Sleeping with the Enemy,1991,1990s,Drama,High,19000000.0,174999005.0,821.0473947368421,6.3,20.0,61.0
PCU,1994,1990s,Comedy,Mid,9000000.0,4350774.0,-51.65806666666667,6.6,,
The Rookie,1990,1990s,Action,Mid,10000000.0,21633874.0,116.33874,5.9,29.0,36.0
City Heat,1984,1980s,Action,High,25000000.0,38348988.0,53.395952,5.5,22.0,24.0
Into the Night,1985,1980s,Comedy,Mid,11400000.0,6700000.0,-41.2280701754386,6.4,38.0,49.0
A Rage in Harlem,1991,1990s,Crime,Mid,8000000.0,10400000.0,30.0,5.9,65.0,51.0
More American Graffiti,1979,1970s,Comedy,Low,2500000.0,15014674.0,500.58696,5.4,20.0,33.0
The Gun in Betty Lou's Handbag,1992,1990s,Comedy,Mid,13000000.0,3721911.0,-71.3699153846154,5.1,,
Article 99,1992,1990s,Comedy,High,18000000.0,6375979.0,-64.57789444444444,6.1,43.0,54.0
Tough Guys Don't Dance,1987,1980s,Drama,Low,5000000.0,858250.0,-82.83500000000001,5.0,,
There Goes My Baby,1994,1990s,Drama,Mid,10500000.0,123509.0,-98.8237238095238,6.3,,
Kingdom of the Spiders,1977,1970s,Horror,Low,500000.0,17000000.0,3300.0,5.7,,
In Cold Blood,1967,1960s,Crime,Low,3500000.0,13007551.0,271.6443142857143,7.9,84.0,88.0
Mobsters,1991,1990s,Drama,High,23000000.0,20246790.0,-11.970478260869566,5.9,6.0,57.0
Out of Time,2003,2000s,Thriller,Blockbuster,50000000.0,55495563.0,10.991126,6.5,64.0,58.0
School of Rock,2003,2000s,Comedy,High,35000000.0,131282949.0,275.09414,7.2,91.0,64.0
The Station Agent,2003,2000s,Drama,Low,500000.0,8679814.0,1635.9628,7.6,94.0,89.0
Wonderland,2003,2000s,Crime,Low,5000000.0,2466444.0,-50.67112,6.5,34.0,65.0
Mystic River,2003,2000s,Thriller,High,25000000.0,156822020.0,527.28808,7.9,88.0,89.0
House of the Dead,2003,2000s,Horror,Mid,7000000.0,13818181.0,97.40258571428572,2.1,3.0,10.0
Intolerable Cruelty,2003,2000s,Crime,Blockbuster,60000000.0,119940815.0,99.90135833333332,6.3,75.0,48.0
Kill Bill: Vol. 1,2003,2000s,Action,High,30000000.0,180949000.0,503.16333333333336,8.2,,
Runaway Jury,2003,2000s,Drama,Blockbuster,60000000.0,80154140.0,33.59023333333334,7.1,73.0,75.0
The Texas Chainsaw Massacre,2003,2000s,Horror,Mid,9500000.0,107071655.0,1027.0700526315788,6.2,37.0,58.0
Sylvia,2003,2000s,Drama,Mid,7000000.0,10000000.0,42.85714285714285,6.3,,
Veronica Guerin,2003,2000s,Drama,Mid,17000000.0,1569918.0,-90.76518823529412,6.8,53.0,69.0
Radio,2003,2000s,Drama,High,32000000.0,52277485.0,63.367140625,6.9,35.0,79.0
Scary Movie 3,2003,2000s,Comedy,Blockbuster,48000000.0,220673217.0,359.73586875,5.6,35.0,54.0
Elephant,2003,2000s,Drama,Low,3000000.0,10012022.0,233.73406666666665,7.1,73.0,79.0
Shattered Glass,2003,2000s,Drama,Low,6000000.0,2944752.0,-50.9208,7.1,92.0,79.0
The Matrix Revolutions,2003,2000s,Adventure,Blockbuster,150000000.0,424988211.0,183.325474,6.7,35.0,60.0
Elf,2003,2000s,Comedy,High,32000000.0,173398518.0,441.87036875,7.1,84.0,79.0
Love Actually,2003,2000s,Comedy,High,40000000.0,244931766.0,512.329415,7.5,64.0,72.0
Looney Tunes: Back in Action,2003,2000s,Animation,Blockbuster,80000000.0,68514844.0,-14.356445,5.8,56.0,50.0
Master and Commander: The Far Side of the World,2003,2000s,Adventure,Blockbuster,150000000.0,212011111.0,41.34074066666666,7.5,85.0,80.0
Tupac: Resurrection,2003,2000s,Music,Low,300000.0,7808524.0,2502.8413333333333,7.9,,
Gothika,2003,2000s,Horror,High,40000000.0,141591324.0,253.97831,5.8,15.0,45.0
21 Grams,2003,2000s,Drama,High,20000000.0,60427839.0,202.139195,7.6,80.0,86.0
The Barbarian Invasions,2003,2000s,Comedy,Mid,8000000.0,3432342.0,-57.095725,7.5,,
Bad Santa,2003,2000s,Drama,High,23000000.0,76488889.0,232.5603869565217,7.0,79.0,75.0
The Haunted Mansion,2003,2000s,Thriller,Blockbuster,90000000.0,182290266.0,102.54474,5.2,14.0,30.0
Timeline,2003,2000s,Action,Blockbuster,80000000.0,43935763.0,-45.08029625,5.6,11.0,45.0
Darkman,1990,1990s,Action,Mid,16000000.0,48878502.0,205.4906375,6.4,84.0,59.0
New Jack City,1991,1990s,Thriller,Mid,8500000.0,47624253.0,460.2853294117648,6.7,77.0,80.0
WarGames,1983,1980s,Thriller,Mid,12000000.0,79567667.0,563.0638916666667,7.1,,
Ben-Hur: A Tale of the Christ,1925,1920s,Adventure,Low,3900000.0,9000000.0,130.76923076923077,7.8,,
Hannah and Her Sisters,1986,1980s,Comedy,Mid,6400000.0,40084041.0,526.3131406250001,7.8,91.0,90.0
Highlander II: The Quickening,1991,1990s,Action,High,30000000.0,15556340.0,-48.14553333333333,4.2,,
Hudson Hawk,1991,1990s,Action,Blockbuster,65000000.0,17218080.0,-73.51064615384615,5.7,30.0,56.0
Invasion of the Body Snatchers,1978,1970s,Horror,Low,3500000.0,24046533.0,587.0438,7.4,98.0,85.0
Kindergarten Cop,1990,1990s,Comedy,Mid,15000000.0,201957688.0,1246.3845866666666,6.3,51.0,52.0
The Last Boy Scout,1991,1990s,Action,High,29000000.0,59509925.0,105.20663793103448,7.0,47.0,68.0
Last Tango in Paris,1972,1970s,Drama,Low,1250000.0,36144000.0,2791.52,6.8,83.0,76.0
Mr. Destiny,1990,1990s,Fantasy,High,20000000.0,15379253.0,-23.103735,6.5,38.0,55.0
Over the Top,1987,1980s,Action,High,25000000.0,16057580.0,-35.76968,5.9,30.0,49.0
Passenger 57,1992,1990s,Action,Mid,15000000.0,44065653.0,193.77102,5.9,24.0,38.0
Presumed Innocent,1990,1990s,Drama,High,22000000.0,221303188.0,905.923581818182,6.9,87.0,67.0
Project X,1987,1980s,Drama,High,18000000.0,18532286.0,2.9571444444444444,6.2,75.0,55.0
Pure Luck,1991,1990s,Comedy,High,17010000.0,24941969.0,46.631211052322165,5.8,9.0,60.0
Battle Royale,2000,2000s,Drama,Low,4500000.0,25000000.0,455.55555555555554,7.5,88.0,89.0
The Wedding Banquet,1993,1990s,Comedy,Low,1000000.0,6933459.0,593.3459,7.6,,
Radio Flyer,1992,1990s,Drama,High,35000000.0,4651977.0,-86.70863714285714,6.9,33.0,73.0
The Secret of My Success,1987,1980s,Comedy,Mid,12000000.0,110996879.0,824.9739916666666,6.5,57.0,58.0
Streets of Fire,1984,1980s,Action,Mid,14500000.0,8089290.0,-44.21179310344828,6.7,67.0,70.0
Vivre Sa Vie,1962,1960s,Drama,Low,64000.0,24517.0,-61.6921875,7.8,,
Wild at Heart,1990,1990s,Comedy,Mid,9500000.0,14560247.0,53.26575789473684,7.2,,
Year of the Dragon,1985,1980s,Action,High,24000000.0,18707466.0,-22.052225,6.8,56.0,52.0
Mary of Scotland,1936,1930s,Drama,Low,864000.0,1276000.0,47.68518518518518,6.3,,
Swing Time,1936,1930s,Comedy,Low,886000.0,2600000.0,193.4537246049661,7.4,97.0,87.0
Birdman of Alcatraz,1962,1960s,Drama,Low,2650000.0,3100000.0,16.9811320754717,7.8,91.0,84.0
The Birth of a Nation,1915,1910s,Drama,Low,100000.0,11000000.0,10900.0,6.1,93.0,56.0
Red River,1948,1940s,Western,Low,3000000.0,9012000.0,200.4,7.7,100.0,87.0
Stagecoach,1939,1930s,Adventure,Low,531374.0,1103757.0,107.7175398118839,7.8,100.0,86.0
Bullitt,1968,1960s,Action,Low,5500000.0,42300873.0,669.1067818181818,7.4,97.0,85.0
42nd Street,1933,1930s,Music,Low,439000.0,2281000.0,419.5899772209567,7.3,96.0,74.0
I'm No Angel,1933,1930s,Comedy,Low,225000.0,2850000.0,1166.6666666666663,6.9,,
A Passage to India,1984,1980s,Drama,Mid,8000000.0,27187653.0,239.8456625,7.3,76.0,78.0
Hero,2002,2000s,Drama,High,31000000.0,177394432.0,472.2401032258064,7.9,67.0,50.0
Anna Karenina,1935,1930s,Drama,Low,1152000.0,1439000.0,24.913194444444446,7.0,93.0,69.0
Nausicaä of the Valley of the Wind,1984,1980s,Adventure,Low,1000000.0,3301446.0,230.1446,8.0,,
Dragnet,1987,1980s,Action,High,20000000.0,66673516.0,233.36758,6.0,51.0,41.0
1941,1979,1970s,Action,High,35000000.0,31755742.0,-9.26930857142857,5.8,42.0,48.0
Leprechaun,1993,1990s,Comedy,Low,900000.0,8556940.0,850.7711111111112,4.8,21.0,32.0
Run,1991,1990s,Action,Mid,16000000.0,4409328.0,-72.4417,6.2,,
Honey,2003,2000s,Romance,High,18000000.0,62646763.0,248.0375722222222,5.4,21.0,71.0
The Last Samurai,2003,2000s,Drama,Blockbuster,140000000.0,456758981.0,226.25641500000003,7.8,66.0,83.0
Big Fish,2003,2000s,Adventure,Blockbuster,70000000.0,122919055.0,75.59865,7.9,75.0,89.0
Something's Gotta Give,2003,2000s,Drama,Blockbuster,80000000.0,266728738.0,233.41092250000003,6.8,72.0,69.0
Stuck on You,2003,2000s,Comedy,Blockbuster,55000000.0,33828318.0,-38.49396727272728,5.8,61.0,35.0
The Lord of the Rings: The Return of the King,2003,2000s,Adventure,Blockbuster,94000000.0,1118888979.0,1090.3074244680852,9.0,93.0,86.0
Calendar Girls,2003,2000s,Comedy,Mid,10000000.0,96542059.0,865.42059,6.9,74.0,67.0
House of Sand and Fog,2003,2000s,Drama,Mid,16500000.0,16942795.0,2.6836060606060608,7.5,74.0,83.0
Monster,2003,2000s,Crime,Mid,8000000.0,60378584.0,654.7323,7.3,81.0,81.0
Cheaper by the Dozen,2003,2000s,Comedy,High,40000000.0,190212113.0,375.5302825,5.9,24.0,56.0
Cold Mountain,2003,2000s,Drama,Blockbuster,79000000.0,173013509.0,119.0044417721519,7.2,71.0,77.0
Paycheck,2003,2000s,Action,Blockbuster,60000000.0,96269812.0,60.44968666666667,6.3,27.0,45.0
Peter Pan,2003,2000s,Adventure,Blockbuster,100000000.0,121975011.0,21.975011,6.8,81.0,80.0
The Company,2003,2000s,Drama,Mid,15000000.0,2281585.0,-84.78943333333333,6.2,72.0,49.0
Along Came Polly,2004,2000s,Comedy,Blockbuster,42000000.0,171963386.0,309.43663333333336,6.0,27.0,47.0
Torque,2004,2000s,Action,High,40000000.0,46546197.0,16.365492500000002,4.2,23.0,41.0
The Great Gatsby,1974,1970s,Drama,Mid,6500000.0,26533200.0,308.20307692307694,6.4,39.0,47.0
"Car 54, Where Are You?",1994,1990s,Action,Mid,10700000.0,1238080.0,-88.42915887850468,2.6,,
Only the Strong,1993,1990s,Action,Low,6000000.0,3283371.0,-45.27715,6.6,,
The Adventures of Ford Fairlane,1990,1990s,Action,Blockbuster,49000000.0,20423389.0,-58.31961428571428,6.4,,
The Pick-up Artist,1987,1980s,Romance,Mid,15000000.0,13290368.0,-11.397546666666669,5.4,,
Cool World,1992,1990s,Animation,High,30000000.0,14110589.0,-52.96470333333333,4.9,6.0,31.0
Money for Nothing,1993,1990s,Drama,Mid,11000000.0,1044824.0,-90.5016,5.7,,
The Butterfly Effect,2004,2000s,Science Fiction,Mid,13000000.0,96060858.0,638.929676923077,7.6,33.0,81.0
Win a Date with Tad Hamilton!,2004,2000s,Comedy,Mid,17000000.0,16980098.0,-0.1170705882352941,5.6,54.0,47.0
The Big Bounce,2004,2000s,Comedy,Blockbuster,50000000.0,6808550.0,-86.38289999999999,4.9,16.0,24.0
Latter Days,2003,2000s,Drama,Low,850000.0,819939.0,-3.5365882352941176,7.1,46.0,79.0
Barbershop 2:  Back in Business,2004,2000s,Comedy,High,18000000.0,65070412.0,261.50228888888887,5.7,68.0,48.0
Catch That Kid,2004,2000s,Family,High,18000000.0,16702864.0,-7.206311111111111,5.2,13.0,47.0
Miracle,2004,2000s,Drama,High,28000000.0,64445708.0,130.16324285714285,7.5,81.0,90.0
The Dreamers,2003,2000s,Drama,Mid,15000000.0,15121165.0,0.8077666666666667,7.1,,
Let's Do It Again,1975,1970s,Comedy,Low,70000.0,11800000.0,16757.14285714286,6.7,63.0,87.0
Thirteen,2003,2000s,Crime,Low,2000000.0,4601043.0,130.05215,6.8,81.0,77.0
Foolish Wives,1922,1920s,Drama,Low,1100000.0,400200.0,-63.61818181818182,7.0,,
Best Defense,1984,1980s,Action,High,18000000.0,19265302.0,7.029455555555556,3.9,,
50 First Dates,2004,2000s,Comedy,Blockbuster,75000000.0,196482882.0,161.977176,6.8,45.0,65.0
Welcome to Mooseport,2004,2000s,Comedy,High,30000000.0,14000000.0,-53.333333333333336,5.3,13.0,19.0
Vanishing Point,1971,1970s,Action,Low,1300000.0,72266306.0,5458.946615384615,7.2,,
The Thief of Bagdad,1924,1920s,Action,Low,1135654.0,1213880.0,6.888189536601817,7.7,96.0,82.0
King Solomon's Mines,1985,1980s,Action,Mid,12500000.0,238227.0,-98.094184,5.2,92.0,59.0
Raw Deal,1986,1980s,Action,Mid,8500000.0,16209459.0,90.69951764705884,5.6,23.0,28.0
Against the Ropes,2004,2000s,Romance,High,39000000.0,6614280.0,-83.04030769230769,5.3,12.0,29.0
Confessions of a Teenage Drama Queen,2004,2000s,Comedy,Mid,15000000.0,29331068.0,95.54045333333332,4.8,14.0,35.0
EuroTrip,2004,2000s,Comedy,High,25000000.0,20796847.0,-16.812611999999998,6.6,47.0,75.0
The Passion of the Christ,2004,2000s,Drama,High,30000000.0,611899420.0,1939.6647333333333,7.3,49.0,80.0
Club Dread,2004,2000s,Comedy,Mid,8500000.0,5001655.0,-41.157,5.7,29.0,44.0
Dirty Dancing: Havana Nights,2004,2000s,Drama,High,25000000.0,27685016.0,10.740064,5.9,23.0,73.0
Twisted,2004,2000s,Action,Blockbuster,50000000.0,25195000.0,-49.61,5.3,1.0,31.0
"Good bye, Lenin!",2003,2000s,Comedy,Low,4800000.0,79384880.0,1553.8516666666667,7.7,90.0,93.0
Hidalgo,2004,2000s,Western,Blockbuster,100000000.0,108103450.0,8.103449999999999,6.7,46.0,64.0
Starsky & Hutch,2004,2000s,Comedy,Blockbuster,60000000.0,170268750.0,183.78125,6.1,62.0,49.0
Agent Cody Banks 2: Destination London,2004,2000s,Comedy,High,26000000.0,28818995.0,10.84228846153846,4.6,14.0,31.0
The Girl Next Door,2004,2000s,Comedy,High,25000000.0,30411183.0,21.644732,6.7,56.0,69.0
Secret Window,2004,2000s,Thriller,High,40000000.0,92913171.0,132.2829275,6.5,46.0,65.0
Spartan,2004,2000s,Mystery,High,19250000.0,8112712.0,-57.85604155844156,6.5,65.0,62.0
Clifford,1994,1990s,Comedy,High,19000000.0,7411659.0,-60.99126842105264,5.6,13.0,67.0
Dawn of the Dead,2004,2000s,Fantasy,High,28000000.0,102356381.0,265.55850357142856,7.2,75.0,77.0
Eternal Sunshine of the Spotless Mind,2004,2000s,Science Fiction,High,20000000.0,72258126.0,261.29063,8.3,93.0,94.0
Taking Lives,2004,2000s,Action,Blockbuster,45000000.0,65470529.0,45.49006444444444,6.2,22.0,55.0
Intermission,2003,2000s,Romance,Low,5000000.0,4856298.0,-2.87404,6.8,73.0,75.0
Jersey Girl,2004,2000s,Comedy,High,35000000.0,36098382.0,3.1382342857142858,6.2,42.0,48.0
Never Die Alone,2004,2000s,Action,Low,3000000.0,5923000.0,97.43333333333334,5.6,26.0,61.0
Dogville,2003,2000s,Crime,Mid,10000000.0,16680836.0,66.80836,8.0,70.0,89.0
Hellboy,2004,2000s,Fantasy,Blockbuster,66000000.0,99318987.0,50.48331363636363,6.9,81.0,66.0
Home on the Range,2004,2000s,Animation,Blockbuster,110000000.0,103951461.0,-5.498671818181818,5.4,53.0,29.0
Walking Tall,2004,2000s,Adventure,Blockbuster,56000000.0,57223890.0,2.185517857142857,6.2,75.0,71.0
Johnson Family Vacation,2004,2000s,Comedy,Mid,12000000.0,31179516.0,159.8293,4.6,6.0,44.0
The Alamo,2004,2000s,Western,Blockbuster,145000000.0,25819961.0,-82.19313034482758,6.1,52.0,63.0
Ella Enchanted,2004,2000s,Family,High,31000000.0,27388767.0,-11.649138709677418,6.3,50.0,57.0
The Whole Ten Yards,2004,2000s,Comedy,High,40000000.0,26155781.0,-34.6105475,5.5,4.0,40.0
The Ten Commandments,1956,1950s,Drama,Mid,13000000.0,122700000.0,843.8461538461538,7.9,83.0,73.0
Dawn of the Dead,1978,1970s,Horror,Low,650000.0,55000000.0,8361.538461538461,7.8,75.0,77.0
Those Magnificent Men in Their Flying Machines or How I Flew from London to Paris in 25 hours 11 minutes,1965,1960s,Action,Low,5600000.0,29950000.0,434.82142857142856,7.0,,
After Hours,1985,1980s,Comedy,Low,4500000.0,10609321.0,135.7626888888889,7.6,89.0,87.0
Connie and Carla,2004,2000s,Music,High,20000000.0,11341016.0,-43.29492,6.3,,
Kill Bill: Vol. 2,2004,2000s,Action,High,30000000.0,152159461.0,407.19820333333337,8.0,,
The Punisher,2004,2000s,Action,High,33000000.0,54700105.0,65.75789393939394,6.4,29.0,63.0
Young Adam,2003,2000s,Drama,Mid,6400000.0,2500000.0,-60.9375,6.3,,
13 Going on 30,2004,2000s,Comedy,High,37000000.0,96455697.0,160.691072972973,6.3,65.0,70.0
Man on Fire,2004,2000s,Action,Blockbuster,70000000.0,130293714.0,86.13387714285714,7.7,38.0,89.0
Godsend,2004,2000s,Drama,High,25000000.0,30114487.0,20.457948,4.8,4.0,20.0
Laws of Attraction,2004,2000s,Action,High,28000000.0,30016165.0,7.200589285714286,5.9,18.0,47.0
Mean Girls,2004,2000s,Comedy,Mid,17000000.0,129042871.0,659.0757117647059,7.1,84.0,66.0
Mickey,2004,2000s,Drama,Low,6000000.0,293793.0,-95.10345,6.5,,
Van Helsing,2004,2000s,Horror,Blockbuster,160000000.0,300257475.0,87.660921875,6.1,24.0,57.0
The Mudge Boy,2003,2000s,Drama,Low,800000.0,62852.0,-92.1435,7.1,,
Troy,2004,2000s,Adventure,Blockbuster,175000000.0,497409852.0,184.23420114285716,7.3,54.0,73.0
D-Tox,2002,2000s,Action,Blockbuster,55000000.0,6416302.0,-88.33399636363637,5.3,,
Enemy Mine,1985,1980s,Drama,High,40000000.0,12303411.0,-69.2414725,6.9,63.0,68.0
Enter the Dragon,1973,1970s,Action,Low,850000.0,90000000.0,10488.235294117649,7.6,94.0,92.0
You Only Live Twice,1967,1960s,Action,Mid,9500000.0,111584787.0,1074.576705263158,6.8,73.0,68.0
Octopussy,1983,1980s,Adventure,High,27500000.0,187500000.0,581.8181818181819,6.5,43.0,47.0
Never Say Never Again,1983,1980s,Adventure,High,36000000.0,160000000.0,344.44444444444446,6.1,67.0,37.0
Desert Hearts,1985,1980s,Drama,Low,350000.0,2400000.0,585.7142857142857,7.1,95.0,76.0
Body Double,1984,1980s,Crime,Mid,10000000.0,8801940.0,-11.9806,6.8,76.0,65.0
The Miracle Worker,1962,1960s,Drama,Low,500000.0,2500000.0,400.0,8.1,96.0,88.0
Raising Cain,1992,1990s,Drama,Mid,12000000.0,37170057.0,209.750475,6.1,58.0,41.0
Noises Off...,1992,1990s,Comedy,Mid,12000000.0,2280148.0,-80.99876666666667,7.4,,
The China Syndrome,1979,1970s,Thriller,Low,5900000.0,51718367.0,776.5824915254237,7.4,85.0,81.0
Cat People,1942,1940s,Thriller,Low,134000.0,4000000.0,2885.074626865672,7.2,95.0,73.0
Good Guys Wear Black,1978,1970s,Action,Low,1000000.0,18300000.0,1730.0,5.2,,
On Deadly Ground,1994,1990s,Action,Blockbuster,50000000.0,49000000.0,-2.0,4.6,10.0,34.0
Forever Fever,1998,1990s,Comedy,Low,1070000.0,570000.0,-46.728971962616825,6.8,,
Explorers,1985,1980s,Adventure,High,25000000.0,9873044.0,-60.507824,6.4,77.0,67.0
The Warriors,1979,1970s,Action,Low,4000000.0,22490039.0,462.250975,7.5,90.0,88.0
Waterloo,1970,1970s,History,High,25000000.0,3052000.0,-87.792,7.3,,
Woodstock,1970,1970s,History,Low,600000.0,34505110.0,5650.8516666666665,8.1,,
Pat Garrett & Billy the Kid,1973,1970s,Western,Low,4638783.0,11000000.0,137.13116134123973,7.2,86.0,83.0
The Ballad of Cable Hogue,1970,1970s,Action,Low,3716946.0,5000000.0,34.51903794136369,7.2,93.0,82.0
The Indian Runner,1991,1990s,Drama,Mid,7000000.0,191125.0,-97.26964285714286,6.9,74.0,81.0
The Night of the Iguana,1964,1960s,Drama,Low,3000000.0,12000000.0,300.0,7.5,71.0,85.0
Nightbreed,1990,1990s,Action,Mid,11000000.0,8862354.0,-19.433145454545457,6.5,39.0,60.0
Ken Park,2002,2000s,Drama,Low,1300000.0,447741.0,-65.55838461538461,5.8,,
A Bridge Too Far,1977,1970s,Drama,High,22000000.0,50750000.0,130.6818181818182,7.4,64.0,86.0
Broadway Danny Rose,1984,1980s,Comedy,Mid,8000000.0,10600497.0,32.5062125,7.4,100.0,84.0
From Beyond,1986,1980s,Horror,Low,4500000.0,1261000.0,-71.97777777777777,6.6,78.0,70.0
Space Truckers,1996,1990s,Comedy,High,25000000.0,1614266.0,-93.542936,5.4,15.0,29.0
Not of This Earth,1988,1980s,Horror,Low,210000.0,107352.0,-48.88,4.9,,
Death Race 2000,1975,1970s,Action,Low,300000.0,8000000.0,2566.666666666667,6.2,83.0,64.0
The Getaway,1972,1970s,Action,Low,3352254.0,58831997.0,1654.9981892780202,7.3,86.0,81.0
Mean Streets,1973,1970s,Drama,Low,500000.0,3000000.0,500.0,7.2,95.0,84.0
Harper,1966,1960s,Action,Low,3500000.0,12000000.0,242.85714285714283,6.8,,
Dahmer,2002,2000s,Drama,Low,250000.0,144008.0,-42.3968,5.6,69.0,40.0
Paradise,1991,1990s,Drama,High,34000000.0,18634643.0,-45.19222647058824,6.7,36.0,50.0
Bad Day at Black Rock,1955,1950s,Crime,Low,1271000.0,3788000.0,198.0330448465775,7.6,97.0,88.0
Charly,1968,1960s,Drama,Low,950000.0,814666.0,-14.245684210526315,6.9,,
Beyond the Valley of the Dolls,1970,1970s,Comedy,Low,2090000.0,40000000.0,1813.8755980861245,6.1,75.0,72.0
At Play in the Fields of the Lord,1991,1990s,Drama,High,36000000.0,1345903.0,-96.26138055555556,6.8,,
Night of the Living Dead,1990,1990s,Horror,Low,4200000.0,5835247.0,38.93445238095239,6.8,97.0,87.0
Queen Christina,1933,1930s,Drama,Low,1114000.0,2610000.0,134.29084380610414,7.5,90.0,84.0
Purple Rain,1984,1980s,Drama,Mid,7200000.0,68392977.0,849.9024583333334,6.5,70.0,78.0
The Cowboys,1972,1970s,Action,Low,6000000.0,7500000.0,25.0,7.4,79.0,88.0
The Caine Mutiny,1954,1950s,Drama,Low,2000000.0,21750000.0,987.5,7.7,92.0,87.0
Escape from Alcatraz,1979,1970s,Crime,Mid,8000000.0,43000000.0,437.5,7.5,96.0,85.0
Shrek 2,2004,2000s,Adventure,Blockbuster,150000000.0,919838758.0,513.2258386666667,7.4,89.0,69.0
The Day After Tomorrow,2004,2000s,Action,Blockbuster,125000000.0,544272402.0,335.4179216,6.5,44.0,50.0
Raising Helen,2004,2000s,Drama,Blockbuster,50000000.0,49718611.0,-0.562778,6.0,25.0,61.0
Soul Plane,2004,2000s,Romance,Mid,16000000.0,14822346.0,-7.3603375,4.6,18.0,51.0
The Mother,2003,2000s,Drama,Low,2500000.0,1062253.0,-57.50988,6.7,,
Harry Potter and the Prisoner of Azkaban,2004,2000s,Adventure,Blockbuster,130000000.0,789804554.0,507.5419646153846,7.9,90.0,86.0
Mindhunters,2004,2000s,Mystery,High,27000000.0,21148829.0,-21.671003703703704,6.3,24.0,57.0
The Chronicles of Riddick,2004,2000s,Action,Blockbuster,105000000.0,115772733.0,10.259745714285714,6.6,29.0,65.0
Garfield,2004,2000s,Animation,Blockbuster,50000000.0,200804534.0,301.609068,5.1,,
The Stepford Wives,2004,2000s,Action,Blockbuster,90000000.0,102000000.0,13.333333333333334,5.4,26.0,30.0
Napoleon Dynamite,2004,2000s,Comedy,Low,400000.0,46118097.0,11429.52425,7.0,71.0,74.0
City of Joy,1992,1990s,Drama,High,27000000.0,14683921.0,-45.61510740740741,6.5,53.0,75.0
The Doctor,1991,1990s,Drama,Mid,12000000.0,38120905.0,217.67420833333333,6.9,82.0,72.0
For Me and My Gal,1942,1940s,Drama,Low,802000.0,4371000.0,445.01246882793015,7.0,100.0,83.0
Star!,1968,1960s,Drama,Mid,14320000.0,14000000.0,-2.23463687150838,6.4,,
The Molly Maguires,1970,1970s,Drama,Mid,11000000.0,2200000.0,-80.0,6.8,90.0,63.0
Meet the Applegates,1991,1990s,Comedy,Low,5000000.0,485772.0,-90.28456,5.5,,
Sands of Iwo Jima,1949,1940s,Action,Low,1000000.0,7800000.0,680.0,7.0,100.0,80.0
Super Size Me,2004,2000s,Documentary,Low,65000.0,28575078.0,43861.65846153846,7.2,92.0,72.0
The Born Losers,1967,1960s,Action,Low,360000.0,36000000.0,9900.0,5.9,,
The Hitcher,1986,1980s,Action,Low,6000000.0,5844868.0,-2.585533333333333,7.2,19.0,52.0
Show Boat,1951,1950s,Music,Low,2300000.0,11000000.0,378.2608695652174,6.8,89.0,71.0
Around the World in 80 Days,2004,2000s,Action,Blockbuster,110000000.0,72178895.0,-34.382822727272725,5.9,69.0,57.0
DodgeBall: A True Underdog Story,2004,2000s,Comedy,High,20000000.0,167722310.0,738.61155,6.7,,
The Terminal,2004,2000s,Comedy,Blockbuster,60000000.0,219417255.0,265.695425,7.4,61.0,74.0
White Chicks,2004,2000s,Comedy,High,37000000.0,113086475.0,205.6391216216216,5.9,15.0,55.0
The Notebook,2004,2000s,Romance,High,29000000.0,115603229.0,298.631824137931,7.8,67.0,67.0
Two Brothers,2004,2000s,Adventure,Blockbuster,74500000.0,62172050.0,-16.54758389261745,7.0,78.0,75.0
Bob & Carol & Ted & Alice,1969,1960s,Comedy,Low,2000000.0,30000000.0,1400.0,6.7,83.0,65.0
Rapa Nui,1994,1990s,Adventure,High,20000000.0,305070.0,-98.47465,6.4,,
Juice,1992,1990s,Action,Low,5000000.0,20146880.0,302.93760000000003,7.0,79.0,90.0
Taxi 3,2003,2000s,Action,Mid,14500000.0,65497208.0,351.7048827586207,5.8,,
Overboard,1987,1980s,Comedy,Low,1880006.0,26713187.0,1320.9096673095723,6.9,44.0,74.0
Fahrenheit 9/11,2004,2000s,,Low,6000000.0,119114517.0,1885.24195,7.5,,
Search and Destroy,1995,1990s,Action,Low,4000000.0,389503.0,-90.262425,5.3,,
Hard Times,1975,1970s,Drama,Low,2700000.0,5000000.0,85.18518518518519,7.2,92.0,81.0
The Last Starfighter,1984,1980s,Adventure,Mid,15000000.0,28733290.0,91.55526666666668,6.7,74.0,69.0
Spider-Man 2,2004,2000s,Action,Blockbuster,200000000.0,783766341.0,291.8831705,7.5,93.0,82.0
Before Sunset,2004,2000s,Drama,Low,2700000.0,15992615.0,492.3190740740741,8.1,95.0,91.0
King Arthur,2004,2000s,Adventure,Blockbuster,120000000.0,203567857.0,69.63988083333334,6.3,31.0,59.0
Anchorman: The Legend of Ron Burgundy,2004,2000s,Comedy,High,26000000.0,90574188.0,248.36226153846152,7.1,,
A Cinderella Story,2004,2000s,Comedy,High,19000000.0,70067909.0,268.7784684210526,6.0,12.0,53.0
"I, Robot",2004,2000s,Action,Blockbuster,120000000.0,347234916.0,189.36243,7.1,56.0,70.0
How the West Was Won,1962,1960s,History,Mid,15000000.0,50000000.0,233.33333333333331,7.1,86.0,74.0
The Bourne Supremacy,2004,2000s,Action,Blockbuster,75000000.0,288500217.0,284.666956,7.7,82.0,90.0
Catwoman,2004,2000s,Action,Blockbuster,100000000.0,82102379.0,-17.897621,3.5,9.0,18.0
A Home at the End of the World,2004,2000s,Romance,Mid,6500000.0,1548955.0,-76.16992307692307,6.6,50.0,67.0
Stay Hungry,1976,1970s,Comedy,Low,5000000.0,24854765.0,397.0953,5.6,67.0,40.0
Shalako,1968,1960s,Western,Low,1455000.0,2620000.0,80.06872852233677,5.6,,
The New Adventures of Pippi Longstocking,1988,1980s,Fantasy,Low,5000000.0,3569939.0,-28.60122,5.9,17.0,67.0
The Super,1991,1990s,Comedy,High,22000000.0,11000863.0,-49.99607727272728,5.7,0.0,43.0
A Woman Is a Woman,1961,1960s,Comedy,Low,160000.0,100655.0,-37.090625,7.3,,
The Manchurian Candidate,2004,2000s,Drama,Blockbuster,80000000.0,96105964.0,20.132455,6.6,97.0,90.0
Thunderbirds,2004,2000s,Action,Blockbuster,57000000.0,28283637.0,-50.37958421052632,4.3,19.0,36.0
The Village,2004,2000s,Drama,Blockbuster,60000000.0,256697520.0,327.8292,6.6,43.0,57.0
Garden State,2004,2000s,Comedy,Low,2500000.0,26781723.0,971.26892,7.4,86.0,88.0
Collateral,2004,2000s,Drama,Blockbuster,65000000.0,217764291.0,235.02198615384611,7.5,86.0,84.0
Little Black Book,2004,2000s,Comedy,High,35000000.0,22034832.0,-37.04333714285714,5.4,22.0,37.0
Harold & Kumar Go to White Castle,2004,2000s,Comedy,Mid,9000000.0,23936908.0,165.96564444444445,7.0,74.0,80.0
The Princess Diaries 2: Royal Engagement,2004,2000s,Comedy,High,40000000.0,95149435.0,137.8735875,5.9,,
AVP: Alien vs. Predator,2004,2000s,Adventure,Blockbuster,70000000.0,171183863.0,144.54837571428573,5.7,,
Yu-Gi-Oh! The Movie,2004,2000s,Adventure,High,20000000.0,29170410.0,45.85205,5.0,,
We Don't Live Here Anymore,2004,2000s,Drama,Low,3000000.0,2037545.0,-32.08183333333333,6.2,65.0,54.0
Without a Paddle,2004,2000s,Action,High,19000000.0,69631118.0,266.47956842105265,5.9,14.0,68.0
Exorcist: The Beginning,2004,2000s,Horror,Blockbuster,80000000.0,78000586.0,-2.4992675,5.1,10.0,27.0
Anacondas: The Hunt for the Blood Orchid,2004,2000s,Adventure,High,20000000.0,70992898.0,254.96449,4.8,26.0,27.0
Suspect Zero,2004,2000s,Crime,High,27000000.0,13000000.0,-51.85185185185185,5.8,18.0,38.0
Vanity Fair,2004,2000s,Drama,High,23000000.0,16123851.0,-29.8963,6.2,49.0,50.0
Paparazzi,2004,2000s,Action,High,20000000.0,16605763.0,-16.971185,5.7,18.0,38.0
Wicker Park,2004,2000s,Drama,High,30000000.0,13001257.0,-56.66247666666666,6.9,27.0,79.0
Night of the Demons,1988,1980s,Horror,Low,1200000.0,3109904.0,159.15866666666668,6.1,36.0,55.0
Cellular,2004,2000s,Action,High,25000000.0,56422687.0,125.690748,6.5,55.0,59.0
Resident Evil: Apocalypse,2004,2000s,Horror,Blockbuster,45000000.0,129394835.0,187.54407777777777,6.1,20.0,60.0
Mr. 3000,2004,2000s,Comedy,High,30000000.0,21800302.0,-27.332326666666667,5.6,55.0,30.0
Sky Captain and the World of Tomorrow,2004,2000s,Mystery,Blockbuster,70000000.0,57958696.0,-17.201862857142856,6.1,70.0,46.0
Wimbledon,2004,2000s,Comedy,High,31000000.0,41512007.0,33.9097,6.4,61.0,57.0
The Forgotten,2004,2000s,Crime,Blockbuster,42000000.0,117575636.0,179.94199047619048,5.8,32.0,36.0
A Dirty Shame,2004,2000s,Comedy,Mid,15000000.0,1914166.0,-87.23889333333334,5.1,53.0,51.0
Shaun of the Dead,2004,2000s,Horror,Low,4000000.0,30039392.0,650.9848,7.8,91.0,93.0
Alexander's Ragtime Band,1938,1930s,Drama,Low,2000000.0,4000000.0,100.0,6.8,80.0,46.0
Orca: The Killer Whale,1977,1970s,Drama,Low,6000000.0,14717854.0,145.29756666666665,5.8,,
1492: Conquest of Paradise,1992,1990s,Action,Blockbuster,47000000.0,7191399.0,-84.69915106382979,6.4,32.0,50.0
Shark Tale,2004,2000s,Animation,Blockbuster,75000000.0,367275019.0,389.7000253333333,6.0,36.0,49.0
Ladder 49,2004,2000s,Drama,Blockbuster,60000000.0,74541707.0,24.23617833333333,6.5,41.0,81.0
Raise Your Voice,2004,2000s,Music,Mid,15000000.0,14867514.0,-0.88324,5.8,15.0,71.0
Taxi,2004,2000s,Thriller,High,25000000.0,36609966.0,46.439864,4.6,9.0,43.0
Shall We Dance?,2004,2000s,Drama,Blockbuster,50000000.0,170128460.0,240.25692,6.2,,
Team America: World Police,2004,2000s,Music,High,32000000.0,50907422.0,59.08569375,7.2,77.0,80.0
Cannonball,1976,1970s,Action,Low,780000.0,1500000.0,92.3076923076923,5.5,,
Friday Night Lights,2004,2000s,Drama,High,30000000.0,61255921.0,104.18640333333332,7.2,82.0,85.0
Surviving Christmas,2004,2000s,Comedy,Blockbuster,45000000.0,14793624.0,-67.12528,5.5,7.0,29.0
The Grudge,2004,2000s,Horror,Mid,10000000.0,183474602.0,1734.74602,5.9,40.0,46.0
Alfie,2004,2000s,Comedy,Blockbuster,60000000.0,13395939.0,-77.673435,6.2,96.0,76.0
Sideways,2004,2000s,Comedy,Mid,16000000.0,109502303.0,584.38939375,7.5,97.0,79.0
The Machinist,2004,2000s,Thriller,Low,5000000.0,8203235.0,64.0647,7.6,77.0,83.0
Saw,2004,2000s,Horror,Low,1200000.0,103911669.0,8559.30575,7.6,49.0,84.0
Ray,2004,2000s,Drama,High,40000000.0,124731534.0,211.828835,7.7,80.0,87.0
The Incredibles,2004,2000s,Action,Blockbuster,92000000.0,631442092.0,586.3501,8.0,97.0,75.0
The Polar Express,2004,2000s,Adventure,Blockbuster,165000000.0,305875730.0,85.37923030303031,6.6,56.0,63.0
Seed of Chucky,2004,2000s,Drama,Mid,12000000.0,24829644.0,106.9137,4.9,33.0,38.0
After the Sunset,2004,2000s,Action,Blockbuster,60000000.0,61347797.0,2.246328333333333,6.3,18.0,52.0
Bridget Jones: The Edge of Reason,2004,2000s,Comedy,Blockbuster,50000000.0,40203020.0,-19.59396,6.0,27.0,60.0
Finding Neverland,2004,2000s,Drama,High,25000000.0,116766556.0,367.066224,7.6,83.0,87.0
Veer-Zaara,2004,2000s,Drama,Mid,7000000.0,29385320.0,319.7902857142857,7.8,92.0,88.0
National Treasure,2004,2000s,Adventure,Blockbuster,100000000.0,347451894.0,247.451894,6.9,46.0,76.0
Bad Education,2004,2000s,Crime,Low,5000000.0,40266982.0,705.3396399999999,7.4,88.0,86.0
The SpongeBob SquarePants Movie,2004,2000s,Animation,High,30000000.0,140161792.0,367.2059733333333,7.2,68.0,78.0
Alexander,2004,2000s,War,Blockbuster,155000000.0,167298192.0,7.934317419354839,5.6,16.0,35.0
Closer,2004,2000s,Drama,High,27000000.0,115505027.0,327.7963962962963,7.1,68.0,81.0
Ocean's Twelve,2004,2000s,Thriller,Blockbuster,110000000.0,362744280.0,229.76752727272728,6.5,55.0,60.0
Blade: Trinity,2004,2000s,Science Fiction,Blockbuster,65000000.0,128905366.0,98.31594769230767,5.8,26.0,59.0
The Bellboy,1960,1960s,Comedy,Low,900000.0,10000000.0,1011.1111111111112,6.5,70.0,68.0
Cinderfella,1960,1960s,Comedy,Low,3000000.0,7100000.0,136.66666666666666,5.9,,
Stateside,2004,2000s,Drama,Mid,16000000.0,174318.0,-98.9105125,5.8,24.0,60.0
Fire in the Sky,1993,1990s,Drama,High,19885552.0,19724334.0,-0.8107293174461538,6.5,42.0,57.0
The Cheat,1915,1910s,Drama,Low,17311.0,137365.0,693.5127953324476,6.5,,
The Big Parade,1925,1920s,Drama,Low,245000.0,22000000.0,8879.591836734695,7.9,100.0,91.0
She Done Him Wrong,1933,1930s,Comedy,Low,200000.0,2200000.0,1000.0,6.3,91.0,53.0
The Informer,1935,1930s,Drama,Low,243000.0,950000.0,290.9465020576132,7.3,94.0,77.0
Boom Town,1940,1940s,Adventure,Low,2000000.0,9172000.0,358.6,7.0,,
A Guy Named Joe,1944,1940s,Drama,Low,2627000.0,5363000.0,104.1492196421774,6.9,,
3 Godfathers,1948,1940s,Action,Low,1243000.0,2841000.0,128.55993563958165,7.0,,
Fort Apache,1948,1940s,Western,Low,2500000.0,3000000.0,20.0,7.4,100.0,83.0
The Pirate,1948,1940s,Music,Low,3700000.0,2956000.0,-20.10810810810811,6.9,73.0,75.0
Annie Get Your Gun,1950,1950s,Action,Low,3768785.0,8000000.0,112.27000213596688,6.8,,
The Nun's Story,1959,1950s,Drama,Low,3500000.0,12800000.0,265.7142857142857,7.5,94.0,82.0
Mutiny on the Bounty,1962,1960s,Adventure,High,19000000.0,13680000.0,-28.000000000000004,7.2,93.0,83.0
The Battle of Algiers,1966,1960s,Drama,Low,800000.0,921548.0,15.193499999999998,8.1,,
Dracula: Prince of Darkness,1966,1960s,Horror,Low,280379.0,364937.0,30.15846407897881,6.6,,
Major Dundee,1965,1960s,War,Low,3800000.0,14873.0,-99.60860526315788,6.7,97.0,67.0
The Train,1964,1960s,Action,Low,5800000.0,6800000.0,17.24137931034483,7.8,92.0,89.0
The Bride Wore Black,1968,1960s,Mystery,Low,747000.0,44566.0,-94.03400267737617,7.2,,
Point Blank,1967,1960s,Action,Low,2500000.0,3200000.0,28.000000000000004,7.2,95.0,84.0
Zabriskie Point,1970,1970s,Drama,Mid,7000000.0,1000000.0,-85.71428571428571,6.9,,
Sweet Sweetback's Baadasssss Song,1971,1970s,Action,Low,150000.0,15200000.0,10033.333333333332,5.5,,
"Farewell, My Lovely",1975,1970s,Crime,Low,2500000.0,2000000.0,-20.0,7.0,76.0,73.0
Silver Streak,1976,1970s,Comedy,Mid,6500000.0,51079064.0,685.8317538461538,6.9,81.0,71.0
High Anxiety,1977,1970s,Comedy,Low,3400000.0,31063038.0,813.6187647058824,6.6,72.0,67.0
Sorcerer,1977,1970s,Action,High,22000000.0,12000000.0,-45.45454545454545,7.7,79.0,83.0
The In-Laws,1979,1970s,Action,Mid,9000000.0,38200000.0,324.44444444444446,7.3,33.0,40.0
Peter-No-Tail,1981,1980s,Romance,Low,48740.0,955401.0,1860.1990151826017,7.0,,
Blue Thunder,1983,1980s,Science Fiction,High,22000000.0,42313354.0,92.33342727272728,6.4,77.0,52.0
Rumble Fish,1983,1980s,Action,Mid,10000000.0,2494480.0,-75.0552,7.1,73.0,80.0
Twilight Zone: The Movie,1983,1980s,Drama,Mid,10000000.0,29450919.0,194.50919,6.5,58.0,55.0
Racing with the Moon,1984,1980s,Drama,Mid,9000000.0,6045657.0,-32.826033333333335,6.6,60.0,62.0
Bliss,1985,1980s,Comedy,Low,3400000.0,660537.0,-80.57244117647059,6.7,46.0,54.0
Mishima: A Life in Four Chapters,1985,1980s,Drama,Low,5000000.0,502758.0,-89.94484,7.9,89.0,91.0
Club Paradise,1986,1980s,Comedy,Mid,15000000.0,12308521.0,-17.943193333333333,5.2,11.0,35.0
Solarbabies,1986,1980s,Science Fiction,High,25000000.0,1579260.0,-93.68296,4.8,0.0,43.0
Prince of Darkness,1987,1980s,Horror,Low,3000000.0,14182492.0,372.7497333333333,6.6,58.0,60.0
Prison,1988,1980s,Crime,Low,1300000.0,354704.0,-72.71507692307692,5.8,,
Kiki's Delivery Service,1989,1980s,Animation,Mid,6900000.0,18172849.0,163.3746231884058,7.8,98.0,88.0
Cry-Baby,1990,1990s,Comedy,Mid,11000000.0,8266343.0,-24.85142727272727,6.5,73.0,77.0
Frankenhooker,1990,1990s,Comedy,Low,2500000.0,205068.0,-91.79728,6.2,57.0,57.0
Hard to Kill,1990,1990s,Action,Mid,10000000.0,47410000.0,374.1,5.8,38.0,47.0
Havana,1990,1990s,Drama,High,40000000.0,9243140.0,-76.89215,6.1,,
Lionheart,1990,1990s,Action,Low,6000000.0,24078196.0,301.3032666666667,6.2,31.0,52.0
Closet Land,1991,1990s,Drama,Low,4000000.0,259012.0,-93.5247,7.0,,
Dutch,1991,1990s,Comedy,Mid,17000000.0,4603929.0,-72.91806470588236,6.5,,
Mannequin Two: On the Move,1991,1990s,Fantasy,Mid,13000000.0,3752426.0,-71.13518461538462,4.5,,
Out for Justice,1991,1990s,Action,Mid,14000000.0,39673161.0,183.37972142857143,6.1,23.0,53.0
Diggstown,1992,1990s,Action,Mid,17000000.0,4836637.0,-71.54919411764706,6.9,60.0,77.0
Fortress,1992,1990s,Action,Mid,8000000.0,6739141.0,-15.7607375,5.9,,
Josh and S.A.M.,1993,1990s,Adventure,High,18000000.0,1528163.0,-91.51020555555556,5.7,25.0,48.0
Beowulf,1999,1990s,Action,High,20000000.0,1531251.0,-92.343745,4.1,0.0,23.0
A Place Called Chiapas,1998,1990s,Documentary,Low,891000.0,229000.0,-74.29854096520762,7.4,,
Dil Se..,1998,1990s,Drama,Low,5200000.0,13000000.0,150.0,7.5,,
Kuch Kuch Hota Hai,1998,1990s,Drama,Low,1530000.0,15306000.0,900.3921568627451,7.5,,
2046,2004,2000s,Fantasy,Mid,12000000.0,19271312.0,60.59426666666666,7.4,,
The Accidental Spy,2001,2000s,Action,High,25697387.0,3849941.0,-85.01816157417095,5.8,,
Dil Chahta Hai,2001,2000s,Drama,Low,2079000.0,4099000.0,97.16209716209715,8.0,,
Sympathy for Mr. Vengeance,2002,2000s,Action,Low,4000000.0,1954937.0,-51.126575,7.5,54.0,85.0
A Sound of Thunder,2005,2000s,Thriller,Blockbuster,80000000.0,5989640.0,-92.51295,4.3,6.0,18.0
Lemony Snicket's A Series of Unfortunate Events,2004,2000s,Adventure,Blockbuster,140000000.0,209073645.0,49.33831785714285,6.8,72.0,63.0
In My Country,2004,2000s,Romance,Mid,12000000.0,163536.0,-98.6372,6.0,23.0,57.0
The Twilight Samurai,2002,2000s,Action,Low,5000000.0,7338987.0,46.77974,8.0,,
Foolproof,2003,2000s,Action,Mid,8256269.0,460978.0,-94.4166305627881,6.4,,
Oldboy,2003,2000s,Drama,Low,3000000.0,14980005.0,399.3335,8.3,82.0,94.0
The Jacket,2005,2000s,Drama,High,29000000.0,21126225.0,-27.15094827586207,7.1,44.0,73.0
The Sea Inside,2004,2000s,Drama,Mid,12806000.0,38535221.0,200.91535998750584,7.9,,
Spanglish,2004,2000s,Comedy,Blockbuster,80000000.0,55041367.0,-31.19829125,6.4,53.0,60.0
The Interpreter,2005,2000s,Crime,Blockbuster,80000000.0,162944923.0,103.68115375,6.4,57.0,54.0
Open Water,2004,2000s,Drama,Low,130000.0,54667954.0,41952.27230769231,5.8,71.0,33.0
Layer Cake,2004,2000s,Drama,Mid,6500000.0,11850214.0,82.31098461538463,7.2,80.0,84.0
Flight of the Phoenix,2004,2000s,Action,Blockbuster,45000000.0,21009180.0,-53.31293333333333,6.1,30.0,40.0
Mean Creek,2004,2000s,Crime,Low,500000.0,603943.0,20.7886,7.1,89.0,82.0
The Ring Two,2005,2000s,Drama,Blockbuster,50000000.0,161451538.0,222.903076,5.4,20.0,33.0
The Visual Bible: The Gospel of John,2003,2000s,Drama,Mid,10000000.0,4069090.0,-59.3091,7.7,,
Bummer,2003,2000s,Action,Low,700000.0,1600000.0,128.57142857142858,7.1,,
She Hate Me,2004,2000s,Comedy,Mid,8000000.0,365134.0,-95.435825,5.3,19.0,60.0
Born into Brothels,2004,2000s,Documentary,Low,350000.0,3515061.0,904.3031428571428,7.2,95.0,91.0
Riding Giants,2004,2000s,Documentary,Low,2600000.0,3166000.0,21.76923076923077,7.8,93.0,94.0
A Scanner Darkly,2006,2000s,Animation,Mid,8700000.0,7659918.0,-11.95496551724138,7.0,68.0,74.0
Casshern,2004,2000s,Drama,Low,6000000.0,1530216.0,-74.4964,6.0,,
Million Dollar Baby,2004,2000s,Drama,High,30000000.0,216763646.0,622.5454866666666,8.1,91.0,90.0
Hotel Rwanda,2004,2000s,Drama,High,17500000.0,38000000.0,117.14285714285715,8.1,91.0,94.0
Charlie and the Chocolate Factory,2005,2000s,Adventure,Blockbuster,150000000.0,474968763.0,216.645842,6.7,83.0,51.0
The Life Aquatic with Steve Zissou,2004,2000s,Adventure,Blockbuster,50000000.0,34808403.0,-30.383194000000003,7.2,56.0,82.0
The Aviator,2004,2000s,Drama,Blockbuster,116000000.0,102000000.0,-12.06896551724138,7.5,20.0,41.0
The Phantom of the Opera,2004,2000s,Music,Blockbuster,70000000.0,154648887.0,120.92698142857144,7.2,38.0,53.0
Meet the Fockers,2004,2000s,Comedy,Blockbuster,80000000.0,516642939.0,545.8036737499999,6.4,39.0,58.0
White Noise,2005,2000s,Drama,Mid,10000000.0,91196419.0,811.9641899999999,5.5,7.0,31.0
Testament,1983,1980s,Action,Low,1500000.0,2044892.0,36.32613333333333,6.9,82.0,74.0
Hell's Angels,1930,1930s,Action,Low,3950000.0,8000000.0,102.53164556962024,7.2,,
Sergeant York,1941,1940s,Action,Low,1400000.0,16361885.0,1068.7060714285717,7.7,86.0,87.0
Wizards,1977,1970s,Animation,Low,1200000.0,9000000.0,650.0,6.3,59.0,70.0
Appleseed,2004,2000s,Animation,Mid,10000000.0,1461989.0,-85.38011,6.9,,
Elektra,2005,2000s,Action,Blockbuster,43000000.0,56681566.0,31.81759534883721,4.7,11.0,29.0
Racing Stripes,2005,2000s,Comedy,High,30000000.0,93772522.0,212.5750733333333,5.2,35.0,42.0
Coach Carter,2005,2000s,Drama,High,30000000.0,76669806.0,155.56601999999998,7.4,64.0,85.0
A Star Is Born,1976,1970s,Drama,Low,6000000.0,161000000.0,2583.333333333333,6.1,100.0,78.0
Beastmaster 2: Through the Portal of Time,1991,1990s,Action,Low,6000000.0,869325.0,-85.51125,4.2,,
The Chase,1994,1990s,Comedy,High,26000000.0,8009329.0,-69.19488846153847,5.9,89.0,74.0
Downfall,2004,2000s,Drama,High,18339750.0,92180910.0,402.6290434711488,8.2,,
Assault on Precinct 13,2005,2000s,Thriller,High,30000000.0,35294470.0,17.648233333333334,6.3,98.0,80.0
Are We There Yet?,2005,2000s,Adventure,High,32000000.0,97918663.0,205.995821875,4.8,12.0,45.0
Alone in the Dark,2005,2000s,Action,High,20000000.0,10442808.0,-47.78596,2.4,1.0,11.0
Hide and Seek,2005,2000s,Horror,High,25000000.0,122644820.0,390.57928,6.0,13.0,50.0
Boogeyman,2005,2000s,Thriller,High,20000000.0,67192859.0,235.964295,4.2,13.0,21.0
The Wedding Date,2005,2000s,Comedy,Mid,15000000.0,47175038.0,214.50025333333332,6.1,11.0,67.0
Double Dragon,1994,1990s,Action,Low,3500000.0,2341309.0,-33.10545714285714,4.0,13.0,26.0
Howl's Moving Castle,2004,2000s,Fantasy,High,24000000.0,234710455.0,877.9602291666666,8.2,87.0,93.0
Hitch,2005,2000s,Comedy,Blockbuster,70000000.0,368100420.0,425.8577428571429,6.6,69.0,62.0
Inside Deep Throat,2005,2000s,History,Low,2000000.0,653621.0,-67.31895,6.7,82.0,67.0
Constantine,2005,2000s,Drama,Blockbuster,100000000.0,230884728.0,130.884728,7.0,46.0,72.0
Because of Winn-Dixie,2005,2000s,Comedy,Mid,14000000.0,32645546.0,133.18247142857143,6.4,55.0,63.0
Night Watch,2004,2000s,Fantasy,Low,4200000.0,32000000.0,661.9047619047618,6.4,38.0,60.0
Samson and Delilah,1949,1940s,Drama,Low,3000000.0,11500000.0,283.33333333333337,6.8,63.0,59.0
Kung Fu Hustle,2004,2000s,Action,High,20000000.0,100914445.0,404.572225,7.7,90.0,89.0
Cursed,2005,2000s,Horror,High,35000000.0,19294901.0,-44.87171142857142,5.1,17.0,30.0
The Pacifier,2005,2000s,Action,Blockbuster,56000000.0,113006880.0,101.79800000000002,5.6,21.0,59.0
Be Cool,2005,2000s,Comedy,Blockbuster,53000000.0,95226116.0,79.67191698113207,5.6,30.0,42.0
Hostage,2005,2000s,Mystery,Blockbuster,52000000.0,77944725.0,49.893701923076925,6.5,35.0,62.0
Robots,2005,2000s,Animation,Blockbuster,75000000.0,260696994.0,247.595992,6.4,64.0,53.0
Bopha!,1993,1990s,Drama,Mid,12000000.0,212483.0,-98.22930833333334,6.4,82.0,64.0
Once Upon a Forest,1993,1990s,Animation,Mid,13000000.0,6582052.0,-49.36883076923077,6.5,22.0,69.0
The Green Berets,1968,1960s,War,Mid,7000000.0,11000000.0,57.14285714285714,5.6,23.0,61.0
Ice Princess,2005,2000s,Drama,High,25000000.0,27645491.0,10.581964,6.1,52.0,58.0
Guess Who,2005,2000s,Comedy,High,35000000.0,68915888.0,96.90253714285714,5.9,42.0,49.0
Woman Thou Art Loosed,2004,2000s,Drama,Low,3000000.0,6804016.0,126.80053333333336,6.6,51.0,84.0
Walker,1987,1980s,Drama,Low,5800000.0,257043.0,-95.56822413793104,6.6,,
The Ballad of Jack and Rose,2005,2000s,Drama,Low,1500000.0,712294.0,-52.51373333333333,6.5,47.0,61.0
Sin City,2005,2000s,Action,High,40000000.0,158733820.0,296.83455,8.0,77.0,78.0
Beauty Shop,2005,2000s,Comedy,High,25000000.0,36351350.0,45.4054,5.7,38.0,62.0
Sahara,2005,2000s,Action,Blockbuster,130000000.0,119269486.0,-8.254241538461539,6.1,100.0,86.0
Fever Pitch,2005,2000s,Comedy,High,30000000.0,50451307.0,68.17102333333334,6.3,65.0,60.0
Rhinestone,1984,1980s,Comedy,High,28000000.0,21435321.0,-23.445282142857145,4.1,,
Hawaii,1966,1960s,Drama,Mid,15000000.0,34562222.0,130.41481333333334,6.5,67.0,53.0
Wilson,1944,1940s,Romance,Low,2995000.0,2000000.0,-33.2220367278798,6.3,47.0,30.0
The Hitchhiker's Guide to the Galaxy,2005,2000s,Adventure,Blockbuster,50000000.0,104478416.0,108.956832,6.7,60.0,65.0
The Amityville Horror,2005,2000s,Horror,High,19000000.0,108047131.0,468.66911052631576,5.9,23.0,52.0
Before the Fall,2004,2000s,Drama,Low,4500000.0,3764219.0,-16.35068888888889,7.4,,
The Frisco Kid,1979,1970s,Western,Mid,9200000.0,9346177.0,1.5888804347826089,6.4,50.0,66.0
A Lot Like Love,2005,2000s,Comedy,High,30000000.0,42886719.0,42.95573,6.6,41.0,77.0
xXx: State of the Union,2005,2000s,Action,Blockbuster,60000000.0,71073932.0,18.45655333333333,4.5,17.0,32.0
Kingdom of Heaven,2005,2000s,Drama,Blockbuster,130000000.0,211643158.0,62.80242923076923,7.3,39.0,72.0
House of Wax,2005,2000s,Horror,High,40000000.0,68766121.0,71.9153025,5.5,95.0,72.0
Crash,2004,2000s,Drama,Mid,6500000.0,98410061.0,1414.0009384615385,7.7,74.0,88.0
San Francisco,1936,1930s,Music,Low,1300000.0,5273000.0,305.61538461538464,7.1,100.0,70.0
Unleashed,2005,2000s,Action,Blockbuster,45000000.0,50871113.0,13.04691777777778,7.0,66.0,75.0
Star Wars: Episode III - Revenge of the Sith,2005,2000s,Science Fiction,Blockbuster,113000000.0,850000000.0,652.2123893805309,7.7,80.0,66.0
Kicking & Screaming,2005,2000s,Romance,Blockbuster,45000000.0,56070433.0,24.600962222222226,5.6,41.0,43.0
Monster-in-Law,2005,2000s,Romance,Blockbuster,43000000.0,154749918.0,259.88353023255814,5.6,18.0,55.0
9 Songs,2004,2000s,Drama,Low,1000000.0,1574623.0,57.4623,4.8,,
Madagascar,2005,2000s,Family,Blockbuster,75000000.0,532680671.0,610.2408946666667,6.9,54.0,70.0
Airborne,1993,1990s,Action,Low,2600000.0,2850263.0,9.6255,6.3,21.0,59.0
Dominion: Prequel to the Exorcist,2005,2000s,Horror,High,30000000.0,251495.0,-99.16168333333331,5.1,30.0,25.0
The Longest Yard,2005,2000s,Comedy,Blockbuster,82000000.0,190320568.0,132.09825365853658,6.4,79.0,75.0
Most Wanted,1997,1990s,Action,High,25000000.0,11838218.0,-52.647128,5.6,15.0,40.0
Cinderella Man,2005,2000s,Romance,Blockbuster,88000000.0,108539911.0,23.34080795454545,8.0,80.0,91.0
The Sisterhood of the Traveling Pants,2005,2000s,Drama,High,25000000.0,39053061.0,56.212244,6.5,77.0,78.0
Lords of Dogtown,2005,2000s,Drama,High,25000000.0,13411957.0,-46.352172,7.1,55.0,81.0
Mr. & Mrs. Smith,2005,2000s,Action,Blockbuster,110000000.0,478207520.0,334.7341090909091,6.5,67.0,48.0
The Adventures of Sharkboy and Lavagirl,2005,2000s,Adventure,Blockbuster,50000000.0,69425966.0,38.851932,3.8,,
It's All Gone Pete Tong,2004,2000s,Drama,Low,2000000.0,120620.0,-93.969,7.2,76.0,88.0
Quo Vadis,1951,1950s,Drama,Mid,8250000.0,30000000.0,263.6363636363636,7.1,,
Batman Begins,2005,2000s,Action,Blockbuster,150000000.0,374218673.0,149.47911533333334,8.2,84.0,94.0
Herbie Fully Loaded,2005,2000s,Comedy,Blockbuster,50000000.0,66002004.0,32.004008,5.0,,
Land of the Dead,2005,2000s,Horror,Mid,15000000.0,46770602.0,211.80401333333333,6.2,74.0,51.0
Bewitched,2005,2000s,Comedy,Blockbuster,85000000.0,131426169.0,54.61902235294117,4.9,25.0,28.0
Somebody Up There Likes Me,1956,1950s,Drama,Low,1920000.0,3360000.0,75.0,7.5,83.0,86.0
An Unmarried Woman,1978,1970s,Drama,Low,2515000.0,24000000.0,854.2743538767395,7.2,,
War of the Worlds,2005,2000s,Adventure,Blockbuster,132000000.0,591739379.0,348.28740833333336,6.6,75.0,42.0
March of the Penguins,2005,2000s,Documentary,Mid,8000000.0,127392239.0,1492.4029875,7.5,94.0,81.0
Rebound,2005,2000s,Comedy,Blockbuster,45000000.0,16809014.0,-62.64663555555556,5.2,14.0,38.0
Dark Water,2005,2000s,Drama,High,30000000.0,25473093.0,-15.08969,5.6,80.0,66.0
Fantastic Four,2005,2000s,Action,Blockbuster,100000000.0,330579719.0,230.579719,5.7,27.0,45.0
Murderball,2005,2000s,Documentary,Low,300000.0,1750211.0,483.4036666666667,7.7,,
Wedding Crashers,2005,2000s,Comedy,High,40000000.0,285176741.0,612.9418525,7.0,76.0,70.0
Russian Dolls,2005,2000s,Comedy,Mid,13000000.0,23727301.0,82.5177,6.9,,
Hustle & Flow,2005,2000s,Drama,Mid,8000000.0,23563727.0,194.5465875,7.3,83.0,83.0
Hardware,1990,1990s,Horror,Low,1500000.0,5728953.0,281.9302,6.0,50.0,52.0
The Island,2005,2000s,Action,Blockbuster,126000000.0,162949164.0,29.32473333333333,6.8,40.0,51.0
Bad News Bears,2005,2000s,Comedy,High,30000000.0,34252847.0,14.176156666666667,5.8,48.0,46.0
Sky High,2005,2000s,Adventure,High,35000000.0,86369815.0,146.77089999999998,6.3,73.0,57.0
Stealth,2005,2000s,Action,Blockbuster,135000000.0,76932943.0,-43.01263481481482,5.1,12.0,40.0
Must Love Dogs,2005,2000s,Romance,High,30000000.0,58405313.0,94.68437666666668,6.0,36.0,50.0
Serenity,2005,2000s,Science Fiction,High,39000000.0,38869464.0,-0.3347076923076923,7.8,82.0,91.0
Broken Flowers,2005,2000s,Comedy,Mid,10000000.0,45742101.0,357.42101,7.1,87.0,70.0
The Heart is Deceitful Above All Things,2004,2000s,Drama,Low,74050.0,176153.0,137.88386225523294,6.2,41.0,70.0
Man-Thing,2005,2000s,Action,Mid,7500000.0,143000.0,-98.09333333333332,4.1,17.0,13.0
The Dukes of Hazzard,2005,2000s,Action,Blockbuster,50000000.0,110803676.0,121.607352,5.2,14.0,47.0
Deuce Bigalow: European Gigolo,2005,2000s,Comedy,High,22000000.0,22400154.0,1.818881818181818,4.7,9.0,33.0
The Skeleton Key,2005,2000s,Drama,Blockbuster,43000000.0,91974818.0,113.89492558139536,6.5,38.0,58.0
Four Brothers,2005,2000s,Action,Blockbuster,45000000.0,92374674.0,105.27705333333331,6.8,52.0,80.0
The Great Raid,2005,2000s,Action,Blockbuster,80000000.0,10166502.0,-87.2918725,6.6,38.0,70.0
The 40 Year Old Virgin,2005,2000s,Comedy,High,26000000.0,109449237.0,320.9586038461539,7.1,85.0,80.0
Red Eye,2005,2000s,Horror,High,26000000.0,57891803.0,122.66078076923075,6.4,79.0,64.0
Dilwale Dulhania Le Jayenge,1995,1990s,Comedy,Mid,13200000.0,100000000.0,657.5757575757576,8.0,,
Valiant,2005,2000s,Animation,High,35000000.0,19478106.0,-44.34826857142858,5.5,32.0,29.0
The Brothers Grimm,2005,2000s,Adventure,Blockbuster,88000000.0,105316267.0,19.67757613636364,5.9,38.0,39.0
The Cave,2005,2000s,Action,High,30000000.0,15007991.0,-49.97336333333333,5.2,12.0,28.0
Undiscovered,2005,2000s,Comedy,Mid,9000000.0,1046166.0,-88.37593333333334,4.2,8.0,48.0
The Constant Gardener,2005,2000s,Drama,High,25000000.0,82466670.0,229.86668,7.3,83.0,82.0
Transporter 2,2005,2000s,Action,High,32000000.0,85167639.0,166.148871875,6.3,52.0,58.0
Just Like Heaven,2005,2000s,Comedy,Blockbuster,58000000.0,102854431.0,77.33522586206897,6.7,55.0,75.0
Proof,2005,2000s,Drama,High,20000000.0,7535331.0,-62.323345,6.6,62.0,59.0
Lord of War,2005,2000s,Crime,Blockbuster,42000000.0,24127895.0,-42.55263095238095,7.6,61.0,84.0
Cry_Wolf,2005,2000s,Horror,Low,1000000.0,10047674.0,904.7674,5.8,24.0,51.0
Everything is Illuminated,2005,2000s,Comedy,Mid,7000000.0,2697930.0,-61.45814285714286,7.4,67.0,89.0
Doom,2005,2000s,Adventure,Blockbuster,60000000.0,55987321.0,-6.687798333333333,5.2,19.0,34.0
Domino,2005,2000s,Action,Blockbuster,50000000.0,22944502.0,-54.110996,5.9,18.0,56.0
Waiting...,2005,2000s,Comedy,Low,3000000.0,18637690.0,521.2563333333334,6.7,,
Æon Flux,2005,2000s,Action,Blockbuster,62000000.0,52304001.0,-15.63870806451613,5.4,,
An Unfinished Life,2005,2000s,Drama,High,30000000.0,18618284.0,-37.93905333333333,7.0,52.0,67.0
The Exorcism of Emily Rose,2005,2000s,Crime,High,19000000.0,144216468.0,659.0340421052631,6.7,44.0,60.0
Flightplan,2005,2000s,Thriller,Blockbuster,55000000.0,223387299.0,306.15872545454545,6.3,37.0,48.0
Corpse Bride,2005,2000s,Romance,High,40000000.0,117195061.0,192.9876525,7.4,,
A History of Violence,2005,2000s,Drama,High,32000000.0,60740827.0,89.815084375,7.4,87.0,76.0
Oliver Twist,2005,2000s,Crime,Blockbuster,50000000.0,42093706.0,-15.812588,6.8,61.0,63.0
The Greatest Game Ever Played,2005,2000s,Drama,High,25000000.0,15431177.0,-38.275292,7.4,63.0,82.0
Capote,2005,2000s,Crime,Mid,7000000.0,49084830.0,601.2118571428571,7.3,90.0,82.0
Into the Blue,2005,2000s,Action,Blockbuster,50000000.0,44434439.0,-11.131122,5.9,21.0,57.0
Mirrormask,2005,2000s,Fantasy,Low,4000000.0,866999.0,-78.32502500000001,6.7,54.0,80.0
The Curse of the Were-Rabbit,2005,2000s,Adventure,High,30000000.0,192452832.0,541.50944,7.5,,
Kiss Kiss Bang Bang,2005,2000s,Action,Mid,15000000.0,15785148.0,5.23432,7.4,,
Goal!: The Dream Begins,2005,2000s,Drama,High,30000000.0,27610873.0,-7.963756666666668,6.7,,
The Wraith,1986,1980s,Romance,Low,2700000.0,3500000.0,29.629629629629623,5.9,36.0,61.0
55 Days at Peking,1963,1960s,Action,Mid,17000000.0,10000000.0,-41.17647058823529,6.7,,
The Squid and the Whale,2005,2000s,Comedy,Low,1500000.0,11098131.0,639.8754,7.3,92.0,81.0
Two for the Money,2005,2000s,Comedy,High,35000000.0,30526509.0,-12.781402857142856,6.2,22.0,48.0
Brokeback Mountain,2005,2000s,Drama,Mid,14000000.0,178043761.0,1171.74115,7.7,87.0,82.0
Elizabethtown,2005,2000s,Comedy,Blockbuster,57000000.0,52034889.0,-8.710721052631579,6.3,28.0,66.0
North Country,2005,2000s,Drama,High,35000000.0,25224242.0,-27.930737142857144,7.3,69.0,76.0
"Good Night, and Good Luck.",2005,2000s,Drama,Mid,7000000.0,54600000.0,680.0,7.4,,
The Proposition,2005,2000s,Action,Low,2000000.0,5048693.0,152.43465,7.3,85.0,85.0
The Fog,2005,2000s,Horror,High,18000000.0,46201432.0,156.6746222222222,3.7,4.0,19.0
Shopgirl,2005,2000s,Comedy,Mid,10284523.0,11588205.0,12.676154256254762,6.3,60.0,58.0
Stay,2005,2000s,Mystery,Blockbuster,50000000.0,8342132.0,-83.315736,6.7,27.0,70.0
The Legend of Zorro,2005,2000s,Action,Blockbuster,75000000.0,142400065.0,89.86675333333334,6.0,26.0,48.0
The Weather Man,2005,2000s,Comedy,High,20000000.0,12482775.0,-37.586125,6.5,59.0,56.0
Saw II,2005,2000s,Horror,Low,4000000.0,152925093.0,3723.127325,6.6,37.0,59.0
Empire of the Wolves,2005,2000s,Action,High,24000000.0,11875866.0,-50.517225,5.8,,
Manderlay,2005,2000s,Drama,Mid,14200000.0,674918.0,-95.24705633802816,7.2,50.0,75.0
Damnation Alley,1977,1970s,Action,Mid,17000000.0,8720000.0,-48.70588235294117,5.3,44.0,34.0
Jarhead,2005,2000s,Drama,Blockbuster,72000000.0,96889998.0,34.56944166666667,7.0,61.0,68.0
Chicken Little,2005,2000s,Animation,Blockbuster,150000000.0,314432665.0,109.62177666666666,5.7,37.0,47.0
Joyeux Noël,2005,2000s,Romance,High,22000000.0,17709155.0,-19.503840909090908,7.6,,
Get Rich or Die Tryin',2005,2000s,Drama,High,40000000.0,46442528.0,16.10632,5.6,16.0,70.0
Syriana,2005,2000s,Drama,Blockbuster,50000000.0,94000000.0,88.0,6.8,73.0,67.0
Derailed,2005,2000s,Drama,High,22000000.0,57479076.0,161.26852727272728,6.6,0.0,21.0
Pride & Prejudice,2005,2000s,Drama,High,28000000.0,121147947.0,332.6712392857143,7.8,,
Wolf Creek,2005,2000s,Horror,Low,1000000.0,27762648.0,2676.2648,6.2,53.0,49.0
Harry Potter and the Goblet of Fire,2005,2000s,Adventure,Blockbuster,150000000.0,895921036.0,497.28069066666666,7.7,88.0,74.0
Walk the Line,2005,2000s,Drama,High,28000000.0,186438883.0,565.8531535714285,7.8,82.0,90.0
Rent,2005,2000s,Drama,High,40000000.0,31670620.0,-20.82345,6.8,46.0,83.0
Zathura: A Space Adventure,2005,2000s,Family,Blockbuster,65000000.0,64321501.0,-1.0438446153846153,6.3,76.0,51.0
Bee Season,2005,2000s,Drama,Mid,14000000.0,6856989.0,-51.021507142857146,5.5,43.0,35.0
"Yours, Mine & Ours",2005,2000s,Comedy,Blockbuster,45000000.0,72028752.0,60.063893333333326,5.5,6.0,51.0
Match Point,2005,2000s,Drama,Mid,15000000.0,85306374.0,468.70916,7.6,77.0,81.0
"The Chronicles of Narnia: The Lion, the Witch and the Wardrobe",2005,2000s,Adventure,Blockbuster,180000000.0,748806957.0,316.003865,6.9,76.0,61.0
King Kong,2005,2000s,Adventure,Blockbuster,207000000.0,550000000.0,165.70048309178745,7.2,98.0,86.0
Memoirs of a Geisha,2005,2000s,Drama,Blockbuster,85000000.0,162242962.0,90.87407294117648,7.3,35.0,83.0
Down,2001,2000s,Action,Mid,15000000.0,163169.0,-98.91220666666666,4.7,,
The Matador,2005,2000s,Action,Mid,10000000.0,17297244.0,72.97244,6.7,75.0,65.0
Mozart and the Whale,2005,2000s,Comedy,Mid,12000000.0,84967.0,-99.29194166666667,6.7,,
The Three Burials of Melquiades Estrada,2005,2000s,Adventure,Mid,15000000.0,12036149.0,-19.759006666666668,7.3,85.0,81.0
Munich,2005,2000s,Drama,Blockbuster,70000000.0,130358911.0,86.22701571428571,7.5,78.0,83.0
The Producers,2005,2000s,Comedy,Blockbuster,45000000.0,38058335.0,-15.42592222222222,6.4,90.0,85.0
Transamerica,2005,2000s,Drama,Low,1000000.0,13350369.0,1235.0369,7.3,77.0,83.0
Rumor Has It...,2005,2000s,Comedy,Blockbuster,70000000.0,88933562.0,27.047945714285717,5.5,,
Cheaper by the Dozen 2,2005,2000s,Comedy,Blockbuster,60000000.0,129181830.0,115.30305,5.6,6.0,57.0
Fun with Dick and Jane,2005,2000s,Comedy,Blockbuster,100000000.0,202026112.0,102.026112,6.2,50.0,51.0
Keeping Mum,2005,2000s,Comedy,Low,169000.0,18564702.0,10885.030769230769,6.8,,
The New World,2005,2000s,Drama,High,30000000.0,30536013.0,1.78671,6.7,63.0,58.0
District B13,2004,2000s,Action,Mid,12000000.0,9584131.0,-20.132241666666665,7.1,,
BloodRayne,2005,2000s,Action,High,25000000.0,2405420.0,-90.37832,3.0,4.0,17.0
Hostel,2005,2000s,Horror,Low,4800000.0,80578934.0,1578.7277916666667,5.9,61.0,53.0
Tristan & Isolde,2006,2000s,Drama,High,31000000.0,28000000.0,-9.67741935483871,6.8,31.0,71.0
Last Holiday,2006,2000s,Adventure,Blockbuster,45000000.0,38399961.0,-14.666753333333332,6.6,100.0,79.0
Hoodwinked!,2005,2000s,Animation,Mid,15000000.0,51053787.0,240.35858,6.5,,
Underworld: Evolution,2006,2000s,Fantasy,Blockbuster,50000000.0,111340801.0,122.681602,6.7,17.0,72.0
Riding Alone for Thousands of Miles,2005,2000s,Drama,Mid,7500000.0,3752325.0,-49.969,7.3,80.0,81.0
Revolution,1985,1980s,Adventure,High,28000000.0,358574.0,-98.71937857142858,5.3,10.0,32.0
Bandidas,2006,2000s,Action,High,35000000.0,10496317.0,-70.01052285714286,5.7,53.0,43.0
Annapolis,2006,2000s,Drama,High,26000000.0,17496992.0,-32.703876923076926,5.8,10.0,60.0
Big Momma's House 2,2006,2000s,Comedy,High,40000000.0,138259062.0,245.647655,4.8,5.0,58.0
Nanny McPhee,2005,2000s,Fantasy,High,25000000.0,122489822.0,389.959288,6.6,73.0,64.0
Final Destination 3,2006,2000s,Horror,High,25000000.0,117719158.0,370.876632,5.9,43.0,57.0
Dave Chappelle's Block Party,2005,2000s,Comedy,Low,3000000.0,11718595.0,290.6198333333333,7.2,92.0,74.0
Troll,1986,1980s,Fantasy,Low,1100000.0,5450815.0,395.5286363636364,4.6,,
Curious George,2006,2000s,Adventure,Blockbuster,50000000.0,69834815.0,39.66963,6.5,70.0,69.0
Firewall,2006,2000s,Thriller,Blockbuster,45000000.0,82800000.0,84.0,5.8,18.0,37.0
When a Stranger Calls,2006,2000s,Horror,Mid,15000000.0,66966987.0,346.44658000000004,5.1,41.0,49.0
Tamara,2005,2000s,Fantasy,Low,4750000.0,206871.0,-95.64482105263158,5.1,32.0,38.0
Freedomland,2006,2000s,Drama,High,37665000.0,14655628.0,-61.08953139519448,5.2,23.0,25.0
Winter Passing,2006,2000s,Comedy,Low,3500000.0,113783.0,-96.74905714285714,6.2,42.0,62.0
Eight Below,2006,2000s,Adventure,High,40000000.0,120455994.0,201.139985,7.3,73.0,79.0
Date Movie,2006,2000s,Comedy,High,20000000.0,48548426.0,142.74213,2.8,7.0,35.0
Running Scared,2006,2000s,Action,Mid,17000000.0,9500000.0,-44.11764705882353,7.3,41.0,79.0
Madea's Family Reunion,2006,2000s,Drama,Low,6000000.0,57231524.0,853.8587333333334,5.4,26.0,94.0
Ultraviolet,2006,2000s,Science Fiction,High,30000000.0,31070211.0,3.5673700000000004,4.4,8.0,30.0
Just My Luck,2006,2000s,Comedy,High,28000000.0,38159905.0,36.285375,5.5,14.0,48.0
Pulse,2006,2000s,Horror,High,38000000.0,29907685.0,-21.295565789473685,4.7,62.0,30.0
16 Blocks,2006,2000s,Action,Blockbuster,55000000.0,65664721.0,19.390401818181815,6.6,56.0,57.0
Failure to Launch,2006,2000s,Comedy,Blockbuster,50000000.0,128406887.0,156.813774,5.7,23.0,52.0
Ice Age: The Meltdown,2006,2000s,Animation,Blockbuster,80000000.0,660940780.0,726.175975,6.8,,
V for Vendetta,2006,2000s,Action,Blockbuster,54000000.0,132511035.0,145.39080555555554,8.1,73.0,90.0
She's the Man,2006,2000s,Comedy,High,20000000.0,33889159.0,69.445795,6.4,43.0,79.0
Thank You for Smoking,2005,2000s,Comedy,Mid,6500000.0,24793509.0,281.4386,7.5,86.0,87.0
Find Me Guilty,2006,2000s,Drama,Mid,13000000.0,2636637.0,-79.71817692307692,7.0,62.0,63.0
Inside Man,2006,2000s,Crime,Blockbuster,45000000.0,184376254.0,309.7250088888889,7.6,86.0,85.0
Tsotsi,2005,2000s,Crime,Low,3000000.0,9879971.0,229.33236666666667,7.2,,
Aquamarine,2006,2000s,Fantasy,Mid,12000000.0,23006849.0,91.72374166666668,5.5,51.0,61.0
Leprechaun 2,1994,1990s,Comedy,Low,2000000.0,2260622.0,13.0311,4.7,0.0,29.0
Lights in the Dusk,2006,2000s,Crime,Low,1380000.0,1615018.0,17.030289855072464,6.8,,
The Hills Have Eyes,2006,2000s,Horror,Mid,15000000.0,69623713.0,364.1580866666667,6.4,65.0,54.0
The Shaggy Dog,2006,2000s,Comedy,Blockbuster,50000000.0,61112916.0,22.225832,4.4,68.0,48.0
Son of the Pink Panther,1993,1990s,Comedy,High,25000000.0,2438031.0,-90.247876,3.9,6.0,19.0
The Lives of Others,2006,2000s,Drama,Low,2000000.0,70000000.0,3400.0,8.4,93.0,96.0
Take the Lead,2006,2000s,Music,High,30000000.0,34742066.0,15.806886666666667,6.6,44.0,77.0
Lucky Number Slevin,2006,2000s,Drama,High,27000000.0,56308881.0,108.55141111111112,7.7,52.0,87.0
Volver,2006,2000s,Comedy,Mid,12899867.0,85582407.0,563.4363517081223,7.6,91.0,89.0
Akeelah and the Bee,2006,2000s,Drama,Mid,8000000.0,18948425.0,136.8553125,7.4,85.0,81.0
Stay Alive,2006,2000s,Horror,Mid,9000000.0,27105095.0,201.1677222222222,5.1,10.0,55.0
Basic Instinct 2,2006,2000s,Crime,Blockbuster,70000000.0,38629478.0,-44.81503142857143,4.4,6.0,26.0
Brick,2005,2000s,Drama,Low,475000.0,3919254.0,725.1061052631579,7.1,80.0,86.0
ATL,2006,2000s,Drama,High,20000000.0,21170563.0,5.852815,6.2,62.0,86.0
Renaissance,2006,2000s,Action,High,18000000.0,1831348.0,-89.82584444444444,6.6,49.0,59.0
Friends with Money,2006,2000s,Comedy,Mid,6500000.0,13368437.0,105.66826153846154,5.8,72.0,40.0
Scary Movie 4,2006,2000s,Comedy,Blockbuster,45000000.0,178262620.0,296.1391555555556,5.1,35.0,51.0
Hard Candy,2005,2000s,Drama,Low,950000.0,7022209.0,639.179894736842,7.0,67.0,78.0
Pinocchio and the Emperor of the Night,1987,1980s,Animation,Mid,8000000.0,3261638.0,-59.229525,6.2,,
The Sentinel,2006,2000s,Action,Blockbuster,60000000.0,77920346.0,29.86724333333333,6.1,35.0,40.0
The Wild,2006,2000s,Family,Blockbuster,80000000.0,37384046.0,-53.2699425,5.2,19.0,36.0
Silent Hill,2006,2000s,Horror,Blockbuster,50000000.0,97607453.0,95.214906,6.5,31.0,63.0
Battle in Heaven,2005,2000s,Drama,Low,1601792.0,253527.0,-84.17228953572,5.5,,
American Dreamz,2006,2000s,Comedy,Mid,17000000.0,7314027.0,-56.97631176470588,5.5,38.0,31.0
Mata Hari,1931,1930s,Drama,Low,558000.0,2227000.0,299.1039426523297,6.5,63.0,55.0
The Protector,2005,2000s,Action,Low,6000000.0,27165581.0,352.7596833333333,7.0,20.0,45.0
Mission: Impossible III,2006,2000s,Adventure,Blockbuster,150000000.0,397850012.0,165.23334133333333,6.9,71.0,69.0
RV,2006,2000s,Comedy,Blockbuster,50000000.0,87528173.0,75.05634599999999,5.6,23.0,45.0
United 93,2006,2000s,Drama,Mid,15000000.0,76286096.0,408.5739733333333,7.6,90.0,83.0
Down in the Valley,2005,2000s,Drama,Mid,8000000.0,852872.0,-89.3391,6.3,52.0,53.0
Over the Hedge,2006,2000s,Comedy,Blockbuster,80000000.0,343397247.0,329.24655875,6.7,75.0,71.0
Poseidon,2006,2000s,Adventure,Blockbuster,160000000.0,181674817.0,13.546760625,5.7,33.0,43.0
The Da Vinci Code,2006,2000s,Thriller,Blockbuster,125000000.0,767820459.0,514.2563672,6.7,26.0,57.0
X-Men: The Last Stand,2006,2000s,Adventure,Blockbuster,210000000.0,459359555.0,118.74264523809524,6.6,57.0,61.0
The Break-Up,2006,2000s,Romance,Blockbuster,52000000.0,204999686.0,294.23016538461536,5.8,34.0,46.0
Twelve and Holding,2005,2000s,Drama,Low,400000.0,95687.0,-76.07825,7.4,73.0,79.0
Cars,2006,2000s,Animation,Blockbuster,120000000.0,461983149.0,284.9859575,7.3,75.0,79.0
The Lost City,2005,2000s,Drama,Mid,9600000.0,4386236.0,-54.31004166666666,6.5,25.0,64.0
Standing Still,2005,2000s,Comedy,Low,1700000.0,12762.0,-99.24929411764704,5.6,36.0,37.0
The Omen,2006,2000s,Drama,High,25000000.0,119188334.0,376.753336,5.5,86.0,80.0
Nacho Libre,2006,2000s,Comedy,High,32000000.0,80197993.0,150.618728125,5.9,40.0,54.0
The Lake House,2006,2000s,Romance,High,40000000.0,114830111.0,187.0752775,6.8,35.0,73.0
Click,2006,2000s,Comedy,Blockbuster,82500000.0,237681299.0,188.09854424242425,6.4,34.0,66.0
The Devil Wears Prada,2006,2000s,Comedy,High,35000000.0,326551094.0,833.0031257142856,7.0,75.0,76.0
Pirates of the Caribbean: Dead Man's Chest,2006,2000s,Adventure,Blockbuster,200000000.0,1065659812.0,432.829906,7.4,53.0,72.0
"You, Me and Dupree",2006,2000s,Comedy,Blockbuster,54000000.0,130431368.0,141.53957037037037,5.6,20.0,50.0
Clerks II,2006,2000s,Comedy,Low,5000000.0,26888376.0,437.76752,7.3,64.0,84.0
Lady in the Water,2006,2000s,Drama,Blockbuster,75000000.0,42285169.0,-43.619774666666665,5.5,25.0,49.0
Marie Antoinette,2006,2000s,Drama,High,40000000.0,60474340.0,51.18585,6.5,57.0,56.0
Who Killed the Electric Car?,2006,2000s,Documentary,Low,1000000.0,1678874.0,67.8874,7.6,89.0,84.0
An Inconvenient Truth,2006,2000s,Documentary,Low,1000000.0,46243000.0,4524.3,7.4,93.0,79.0
The Fast and the Furious: Tokyo Drift,2006,2000s,Action,Blockbuster,85000000.0,158468292.0,86.43328470588236,6.1,37.0,69.0
Superman Returns,2006,2000s,Adventure,Blockbuster,270000000.0,391081192.0,44.84488592592592,6.1,75.0,61.0
Little Miss Sunshine,2006,2000s,Comedy,Mid,8000000.0,100523181.0,1156.5397624999998,7.8,91.0,91.0
Curse of the Pink Panther,1983,1980s,Crime,Mid,11000000.0,4491986.0,-59.16376363636363,4.4,29.0,24.0
Babel,2006,2000s,Drama,High,25000000.0,135330182.0,441.320728,7.4,69.0,77.0
Prophecy,1979,1970s,Horror,Mid,12000000.0,54000000.0,350.0,5.6,24.0,36.0
Little Man,2006,2000s,Comedy,Blockbuster,64000000.0,101595121.0,58.7423765625,4.6,12.0,55.0
Monster House,2006,2000s,Animation,Blockbuster,75000000.0,140175006.0,86.900008,6.7,75.0,63.0
Snakes on a Plane,2006,2000s,Action,High,33000000.0,62022014.0,87.94549696969696,5.5,69.0,49.0
Scoop,2006,2000s,Comedy,Low,4000000.0,31584901.0,689.622525,6.6,41.0,55.0
Talladega Nights: The Ballad of Ricky Bobby,2006,2000s,Comedy,Blockbuster,72500000.0,162966177.0,124.78093379310344,6.6,71.0,73.0
Night at the Museum,2006,2000s,Action,Blockbuster,110000000.0,574480841.0,422.25531,6.5,43.0,67.0
World Trade Center,2006,2000s,Drama,Blockbuster,63000000.0,162945894.0,158.64427619047618,6.0,67.0,60.0
Stranger Than Fiction,2006,2000s,Comedy,High,30000000.0,53653224.0,78.84408,7.5,73.0,85.0
The Valley of Decision,1945,1940s,Drama,Low,2160000.0,9132000.0,322.77777777777777,7.3,,
Miami Vice,2006,2000s,Action,Blockbuster,135000000.0,163794509.0,21.329265925925924,6.1,47.0,43.0
The Pursuit of Happyness,2006,2000s,Drama,Blockbuster,55000000.0,307077295.0,458.3223545454546,8.0,67.0,87.0
John Tucker Must Die,2006,2000s,Comedy,High,18000000.0,41009669.0,127.83149444444444,5.7,27.0,69.0
The Ant Bully,2006,2000s,Fantasy,Blockbuster,50000000.0,55181129.0,10.362258,5.8,62.0,42.0
Mrs Palfrey at The Claremont,2005,2000s,Comedy,Low,750000.0,1720953.0,129.46040000000002,7.6,,
Crank,2006,2000s,Action,Mid,12000000.0,42931041.0,257.758675,6.9,61.0,71.0
Black Gold,2011,2010s,Adventure,High,40000000.0,5446000.0,-86.385,6.6,,
Chaos,2005,2000s,Drama,High,20000000.0,10289.0,-99.948555,6.4,,
Barnyard,2006,2000s,Animation,Blockbuster,51000000.0,72779000.0,42.70392156862745,5.6,21.0,52.0
Step Up,2006,2000s,Music,Mid,12000000.0,114194847.0,851.6237249999999,6.5,21.0,83.0
Zoom,2006,2000s,Family,High,35000000.0,12506188.0,-64.26803428571428,4.4,4.0,33.0
Bon Cop Bad Cop,2006,2000s,Action,Mid,8000000.0,12671300.0,58.39124999999999,6.7,,
Half Nelson,2006,2000s,Drama,Low,700000.0,4911725.0,601.675,7.1,90.0,83.0
Tideland,2005,2000s,Fantasy,Mid,12000000.0,566611.0,-95.27824166666666,6.3,31.0,64.0
Cabin in the Sky,1943,1940s,Fantasy,Low,662141.0,1606624.0,142.64076684573226,7.1,85.0,81.0
Accepted,2006,2000s,Comedy,High,23000000.0,38505009.0,67.41308260869565,6.4,37.0,72.0
The Illusionist,2006,2000s,Fantasy,High,40000000.0,86915017.0,117.2875425,7.5,74.0,83.0
The Queen,2006,2000s,Drama,Mid,15000000.0,123384128.0,722.5608533333333,7.3,96.0,76.0
Beerfest,2006,2000s,Comedy,High,17500000.0,19179969.0,9.599822857142858,6.2,40.0,75.0
The Wicker Man,2006,2000s,Mystery,High,40000000.0,38755073.0,-3.1123175,3.8,89.0,82.0
Crossover,2006,2000s,Action,Low,5800000.0,7000000.0,20.689655172413797,2.2,2.0,59.0
The Quiet,2005,2000s,Drama,Low,900000.0,381420.0,-57.620000000000005,6.1,22.0,51.0
The Wind That Shakes the Barley,2006,2000s,Drama,Mid,6500000.0,22889018.0,252.13873846153848,7.5,90.0,87.0
The Covenant,2006,2000s,Action,High,20000000.0,37597471.0,87.987355,5.2,4.0,62.0
Sherrybaby,2006,2000s,Drama,Low,2000000.0,622806.0,-68.8597,6.6,75.0,57.0
Idiocracy,2006,2000s,Adventure,High,30000000.0,495303.0,-98.34899,6.5,76.0,60.0
The Fountain,2006,2000s,Drama,High,35000000.0,15304890.0,-56.27174285714286,7.1,52.0,74.0
The Science of Sleep,2006,2000s,Comedy,Low,6000000.0,9524340.0,58.739,7.2,70.0,81.0
Initial D,2005,2000s,Action,Low,1549000.0,7096000.0,358.1020012911556,6.4,33.0,72.0
The Black Dahlia,2006,2000s,Drama,Blockbuster,50000000.0,49111202.0,-1.777596,5.6,32.0,27.0
Gridiron Gang,2006,2000s,Action,High,30000000.0,41480851.0,38.26950333333333,6.9,42.0,81.0
Vixen!,1968,1960s,Comedy,Low,76000.0,6000000.0,7794.736842105263,5.6,,
Apocalypto,2006,2000s,Action,High,40000000.0,120175290.0,200.438225,7.9,66.0,79.0
Flyboys,2006,2000s,Action,Blockbuster,60000000.0,17800000.0,-70.33333333333334,6.5,33.0,67.0
Jackass Number Two,2006,2000s,Action,Mid,11000000.0,72778712.0,561.6246545454546,7.0,,
All the King's Men,2006,2000s,Drama,Blockbuster,55000000.0,9450897.0,-82.8165509090909,6.1,95.0,78.0
Conversations with Other Women,2006,2000s,Drama,Low,450000.0,973525.0,116.33888888888887,6.9,,
Borat: Cultural Learnings of America for Make Benefit Glorious Nation of Kazakhstan,2006,2000s,Comedy,High,18000000.0,261572744.0,1353.1819111111113,7.4,91.0,79.0
Pan's Labyrinth,2006,2000s,Fantasy,High,19000000.0,83258226.0,338.2011894736842,8.2,95.0,91.0
The Guardian,2006,2000s,Action,Blockbuster,70000000.0,55011732.0,-21.41181142857143,6.9,30.0,32.0
Open Season,2006,2000s,Adventure,Blockbuster,85000000.0,197309027.0,132.12826705882352,6.1,48.0,57.0
School for Scoundrels,2006,2000s,Comedy,High,20000000.0,17807569.0,-10.962155,5.9,100.0,70.0
The Departed,2006,2000s,Drama,Blockbuster,90000000.0,289847354.0,222.05261555555555,8.5,91.0,94.0
Employee of the Month,2006,2000s,Comedy,Mid,12000000.0,38368909.0,219.74090833333332,5.6,11.0,52.0
Stormbreaker,2006,2000s,Adventure,High,40000000.0,23937870.0,-40.155325,5.1,,
Running with Scissors,2006,2000s,Drama,Mid,12000000.0,6754898.0,-43.709183333333335,6.1,31.0,56.0
The Grudge 2,2006,2000s,Horror,High,20000000.0,39143839.0,95.719195,5.1,11.0,40.0
Man of the Year,2006,2000s,Comedy,High,20000000.0,41237648.0,106.18824,6.2,22.0,45.0
The Marine,2006,2000s,Action,High,20000000.0,22165608.0,10.82804,4.8,20.0,60.0
Infamous,2006,2000s,Drama,Mid,13000000.0,1151330.0,-91.1436153846154,7.0,74.0,69.0
One Night with the King,2006,2000s,Drama,High,20000000.0,13391174.0,-33.04413,6.0,,
Little Children,2006,2000s,Romance,High,26000000.0,14821658.0,-42.99362307692308,7.5,80.0,82.0
Facing the Giants,2006,2000s,Drama,Low,100000.0,10178331.0,10078.331,6.5,16.0,85.0
The Last King of Scotland,2006,2000s,Drama,Low,6000000.0,48027970.0,700.4661666666666,7.6,87.0,89.0
Shortbus,2006,2000s,Romance,Low,2000000.0,5179037.0,158.95185,6.3,,
Children of Men,2006,2000s,Drama,Blockbuster,76000000.0,69959751.0,-7.94769605263158,7.9,92.0,85.0
The Prestige,2006,2000s,Drama,High,40000000.0,109676311.0,174.1907775,8.5,76.0,92.0
Flags of Our Fathers,2006,2000s,War,Blockbuster,90000000.0,65900249.0,-26.777501111111118,7.1,73.0,69.0
Flicka,2006,2000s,Drama,Mid,15000000.0,21000000.0,40.0,6.0,53.0,82.0
9th Company,2005,2000s,Drama,Mid,9500000.0,24000000.0,152.63157894736844,7.0,,
Saw III,2006,2000s,Horror,Mid,10000000.0,163876815.0,1538.76815,6.2,28.0,71.0
Death of a President,2006,2000s,Documentary,Low,2000000.0,167000.0,-91.65,6.3,38.0,58.0
The Charge of the Light Brigade,1936,1930s,Action,Low,1200000.0,2736000.0,128.0,7.0,,
Flushed Away,2006,2000s,Adventure,Blockbuster,149000000.0,64459316.0,-56.73871409395973,6.6,73.0,65.0
Perfume: The Story of a Murderer,2006,2000s,Crime,Blockbuster,50000000.0,132180323.0,164.360646,7.5,59.0,74.0
The Santa Clause 3: The Escape Clause,2006,2000s,Comedy,Mid,12000000.0,84500122.0,604.1676833333333,4.9,17.0,39.0
A Good Year,2006,2000s,Comedy,High,35000000.0,42064105.0,20.18315714285714,6.9,25.0,65.0
The Return,2006,2000s,Drama,Mid,15000000.0,11992014.0,-20.05324,4.7,16.0,32.0
For Your Consideration,2006,2000s,Comedy,Mid,12000000.0,5542025.0,-53.81645833333333,6.3,52.0,43.0
Casino Royale,2006,2000s,Adventure,Blockbuster,150000000.0,599045960.0,299.3639733333334,8.0,25.0,34.0
Happy Feet,2006,2000s,Animation,Blockbuster,100000000.0,384335608.0,284.335608,6.4,76.0,70.0
Let's Go to Prison,2006,2000s,Comedy,Low,4000000.0,4630045.0,15.751124999999998,5.9,12.0,48.0
Déjà Vu,2006,2000s,Action,Blockbuster,75000000.0,180557550.0,140.7434,7.1,56.0,73.0
The Holiday,2006,2000s,Comedy,Blockbuster,85000000.0,194168700.0,128.43376470588234,7.0,49.0,80.0
Snow Cake,2006,2000s,Romance,Mid,12000000.0,1381665.0,-88.486125,7.4,,
Harsh Times,2005,2000s,Crime,Low,2000000.0,5967038.0,198.3519,6.8,48.0,55.0
Tenacious D in The Pick of Destiny,2006,2000s,Comedy,High,22000000.0,13405595.0,-39.06547727272727,6.8,52.0,67.0
Blood Diamond,2006,2000s,Drama,Blockbuster,100000000.0,170877916.0,70.877916,8.0,63.0,90.0
Charlotte's Web,2006,2000s,Comedy,Blockbuster,85000000.0,144000000.0,69.41176470588235,6.3,77.0,67.0
Eragon,2006,2000s,Fantasy,Blockbuster,100000000.0,249288105.0,149.288105,5.1,16.0,47.0
Rocky Balboa,2006,2000s,Drama,High,24000000.0,155721132.0,548.83805,7.1,77.0,76.0
Fur: An Imaginary Portrait of Diane Arbus,2006,2000s,Drama,Mid,16800000.0,2281089.0,-86.42208928571429,6.3,32.0,63.0
Another Gay Movie,2006,2000s,Comedy,Low,500000.0,745327.0,49.0654,5.0,40.0,62.0
We Are Marshall,2006,2000s,Drama,Blockbuster,65000000.0,43545364.0,-33.0071323076923,7.1,48.0,79.0
The Good Shepherd,2006,2000s,Drama,Blockbuster,85000000.0,59908565.0,-29.51933529411765,6.7,55.0,51.0
Dreamgirls,2006,2000s,Drama,Blockbuster,70000000.0,154937680.0,121.33954285714286,6.6,78.0,71.0
Freedom Writers,2007,2000s,Crime,High,21000000.0,41170784.0,96.05135238095238,7.6,70.0,87.0
The History Boys,2006,2000s,Comedy,Low,4000000.0,13401952.0,235.0488,6.8,66.0,70.0
Notes on a Scandal,2006,2000s,Drama,Mid,15000000.0,49469904.0,229.79936,7.4,87.0,83.0
DOA: Dead or Alive,2006,2000s,Adventure,High,21000000.0,480314.0,-97.71279047619048,4.8,33.0,36.0
The Good German,2006,2000s,War,High,32000000.0,5914908.0,-81.5159125,6.0,34.0,33.0
Letters from Iwo Jima,2006,2000s,Action,High,19000000.0,68673228.0,261.43804210526315,7.8,91.0,86.0
Black Christmas,2006,2000s,Horror,Mid,9000000.0,21510851.0,139.00945555555555,4.7,71.0,75.0
Happily N'Ever After,2006,2000s,Animation,Blockbuster,47000000.0,38085778.0,-18.966429787234045,4.5,4.0,34.0
Code Name: The Cleaner,2007,2000s,Action,High,20000000.0,10337477.0,-48.312615,4.6,4.0,38.0
Stomp the Yard,2007,2000s,Drama,Mid,13000000.0,75511123.0,480.8547923076923,5.5,25.0,82.0
Miss Potter,2006,2000s,Drama,High,30000000.0,35078241.0,16.92747,7.0,67.0,68.0
Arthur and the Invisibles,2006,2000s,Adventure,Blockbuster,86000000.0,107944236.0,25.516553488372097,6.0,,
The Hitcher,2007,2000s,Action,Mid,10000000.0,25399945.0,153.99945,5.6,19.0,52.0
Bridge to Terabithia,2007,2000s,Adventure,Blockbuster,60000000.0,137587063.0,129.3117716666667,7.2,85.0,70.0
Killer of Sheep,1978,1970s,Drama,Low,100000.0,362222.0,262.222,7.2,,
Waitress,2007,2000s,Comedy,Low,2000000.0,22179430.0,1008.9715,7.0,89.0,74.0
Catch and Release,2006,2000s,Comedy,High,25000000.0,16158487.0,-35.366052,5.9,22.0,55.0
Smokin' Aces,2006,2000s,Action,Mid,17000000.0,57103895.0,235.9052647058824,6.6,30.0,62.0
Epic Movie,2007,2000s,Action,High,20000000.0,86865564.0,334.32782,2.5,2.0,29.0
The Messengers,2007,2000s,Mystery,Mid,16000000.0,1109660.0,-93.064625,5.4,12.0,44.0
Hannibal Rising,2007,2000s,Crime,Blockbuster,50000000.0,82169884.0,64.33976799999999,6.1,16.0,55.0
Norbit,2007,2000s,Comedy,Blockbuster,60000000.0,95673607.0,59.45601166666666,4.3,9.0,53.0
Ratatouille,2007,2000s,Animation,Blockbuster,150000000.0,623722818.0,315.815212,8.1,96.0,87.0
"Paris, je t'aime",2006,2000s,Drama,Mid,13000000.0,4857367.0,-62.635638461538456,7.2,,
The Astronaut Farmer,2006,2000s,Adventure,Mid,13000000.0,11130889.0,-14.377776923076924,6.3,58.0,49.0
It's a Boy Girl Thing,2006,2000s,Comedy,Mid,15500000.0,7385434.0,-52.352038709677416,6.2,67.0,61.0
Myra Breckinridge,1970,1970s,Comedy,Low,5000000.0,3000000.0,-40.0,4.5,,
Days of Glory,2006,2000s,Drama,Mid,14500000.0,22963701.0,58.370351724137926,7.0,83.0,79.0
Unknown,2006,2000s,Crime,Low,3700000.0,3338228.0,-9.777621621621622,6.4,54.0,55.0
Trailer Park Boys: The Movie,2006,2000s,Comedy,Low,5000000.0,3833507.0,-23.32986,7.1,57.0,78.0
Ghost Rider,2007,2000s,Thriller,Blockbuster,110000000.0,228738393.0,107.94399363636364,5.3,26.0,48.0
Daddy's Little Girls,2007,2000s,Comedy,Mid,10000000.0,31609243.0,216.09243,5.9,26.0,81.0
Music and Lyrics,2007,2000s,Comedy,High,40000000.0,145896422.0,264.741055,6.5,63.0,68.0
The Number 23,2007,2000s,Thriller,High,30000000.0,77566815.0,158.55605,6.4,8.0,56.0
Reno 911!: Miami,2007,2000s,Action,Mid,10000000.0,20342161.0,103.42161000000002,5.9,34.0,51.0
Black Snake Moan,2006,2000s,Drama,Mid,15000000.0,10903846.0,-27.307693333333333,6.9,66.0,69.0
Kidulthood,2006,2000s,Drama,Low,994000.0,165000.0,-83.40040241448692,6.7,,
Hot Fuzz,2007,2000s,Crime,Mid,12000000.0,80573774.0,571.4481166666667,7.8,91.0,89.0
Next,2007,2000s,Action,Blockbuster,70000000.0,76066841.0,8.666915714285715,6.2,28.0,53.0
Romanzo criminale,2005,2000s,Drama,Low,818418.0,4851244.0,492.7587125405356,7.2,,
Wise Guys,1986,1980s,Comedy,Mid,13000000.0,8475466.0,-34.80410769230769,5.6,31.0,41.0
Zodiac,2007,2000s,Crime,Blockbuster,65000000.0,84785914.0,30.439867692307693,7.7,89.0,77.0
300,2006,2000s,Action,Blockbuster,65000000.0,422610419.0,550.1698753846154,7.6,61.0,89.0
The Host,2006,2000s,Horror,Mid,11000000.0,88489643.0,704.4513000000001,7.1,93.0,72.0
Becoming Jane,2007,2000s,Drama,Mid,16500000.0,37311672.0,126.13134545454544,7.0,58.0,74.0
The Namesake,2006,2000s,Drama,Mid,12000000.0,20138836.0,67.82363333333333,7.5,85.0,79.0
I Think I Love My Wife,2007,2000s,Comedy,Mid,11000000.0,13196245.0,19.96586363636364,5.5,19.0,41.0
Premonition,2007,2000s,Thriller,High,20000000.0,84146832.0,320.73416,5.9,8.0,50.0
Dead Silence,2007,2000s,Horror,High,20000000.0,22217407.0,11.087035,6.2,20.0,51.0
Reign Over Me,2007,2000s,Drama,High,20000000.0,22222308.0,11.11154,7.4,64.0,81.0
Shooter,2007,2000s,Action,Blockbuster,61000000.0,95696996.0,56.88032131147541,7.2,47.0,80.0
TMNT,2007,2000s,Adventure,High,34000000.0,95608995.0,181.20292647058824,6.2,35.0,60.0
Black Book,2006,2000s,Drama,High,21000000.0,26193068.0,24.72889523809524,7.7,75.0,87.0
The Lookout,2007,2000s,Crime,Mid,16000000.0,5367030.0,-66.4560625,6.9,87.0,74.0
The Reaping,2007,2000s,Thriller,High,40000000.0,62771059.0,56.9276475,5.6,8.0,49.0
Meet the Robinsons,2007,2000s,Animation,Blockbuster,150000000.0,169332978.0,12.888652,6.8,67.0,74.0
Seraphim Falls,2006,2000s,Western,High,18000000.0,1196307.0,-93.35385,6.6,55.0,53.0
Sunshine,2007,2000s,Science Fiction,Blockbuster,50000000.0,32017803.0,-35.964394,7.2,74.0,81.0
The Hoax,2006,2000s,Comedy,High,25000000.0,11772461.0,-52.910156,6.6,86.0,58.0
Goya's Ghosts,2006,2000s,Drama,Blockbuster,50000000.0,9448082.0,-81.103836,6.9,30.0,57.0
Perfect Stranger,2007,2000s,Crime,Blockbuster,60795000.0,73090611.0,20.22470762398224,5.7,10.0,51.0
Disturbia,2007,2000s,Thriller,High,20000000.0,117760134.0,488.80067,6.8,69.0,77.0
Pathfinder,2007,2000s,Adventure,Blockbuster,45000000.0,30822861.0,-31.504753333333333,5.4,10.0,36.0
Slow Burn,2005,2000s,Mystery,Mid,15500000.0,1237615.0,-92.0153870967742,5.7,12.0,9.0
The Contract,2006,2000s,Drama,High,25000000.0,5549200.0,-77.80319999999999,5.6,0.0,26.0
Vacancy,2007,2000s,Horror,High,19000000.0,35300645.0,85.79286842105263,6.2,55.0,42.0
In the Land of Women,2007,2000s,Romance,Mid,10000000.0,17500000.0,75.0,6.4,44.0,52.0
Mr. Bean's Holiday,2007,2000s,Family,High,25000000.0,229736344.0,818.9453759999999,6.4,52.0,49.0
The Invisible,2007,2000s,Crime,High,30000000.0,26810113.0,-10.632956666666669,6.1,20.0,57.0
Spider-Man 3,2007,2000s,Fantasy,Blockbuster,258000000.0,890871626.0,245.29907984496128,6.3,62.0,51.0
Tales from Earthsea,2006,2000s,Adventure,High,22000000.0,68000000.0,209.0909090909091,6.3,,
The Rocket: The Legend of Rocket Richard,2005,2000s,Drama,Mid,8000000.0,2019009.0,-74.7623875,7.6,,
Day Watch,2006,2000s,Fantasy,Low,4200000.0,38862717.0,825.3027857142857,6.4,62.0,68.0
This Is England,2006,2000s,Drama,Low,2380000.0,8176544.0,243.55226890756305,7.7,92.0,90.0
Knocked Up,2007,2000s,Comedy,High,30000000.0,219076518.0,630.25506,6.9,90.0,83.0
Hairspray,2007,2000s,Family,Blockbuster,50000000.0,90450008.0,80.900016,6.7,98.0,80.0
28 Weeks Later,2007,2000s,Horror,Mid,15000000.0,64238440.0,328.25626666666665,6.8,,
Shrek the Third,2007,2000s,Fantasy,Blockbuster,160000000.0,798958165.0,399.348853125,6.1,41.0,52.0
Once,2007,2000s,Drama,Low,160000.0,20710513.0,12844.070625,7.8,97.0,91.0
Pirates of the Caribbean: At World's End,2007,2000s,Adventure,Blockbuster,300000000.0,961000000.0,220.3333333333333,7.2,,
Bug,2006,2000s,Horror,Low,4000000.0,8059140.0,101.4785,6.1,33.0,25.0
Mr. Brooks,2007,2000s,Drama,High,20000000.0,41637263.0,108.186315,7.2,55.0,76.0
Gracie,2007,2000s,Drama,Mid,9000000.0,2955039.0,-67.16623333333334,6.2,61.0,58.0
88 Minutes,2007,2000s,Crime,High,30000000.0,16930884.0,-43.56372,5.9,5.0,44.0
Ocean's Thirteen,2007,2000s,Crime,Blockbuster,85000000.0,311312624.0,266.25014588235297,6.9,70.0,75.0
Ten Canoes,2006,2000s,Adventure,Low,2000000.0,300000.0,-85.0,6.9,,
Alone With Her,2006,2000s,Crime,Low,1000000.0,10018.0,-98.9982,6.0,69.0,46.0
Hostel: Part II,2007,2000s,Horror,Mid,10200000.0,35619521.0,249.21099019607848,5.5,,
Surf's Up,2007,2000s,Animation,Blockbuster,85000000.0,149044513.0,75.34648588235294,6.7,79.0,70.0
Fantastic 4: Rise of the Silver Surfer,2007,2000s,Adventure,Blockbuster,130000000.0,289047763.0,122.34443307692308,5.6,,
Fido,2006,2000s,Romance,Mid,8000000.0,426224.0,-94.6722,6.7,73.0,72.0
Death Proof,2007,2000s,Action,High,25000000.0,25037897.0,0.151588,7.0,64.0,72.0
Robot Monster,1953,1950s,Science Fiction,Low,16000.0,1000000.0,6150.0,3.0,,
Rescue Dawn,2006,2000s,Adventure,Mid,10000000.0,7177143.0,-28.22857,7.2,90.0,75.0
The TV Set,2006,2000s,Comedy,Low,2000000.0,265198.0,-86.7401,6.5,65.0,58.0
Swoon,1992,1990s,Drama,Low,250000.0,340147.0,36.058800000000005,6.6,70.0,66.0
Sicko,2007,2000s,Documentary,Mid,9000000.0,24538513.0,172.65014444444444,8.0,92.0,87.0
Popular Music,2004,2000s,Comedy,Low,2224000.0,28000000.0,1158.9928057553957,6.5,,
A Mighty Heart,2007,2000s,Drama,Mid,16000000.0,18928871.0,18.30544375,6.6,79.0,70.0
1408,2007,2000s,Horror,High,25000000.0,94679598.0,278.718392,6.8,80.0,61.0
Live Free or Die Hard,2007,2000s,Action,Blockbuster,110000000.0,383531464.0,248.6649672727273,7.1,82.0,86.0
License to Wed,2007,2000s,Comedy,High,35000000.0,69307224.0,98.02064,5.3,7.0,53.0
Evan Almighty,2007,2000s,Fantasy,Blockbuster,175000000.0,173000000.0,-1.1428571428571428,5.4,23.0,52.0
Transformers,2007,2000s,Adventure,Blockbuster,150000000.0,709709780.0,373.13985333333335,7.1,58.0,85.0
Captivity,2007,2000s,Crime,Mid,17000000.0,2626800.0,-84.54823529411765,4.6,9.0,23.0
Harry Potter and the Order of the Phoenix,2007,2000s,Adventure,Blockbuster,150000000.0,938212738.0,525.4751586666667,7.5,78.0,81.0
I Now Pronounce You Chuck & Larry,2007,2000s,Comedy,Blockbuster,85000000.0,186072214.0,118.90848705882352,5.9,15.0,69.0
Stardust,2007,2000s,Adventure,Blockbuster,70000000.0,135560026.0,93.65718,7.6,76.0,86.0
The Simpsons Movie,2007,2000s,Animation,Blockbuster,75000000.0,527068851.0,602.758468,7.3,88.0,77.0
I Know Who Killed Me,2007,2000s,Crime,Mid,12000000.0,9620399.0,-19.83000833333333,3.6,9.0,26.0
No Reservations,2007,2000s,Comedy,High,28000000.0,92601050.0,230.7180357142857,6.3,42.0,62.0
The Bourne Ultimatum,2007,2000s,Action,Blockbuster,70000000.0,442824138.0,532.6059114285714,8.0,92.0,91.0
You Kill Me,2007,2000s,Comedy,Low,4000000.0,2426851.0,-39.328725,6.4,78.0,59.0
Superbad,2007,2000s,Comedy,High,20000000.0,121463226.0,507.31613,7.6,88.0,87.0
Rush Hour 3,2007,2000s,Action,Blockbuster,140000000.0,258022233.0,84.30159499999999,6.3,18.0,63.0
The Last Legion,2007,2000s,Action,Blockbuster,67000000.0,25303038.0,-62.234271641791054,5.4,15.0,34.0
Sydney White,2007,2000s,Comedy,Mid,16500000.0,13620075.0,-17.454090909090908,6.2,35.0,70.0
The Kingdom,2007,2000s,Thriller,Blockbuster,70000000.0,86658558.0,23.79794,7.0,51.0,76.0
Daddy Day Camp,2007,2000s,Comedy,Low,6000000.0,18197398.0,203.2899666666667,3.3,1.0,38.0
The Invasion,2007,2000s,Science Fiction,Blockbuster,80000000.0,15071514.0,-81.1606075,5.9,19.0,40.0
War,2007,2000s,Action,High,25000000.0,40452643.0,61.81057199999999,6.2,,
The Nanny Diaries,2007,2000s,Comedy,High,20000000.0,47738099.0,138.690495,6.2,34.0,51.0
Halloween,2007,2000s,Horror,Mid,15000000.0,80253908.0,435.0260533333334,6.1,96.0,89.0
Death Sentence,2007,2000s,Action,High,20000000.0,16974459.0,-15.127705,6.7,20.0,60.0
The Good Night,2007,2000s,Comedy,Mid,15000000.0,20380.0,-99.86413333333334,5.7,31.0,33.0
3:10 to Yuma,2007,2000s,Western,Blockbuster,55000000.0,70016220.0,27.302218181818183,7.6,96.0,79.0
Shoot 'Em Up,2007,2000s,Action,High,39000000.0,26820641.0,-31.22912564102564,6.6,67.0,65.0
Atonement,2007,2000s,Drama,High,30000000.0,129266061.0,330.88687,7.8,83.0,80.0
"4 Months, 3 Weeks and 2 Days",2007,2000s,Drama,Low,852510.0,1185783.0,39.09314846746666,7.9,96.0,86.0
No End in Sight,2007,2000s,Documentary,Low,2000000.0,1431623.0,-28.418850000000003,8.2,96.0,94.0
The Brave One,2007,2000s,Crime,Blockbuster,70000000.0,69766619.0,-0.3334014285714285,6.7,43.0,64.0
In the Valley of Elah,2007,2000s,History,High,23000000.0,29541790.0,28.4425652173913,7.1,74.0,77.0
Rang De Basanti,2006,2000s,Drama,Low,2200000.0,11502151.0,422.8250454545455,8.1,,
I Could Never Be Your Woman,2007,2000s,Comedy,High,24000000.0,9576495.0,-60.0979375,5.9,,
December Boys,2007,2000s,Drama,Low,4000000.0,46474.0,-98.83815,6.5,41.0,52.0
Eastern Promises,2007,2000s,Thriller,Blockbuster,51500000.0,55112356.0,7.01428349514563,7.6,89.0,83.0
Brooklyn Rules,2007,2000s,Drama,Mid,8000000.0,458232.0,-94.2721,6.3,45.0,51.0
The Death and Life of Bobby Z,2007,2000s,Drama,High,22000000.0,413454.0,-98.12066363636364,5.8,,
Resident Evil: Extinction,2007,2000s,Horror,Blockbuster,45000000.0,148412065.0,229.80458888888887,6.2,24.0,58.0
Good Luck Chuck,2007,2000s,Comedy,High,25000000.0,59192128.0,136.768512,5.6,5.0,57.0
Into the Wild,2007,2000s,Adventure,Mid,15000000.0,56255142.0,275.03428,8.0,83.0,89.0
The Game Plan,2007,2000s,Comedy,High,22000000.0,147880543.0,572.1842863636364,6.2,28.0,69.0
The Heartbreak Kid,2007,2000s,Comedy,Blockbuster,60000000.0,127766650.0,112.94441666666664,5.9,28.0,37.0
Dan in Real Life,2007,2000s,Comedy,High,25000000.0,68377859.0,173.511436,6.8,65.0,69.0
The Darjeeling Limited,2007,2000s,Adventure,Mid,16000000.0,24377151.0,52.35719375,7.2,69.0,78.0
We Own the Night,2007,2000s,Drama,High,21000000.0,54926886.0,161.5566,6.8,57.0,61.0
Elizabeth: The Golden Age,2007,2000s,Drama,Blockbuster,55000000.0,74237563.0,34.97738727272727,6.8,34.0,59.0
Michael Clayton,2007,2000s,Drama,High,25000000.0,92991835.0,271.96734,7.2,91.0,69.0
Lars and the Real Girl,2007,2000s,Comedy,Mid,12000000.0,11293663.0,-5.886141666666667,7.3,81.0,84.0
30 Days of Night,2007,2000s,Horror,High,30000000.0,75505973.0,151.68657666666667,6.6,51.0,56.0
Rendition,2007,2000s,Drama,High,27500000.0,24748670.0,-10.004836363636365,6.8,47.0,62.0
Things We Lost in the Fire,2007,2000s,Drama,Mid,16000000.0,2849142.0,-82.19286249999999,7.1,65.0,73.0
Gone Baby Gone,2007,2000s,Crime,High,19000000.0,34619699.0,82.20894210526316,7.6,94.0,86.0
The Assassination of Jesse James by the Coward Robert Ford,2007,2000s,Action,High,30000000.0,14711793.0,-50.96069,7.5,77.0,75.0
10th & Wolf,2006,2000s,Action,Mid,8000000.0,143451.0,-98.2068625,6.2,19.0,52.0
The Edge of Heaven,2007,2000s,Drama,Low,3800000.0,17804565.0,368.5411842105263,7.7,,
Why Did I Get Married?,2007,2000s,Comedy,Mid,15000000.0,55184721.0,267.89814,6.0,48.0,78.0
Saw IV,2007,2000s,Horror,Mid,10000000.0,139352633.0,1293.52633,5.9,19.0,62.0
American Gangster,2007,2000s,Drama,Blockbuster,100000000.0,266465037.0,166.465037,7.8,80.0,87.0
Bee Movie,2007,2000s,Family,Blockbuster,150000000.0,287594577.0,91.729718,6.1,50.0,53.0
Before the Devil Knows You're Dead,2007,2000s,Crime,High,18000000.0,25005257.0,38.91809444444444,7.3,88.0,71.0
The Diving Bell and the Butterfly,2007,2000s,Drama,Mid,14000000.0,19777647.0,41.268907142857145,8.0,94.0,92.0
No Country for Old Men,2007,2000s,Crime,High,25000000.0,171600000.0,586.4,8.2,93.0,86.0
Itty Bitty Titty Committee,2007,2000s,Comedy,Low,1000000.0,18479.0,-98.1521,5.4,38.0,56.0
August Rush,2007,2000s,Family,High,25000000.0,66122026.0,164.488104,7.4,37.0,82.0
Lions for Lambs,2007,2000s,Action,High,35000000.0,63215872.0,80.61677714285715,6.2,27.0,47.0
Fred Claus,2007,2000s,Action,Blockbuster,100000000.0,97838349.0,-2.161651,5.7,21.0,45.0
Beowulf,2007,2000s,Adventure,Blockbuster,70000000.0,195735876.0,179.62268,6.3,0.0,23.0
Love in the Time of Cholera,2007,2000s,Drama,Blockbuster,45000000.0,4607608.0,-89.7608711111111,6.4,26.0,45.0
Southland Tales,2006,2000s,Comedy,Mid,17000000.0,374743.0,-97.79562941176472,5.3,39.0,41.0
12,2007,2000s,Crime,Low,4000000.0,7537453.0,88.43632500000001,7.5,77.0,84.0
The Mist,2007,2000s,Science Fiction,High,18000000.0,57096190.0,217.2010555555556,7.1,72.0,65.0
Enchanted,2007,2000s,Comedy,Blockbuster,85000000.0,340487652.0,300.57370823529413,7.1,93.0,80.0
Hitman,2007,2000s,Action,High,24000000.0,99965753.0,316.5239708333333,6.2,15.0,57.0
P2,2007,2000s,Horror,Mid,8000000.0,7766240.0,-2.922,5.9,33.0,36.0
Om Shanti Om,2007,2000s,Comedy,Mid,9100000.0,37707444.0,314.36751648351645,6.8,76.0,77.0
Awake,2007,2000s,Thriller,Blockbuster,86000000.0,14373825.0,-83.28625,6.5,24.0,54.0
The Golden Compass,2007,2000s,Adventure,Blockbuster,180000000.0,372234864.0,106.79714666666666,6.1,42.0,51.0
I Am Legend,2007,2000s,Drama,Blockbuster,150000000.0,585349010.0,290.2326733333333,7.2,68.0,68.0
Alvin and the Chipmunks,2007,2000s,Comedy,Blockbuster,60000000.0,361366633.0,502.27772166666665,5.3,28.0,64.0
I'm Not There.,2007,2000s,Drama,High,20000000.0,4001121.0,-79.994395,6.8,,
Juno,2007,2000s,Comedy,Mid,7500000.0,231411584.0,2985.4877866666666,7.4,94.0,88.0
My Blueberry Nights,2007,2000s,Drama,Mid,10000000.0,21786738.0,117.86738,6.6,46.0,61.0
Redacted,2007,2000s,Drama,Low,5000000.0,782102.0,-84.35795999999999,6.1,45.0,45.0
The Treatment,2006,2000s,Comedy,Low,900000.0,82701.0,-90.811,5.8,68.0,33.0
Journey from the Fall,2006,2000s,Drama,Low,1300000.0,639000.0,-50.84615384615384,7.2,,
The Bucket List,2007,2000s,Drama,Blockbuster,45000000.0,175372502.0,289.7166711111111,7.3,41.0,77.0
The Kite Runner,2007,2000s,Drama,High,20000000.0,73276047.0,266.380235,7.6,65.0,84.0
Sweeney Todd: The Demon Barber of Fleet Street,2007,2000s,Drama,Blockbuster,50000000.0,152000000.0,204.0,7.3,86.0,81.0
National Treasure: Book of Secrets,2007,2000s,Action,Blockbuster,130000000.0,457363168.0,251.81782153846152,6.5,36.0,67.0
There Will Be Blood,2007,2000s,Drama,High,25000000.0,77208711.0,208.834844,8.2,92.0,86.0
Charlie Wilson's War,2007,2000s,Comedy,Blockbuster,75000000.0,119000410.0,58.667213333333336,7.0,82.0,73.0
Aliens vs Predator: Requiem,2007,2000s,Fantasy,High,40000000.0,41797066.0,4.492665,4.6,,
Walk Hard: The Dewey Cox Story,2007,2000s,Comedy,High,35000000.0,18317151.0,-47.665282857142856,6.9,74.0,57.0
The Great Debaters,2007,2000s,Drama,Mid,15000000.0,30226144.0,101.50762666666668,7.5,79.0,86.0
The Water Horse,2007,2000s,Fantasy,High,40000000.0,103071443.0,157.6786075,6.4,,
P.S. I Love You,2007,2000s,Drama,High,30000000.0,156835339.0,422.78446333333335,7.0,25.0,80.0
27 Dresses,2008,2000s,Comedy,High,30000000.0,160259319.0,434.19773,6.1,41.0,57.0
Taare Zameen Par,2007,2000s,Drama,Low,2600000.0,28430000.0,993.4615384615385,8.3,,
Dragon Wars: D-War,2007,2000s,Fantasy,Blockbuster,70000000.0,53587404.0,-23.446565714285715,3.5,,
[REC],2007,2000s,Horror,Low,1500000.0,30448000.0,1929.8666666666663,7.4,89.0,82.0
Flawless,2007,2000s,Crime,High,20000000.0,6819587.0,-65.902065,6.7,55.0,54.0
Cloverfield,2008,2000s,Action,High,25000000.0,170764026.0,583.056104,7.0,77.0,68.0
Untraceable,2008,2000s,Drama,High,35000000.0,32483410.0,-7.190257142857143,6.2,16.0,52.0
Rambo,2008,2000s,Action,Blockbuster,50000000.0,113244290.0,126.48858,7.0,,
Meet the Spartans,2008,2000s,Comedy,High,30000000.0,84646831.0,182.15610333333333,2.8,2.0,25.0
The Eye,2008,2000s,Drama,Mid,12000000.0,56309766.0,369.24805,5.4,21.0,43.0
The Signal,2007,2000s,Action,Low,50000.0,249905.0,399.81,6.0,59.0,58.0
Hellboy II: The Golden Army,2008,2000s,Adventure,Blockbuster,85000000.0,160388063.0,88.69183882352941,7.0,,
In Bruges,2008,2000s,Comedy,Mid,15000000.0,34533783.0,130.22522,7.9,84.0,87.0
Bamako,2006,2000s,Drama,Low,2000000.0,111000.0,-94.45,6.7,,
Dark Angel,1990,1990s,Action,Mid,7000000.0,9229401.0,31.848585714285715,6.1,,
Welcome Home Roscoe Jenkins,2008,2000s,Comedy,High,35000000.0,43650785.0,24.71652857142857,5.6,23.0,63.0
Fool's Gold,2008,2000s,Romance,Blockbuster,70000000.0,111231041.0,58.90148714285714,5.7,11.0,48.0
U2 3D,2007,2000s,Music,Mid,15000000.0,22730842.0,51.53894666666666,8.4,,
Jumper,2008,2000s,Adventure,Blockbuster,85000000.0,222231186.0,161.44845411764706,6.1,15.0,44.0
Vantage Point,2008,2000s,Drama,High,40000000.0,151161491.0,277.9037275,6.6,34.0,57.0
The Spiderwick Chronicles,2008,2000s,Adventure,Blockbuster,90000000.0,162839667.0,80.93296333333333,6.5,80.0,63.0
Step Up 2: The Streets,2008,2000s,Music,High,23000000.0,150816700.0,555.7247826086956,6.2,,
Jodhaa Akbar,2008,2000s,Action,Mid,8376800.0,13000000.0,55.1905262152612,7.5,75.0,78.0
"Run, Fatboy, Run",2007,2000s,Comedy,Mid,10000000.0,33000000.0,230.0,6.5,,
Taxi to the Dark Side,2007,2000s,Documentary,Low,1000000.0,274661.0,-72.53389999999999,7.4,100.0,90.0
"10,000 BC",2008,2000s,Adventure,Blockbuster,105000000.0,266000000.0,153.33333333333334,5.2,,
The Bank Job,2008,2000s,Thriller,High,20000000.0,64822796.0,224.11398,7.2,79.0,74.0
Doomsday,2008,2000s,Action,High,30000000.0,22211426.0,-25.96191333333333,5.9,51.0,44.0
Horton Hears a Who!,2008,2000s,Animation,Blockbuster,85000000.0,297138014.0,249.57413411764705,6.8,,
Funny Games,2007,2000s,Horror,Mid,15000000.0,7938872.0,-47.07418666666667,6.5,69.0,83.0
Mongol: The Rise of Genghis Khan,2007,2000s,History,High,18000000.0,26527510.0,47.37505555555556,7.2,,
The Love Guru,2008,2000s,Comedy,Blockbuster,62000000.0,41819064.0,-32.54989677419355,3.8,14.0,33.0
Diary of the Dead,2007,2000s,Horror,Low,2000000.0,5364858.0,168.2429,5.5,62.0,41.0
Hallam Foe,2007,2000s,Drama,Mid,8000000.0,60641.0,-99.2419875,6.9,,
Justice League: The New Frontier,2008,2000s,Action,Low,3500000.0,5231128.0,49.4608,6.8,,
What Just Happened,2008,2000s,Comedy,High,25000000.0,6673422.0,-73.30631199999999,5.6,,
Return of the Living Dead 3,1993,1990s,Comedy,Low,2000000.0,54207.0,-97.28965,5.9,58.0,40.0
The Dark Knight,2008,2000s,Drama,Blockbuster,185000000.0,1004558444.0,443.0045643243244,9.1,94.0,94.0
Never Back Down,2008,2000s,Drama,High,20000000.0,41627431.0,108.137155,6.6,23.0,34.0
Alatriste,2006,2000s,Action,High,24000000.0,23321954.0,-2.825191666666667,6.1,,
Joysticks,1983,1980s,Comedy,Low,300000.0,3952448.0,1217.4826666666663,4.5,,
21,2008,2000s,Drama,High,35000000.0,69823199.0,99.49485428571428,6.8,35.0,66.0
Smart People,2008,2000s,Comedy,Mid,7000000.0,10569964.0,50.99948571428572,6.1,49.0,39.0
Leatherheads,2008,2000s,Comedy,Blockbuster,58000000.0,41299492.0,-28.793979310344824,6.0,51.0,38.0
Assembly,2007,2000s,Action,Mid,16000000.0,34786960.0,117.4185,7.3,,
Pirates,1986,1980s,Adventure,High,40000000.0,1641825.0,-95.8954375,6.0,,
Stop-Loss,2008,2000s,Drama,High,25000000.0,11207130.0,-55.17148,6.4,64.0,26.0
Julia,2008,2000s,Drama,Low,6000000.0,1300000.0,-78.33333333333333,7.0,72.0,67.0
Nim's Island,2008,2000s,Adventure,High,37000000.0,100076342.0,170.4766,6.0,51.0,46.0
Forgetting Sarah Marshall,2008,2000s,Comedy,High,30000000.0,105173115.0,250.57705,7.1,83.0,76.0
Superhero Movie,2008,2000s,Action,High,35000000.0,25871834.0,-26.080474285714285,4.8,17.0,32.0
Street Kings,2008,2000s,Action,High,20000000.0,65569869.0,227.849345,6.8,36.0,58.0
Harold & Kumar Escape from Guantanamo Bay,2008,2000s,Comedy,Mid,12000000.0,43493123.0,262.4426916666667,6.5,52.0,60.0
Speed Racer,2008,2000s,Action,Blockbuster,120000000.0,93945766.0,-21.711861666666664,6.1,40.0,60.0
The Forbidden Kingdom,2008,2000s,Action,Blockbuster,55000000.0,127906624.0,132.55749818181818,6.5,64.0,60.0
Virgin Territory,2007,2000s,Adventure,High,38000000.0,5410749.0,-85.76118684210526,4.7,,
Son of Rambow,2007,2000s,Comedy,Low,4000000.0,6870249.0,71.756225,7.0,73.0,79.0
Deception,2008,2000s,Thriller,High,25000000.0,17741298.0,-29.034808,6.0,11.0,31.0
Baby Mama,2008,2000s,Comedy,High,30000000.0,63833449.0,112.77816333333332,6.0,64.0,55.0
Expelled: No Intelligence Allowed,2008,2000s,Documentary,Low,3500000.0,7700000.0,120.0,3.8,11.0,68.0
Iron Man,2008,2000s,Action,Blockbuster,140000000.0,585174222.0,317.9815871428572,7.9,94.0,91.0
Made of Honor,2008,2000s,Comedy,High,40000000.0,84601681.0,111.5042025,5.9,15.0,55.0
"The Bread, My Sweet",2001,2000s,Drama,Low,600000.0,1023156.0,70.526,6.5,,
Taken,2008,2000s,Action,High,25000000.0,226830568.0,807.322272,7.7,58.0,85.0
Stargate: The Ark of Truth,2008,2000s,Adventure,Mid,7000000.0,8900000.0,27.142857142857142,7.2,,
Meet Bill,2007,2000s,Comedy,Low,5000000.0,346592.0,-93.06816,6.2,20.0,44.0
What Happens in Vegas,2008,2000s,Comedy,High,35000000.0,170000000.0,385.7142857142857,6.1,26.0,65.0
The Chronicles of Narnia: Prince Caspian,2008,2000s,Adventure,Blockbuster,225000000.0,419651413.0,86.51173911111111,6.5,67.0,73.0
"War, Inc.",2008,2000s,Action,Low,5000000.0,1296184.0,-74.07632,5.5,28.0,38.0
Indiana Jones and the Kingdom of the Crystal Skull,2008,2000s,Adventure,Blockbuster,185000000.0,786636033.0,325.2086664864865,6.2,78.0,54.0
Sex and the City,2008,2000s,Comedy,Blockbuster,65000000.0,415252786.0,538.85044,5.7,50.0,77.0
The Strangers,2008,2000s,Thriller,Mid,9000000.0,82391145.0,815.4571666666667,6.1,48.0,48.0
Kung Fu Panda,2008,2000s,Adventure,Blockbuster,130000000.0,631744560.0,385.95735384615386,7.6,87.0,83.0
You Don't Mess with the Zohan,2008,2000s,Comedy,Blockbuster,90000000.0,201596308.0,123.99589777777776,5.6,38.0,45.0
My Brother Is an Only Child,2007,2000s,Comedy,Low,5000000.0,6463286.0,29.26572,7.0,,
Doctor Who,1996,1990s,TV Movie,Low,5000000.0,42000000.0,740.0,6.3,,
The Happening,2008,2000s,Thriller,Blockbuster,60000000.0,163403799.0,172.339665,5.0,17.0,24.0
The Incredible Hulk,2008,2000s,Science Fiction,Blockbuster,150000000.0,163712074.0,9.141382666666669,6.6,67.0,70.0
The Children of Huang Shi,2008,2000s,Drama,High,40000000.0,7400000.0,-81.5,7.0,31.0,66.0
WALL·E,2008,2000s,Animation,Blockbuster,180000000.0,521311860.0,189.6177,8.4,,
Wanted,2008,2000s,Action,Blockbuster,75000000.0,258270008.0,244.36001066666665,6.7,71.0,69.0
Hancock,2008,2000s,Fantasy,Blockbuster,150000000.0,624029371.0,316.0195806666667,6.4,41.0,59.0
Boy Culture,2007,2000s,Drama,Low,500000.0,220151.0,-55.969800000000006,6.8,70.0,70.0
Get Smart,2008,2000s,Action,Blockbuster,80000000.0,230685453.0,188.35681625,6.5,50.0,67.0
West of Zanzibar,1928,1920s,Drama,Low,259000.0,921000.0,255.5984555984556,7.2,,
The Unholy Three,1925,1920s,Crime,Low,103000.0,704000.0,583.4951456310679,7.1,,
The Wackness,2008,2000s,Drama,Low,6000000.0,2899975.0,-51.66708333333333,6.9,70.0,72.0
Mamma Mia!,2008,2000s,Comedy,Blockbuster,52000000.0,609841637.0,1072.772378846154,6.5,55.0,66.0
Welcome to the Sticks,2008,2000s,Comedy,Mid,11000000.0,53191886.0,383.5626,7.1,67.0,78.0
Katyn,2007,2000s,Drama,Low,5200000.0,14723313.0,183.1406346153846,7.0,91.0,75.0
Journey to the Center of the Earth,2008,2000s,Action,Blockbuster,45000000.0,101702060.0,126.00457777777778,5.8,83.0,69.0
Meet Dave,2008,2000s,Comedy,Blockbuster,60000000.0,50650079.0,-15.583201666666666,5.1,20.0,35.0
Death Defying Acts,2007,2000s,Drama,High,20000000.0,8380329.0,-58.098355,5.8,42.0,26.0
Death Note,2006,2000s,Fantasy,High,20000000.0,27793200.0,38.966,7.5,38.0,24.0
Transsiberian,2008,2000s,Thriller,Mid,15000000.0,5926410.0,-60.49060000000001,6.6,91.0,65.0
Space Chimps,2008,2000s,Animation,High,37000000.0,63800345.0,72.43336486486487,4.5,33.0,33.0
Watchmen,2009,2000s,Action,Blockbuster,130000000.0,185258983.0,42.50691,7.6,65.0,71.0
Step Brothers,2008,2000s,Comedy,Blockbuster,65000000.0,128107642.0,97.08868,6.9,55.0,69.0
Brideshead Revisited,2008,2000s,Drama,High,20000000.0,13204291.0,-33.978545,6.6,62.0,52.0
The X Files: I Want to Believe,2008,2000s,Drama,High,30000000.0,68369434.0,127.89811333333334,5.9,,
The Tracey Fragments,2007,2000s,Drama,Low,700000.0,31576.0,-95.48914285714288,6.0,,
The Mummy: Tomb of the Dragon Emperor,2008,2000s,Adventure,Blockbuster,145000000.0,401128639.0,176.64044068965518,5.2,12.0,30.0
Swing Vote,2008,2000s,Drama,High,21000000.0,17600000.0,-16.19047619047619,6.1,39.0,41.0
The Midnight Meat Train,2008,2000s,Mystery,Mid,15000000.0,3533227.0,-76.44515333333334,6.0,73.0,50.0
Bottle Shock,2008,2000s,Comedy,Low,5000000.0,4040588.0,-19.18824,6.8,48.0,58.0
Vicky Cristina Barcelona,2008,2000s,Drama,Mid,15000000.0,96408652.0,542.7243466666666,7.1,81.0,74.0
Pineapple Express,2008,2000s,Action,High,27000000.0,101624843.0,276.3883074074074,6.9,68.0,73.0
Red Cliff,2008,2000s,Adventure,Blockbuster,80341000.0,127814609.0,59.09013953025229,7.3,,
The Sisterhood of the Traveling Pants 2,2008,2000s,Adventure,High,27000000.0,44352417.0,64.2682111111111,6.2,66.0,66.0
Elegy,2008,2000s,Drama,Mid,13000000.0,14894347.0,14.5719,6.7,75.0,61.0
Tropic Thunder,2008,2000s,Action,Blockbuster,92000000.0,188072649.0,104.42679239130436,7.1,82.0,70.0
Star Wars: The Clone Wars,2008,2000s,Thriller,Mid,8500000.0,68282844.0,703.3275764705883,6.0,18.0,39.0
Mutant Chronicles,2008,2000s,Action,Mid,8000000.0,2033165.0,-74.5854375,5.2,18.0,24.0
Waltz with Bashir,2008,2000s,Drama,Low,2000000.0,11125849.0,456.29245,8.0,96.0,91.0
Let the Right One In,2008,2000s,Horror,Low,4000000.0,10785801.0,169.645025,7.8,98.0,90.0
Death Race,2008,2000s,Action,Blockbuster,45000000.0,73762516.0,63.91670222222222,6.4,42.0,60.0
The House Bunny,2008,2000s,Romance,High,25000000.0,70442940.0,181.77176,5.6,44.0,50.0
The Rocker,2008,2000s,Comedy,Mid,15000000.0,8762890.0,-41.58073333333333,6.2,41.0,46.0
Mirrors,2008,2000s,Horror,High,35000000.0,72436439.0,106.96125428571428,6.1,15.0,44.0
Sukiyaki Western Django,2007,2000s,Adventure,Low,3800000.0,2725258.0,-28.28268421052632,6.1,56.0,57.0
Burn After Reading,2008,2000s,Comedy,High,37000000.0,163720069.0,342.486672972973,7.0,78.0,65.0
Disaster Movie,2008,2000s,Action,High,25000000.0,14109284.0,-43.562864000000005,1.9,1.0,21.0
Babylon A.D.,2008,2000s,Action,Blockbuster,70000000.0,72108608.0,3.0122971428571432,5.5,6.0,26.0
Traitor,2008,2000s,Drama,High,22000000.0,23530831.0,6.958322727272727,6.9,65.0,64.0
College,2008,2000s,Comedy,Mid,7000000.0,6230276.0,-10.996057142857143,4.6,89.0,73.0
The Women,2008,2000s,Comedy,Mid,16000000.0,50007546.0,212.5471625,5.1,14.0,38.0
The Mother of Tears,2007,2000s,Horror,Low,3500000.0,54947.0,-98.43008571428572,5.0,,
The Spirit,2008,2000s,Action,Blockbuster,60000000.0,39031337.0,-34.94777166666667,4.8,14.0,25.0
Bangkok Dangerous,2008,2000s,Action,Blockbuster,45000000.0,42487390.0,-5.583577777777777,5.3,8.0,26.0
The Foot Fist Way,2006,2000s,Comedy,Low,79000.0,245000.0,210.126582278481,6.2,54.0,46.0
Righteous Kill,2008,2000s,Action,Blockbuster,60000000.0,73174566.0,21.95761,6.0,18.0,37.0
Lakeview Terrace,2008,2000s,Drama,High,20000000.0,27640028.0,38.20014,6.2,44.0,39.0
Appaloosa,2008,2000s,Drama,High,20000000.0,20211394.0,1.05697,6.7,76.0,55.0
Miracle at St. Anna,2008,2000s,Drama,Blockbuster,45000000.0,9323833.0,-79.28037111111111,6.1,33.0,51.0
Eagle Eye,2008,2000s,Mystery,Blockbuster,80000000.0,178066569.0,122.58321125,6.6,26.0,62.0
How to Lose Friends & Alienate People,2008,2000s,Comedy,High,27000000.0,17286299.0,-35.97667037037037,6.4,37.0,42.0
Nick and Norah's Infinite Playlist,2008,2000s,Comedy,Mid,9000000.0,32973937.0,266.3770777777778,6.6,75.0,65.0
"The Tulse Luper Suitcases, Part 1: The Moab Story",2003,2000s,War,Mid,10000000.0,25800.0,-99.742,6.7,,
Body of Lies,2008,2000s,Action,Blockbuster,70000000.0,113280098.0,61.828711428571424,7.0,55.0,62.0
City of Ember,2008,2000s,Adventure,Blockbuster,55000000.0,17869048.0,-67.51082181818182,6.4,53.0,46.0
"20,000 Leagues Under the Sea",1916,1910s,Adventure,Low,200000.0,8000000.0,3900.0,6.1,89.0,74.0
Max Payne,2008,2000s,Action,High,35000000.0,85416905.0,144.04829999999998,5.3,16.0,29.0
Zack and Miri Make a Porno,2008,2000s,Comedy,High,24000000.0,42105111.0,75.4379625,6.5,66.0,66.0
W.,2008,2000s,Drama,High,25100000.0,29506464.0,17.555633466135458,6.3,58.0,42.0
My Best Friend's Girl,2008,2000s,Romance,High,20000000.0,36620508.0,83.10254,5.8,14.0,46.0
The Secret Life of Bees,2008,2000s,Adventure,Mid,11000000.0,38105395.0,246.41268181818185,7.2,59.0,78.0
An American Carol,2008,2000s,Comedy,High,20000000.0,7000000.0,-65.0,4.0,12.0,47.0
The Wave,2008,2000s,Drama,Mid,7500000.0,19000000.0,153.33333333333334,7.6,67.0,62.0
Quarantine,2008,2000s,Horror,Mid,12000000.0,40855419.0,240.461825,6.0,56.0,44.0
Pride and Glory,2008,2000s,Thriller,High,30000000.0,31148328.0,3.82776,6.6,35.0,49.0
The Express,2008,2000s,Drama,High,40000000.0,9793496.0,-75.51626,7.2,62.0,75.0
RockNRolla,2008,2000s,Action,High,18000000.0,25739015.0,42.99452777777778,7.2,60.0,71.0
Madagascar: Escape 2 Africa,2008,2000s,Family,Blockbuster,150000000.0,603900354.0,302.600236,6.7,64.0,66.0
Admiral,2008,2000s,Drama,Low,2000000.0,38135878.0,1806.7939,6.6,,
Blindness,2008,2000s,Drama,High,25000000.0,19844979.0,-20.620084,6.5,43.0,47.0
Changeling,2008,2000s,Crime,Blockbuster,55000000.0,113020255.0,105.49137272727272,7.7,62.0,82.0
The Road,2009,2000s,Adventure,High,32000000.0,27635305.0,-13.639671875,7.2,73.0,68.0
Slumdog Millionaire,2008,2000s,Drama,Mid,15000000.0,377910544.0,2419.4036266666667,8.0,91.0,90.0
Quantum of Solace,2008,2000s,Adventure,Blockbuster,200000000.0,586090727.0,193.0453635,6.5,65.0,58.0
Role Models,2008,2000s,Comedy,High,28000000.0,92380927.0,229.93188214285715,6.8,77.0,74.0
JCVD,2008,2000s,Drama,Low,6000000.0,276891.0,-95.38515,7.0,,
Saw V,2008,2000s,Horror,Mid,10800000.0,113857533.0,954.2364166666669,5.8,13.0,52.0
Sex Drive,2008,2000s,Comedy,High,19000000.0,18755936.0,-1.2845473684210529,6.5,45.0,58.0
While She Was Out,2008,2000s,Action,Low,6000000.0,391410.0,-93.4765,4.8,31.0,17.0
Beverly Hills Chihuahua,2008,2000s,Adventure,High,20000000.0,149281606.0,646.40803,4.0,40.0,52.0
Australia,2008,2000s,Drama,Blockbuster,130000000.0,49554002.0,-61.88153692307692,6.6,55.0,65.0
Bolt,2008,2000s,Animation,Blockbuster,150000000.0,309979994.0,106.65332933333332,6.8,89.0,74.0
Milk,2008,2000s,History,High,20000000.0,54586584.0,172.93292,7.5,93.0,89.0
Twilight,2008,2000s,Adventure,High,37000000.0,392616625.0,961.1260135135136,5.4,60.0,30.0
Transporter 3,2008,2000s,Action,High,30000000.0,108979549.0,263.26516333333336,6.1,39.0,49.0
Four Christmases,2008,2000s,Comedy,Blockbuster,80000000.0,163733697.0,104.66712125,5.8,25.0,47.0
The Boy in the Striped Pyjamas,2008,2000s,War,Mid,12500000.0,20416563.0,63.332504,7.7,,
Surveillance,2008,2000s,Horror,Low,3500000.0,1115493.0,-68.12877142857144,6.3,55.0,43.0
Fireproof,2008,2000s,Drama,Low,500000.0,33456317.0,6591.2634,6.5,38.0,82.0
Igor,2008,2000s,Animation,High,25000000.0,30000000.0,20.0,5.9,39.0,38.0
Punisher: War Zone,2008,2000s,Action,High,20500000.0,10089373.0,-50.78354634146341,5.9,29.0,42.0
The Day the Earth Stood Still,2008,2000s,Drama,Blockbuster,80000000.0,233093859.0,191.36732375,5.5,95.0,87.0
Doubt,2008,2000s,Drama,High,20000000.0,50907234.0,154.53617,7.5,80.0,78.0
Gran Torino,2008,2000s,Drama,High,33000000.0,269958228.0,718.0552363636364,8.1,81.0,90.0
The Reader,2008,2000s,Drama,High,32000000.0,113019290.0,253.18528125,7.6,63.0,79.0
Seven Pounds,2008,2000s,Drama,Blockbuster,55000000.0,168167691.0,205.75943818181815,7.6,26.0,75.0
The Wrestler,2008,2000s,Drama,Low,6000000.0,44703995.0,645.0665833333334,7.9,98.0,88.0
The Curious Case of Benjamin Button,2008,2000s,Fantasy,Blockbuster,150000000.0,333932083.0,122.62138866666668,7.8,72.0,80.0
Yes Man,2008,2000s,Comedy,Blockbuster,70000000.0,225990978.0,222.8442542857143,6.8,46.0,66.0
Valkyrie,2008,2000s,Drama,Blockbuster,75000000.0,200276000.0,167.03466666666665,7.1,62.0,65.0
Bedtime Stories,2008,2000s,Fantasy,Blockbuster,80000000.0,212874442.0,166.0930525,6.0,27.0,55.0
Choke,2008,2000s,Comedy,Low,3000000.0,3830137.0,27.671233333333333,6.4,55.0,52.0
Revolutionary Road,2008,2000s,Drama,High,35000000.0,75225693.0,114.93055142857142,7.3,67.0,71.0
"Surfer, Dude",2008,2000s,Comedy,Low,6000000.0,69497.0,-98.84171666666668,4.6,0.0,26.0
Nobel Son,2007,2000s,Comedy,Low,4000000.0,333912.0,-91.6522,6.1,25.0,44.0
Wild Child,2008,2000s,Comedy,High,20000000.0,21972336.0,9.86168,6.1,41.0,61.0
Defiance,2008,2000s,Action,High,32000000.0,51155219.0,59.860059375,7.1,58.0,72.0
Marley & Me,2008,2000s,Comedy,Blockbuster,60000000.0,244082376.0,306.80396,7.0,62.0,75.0
Ponyo,2008,2000s,Animation,Blockbuster,41677699.0,187479518.0,349.8317385515933,7.6,92.0,83.0
Ip Man,2008,2000s,Drama,Mid,11715578.0,21888598.0,86.83327446584369,8.0,85.0,93.0
Passengers,2008,2000s,Drama,High,25000000.0,2000000.0,-92.0,5.8,19.0,35.0
The Tale of Despereaux,2008,2000s,Adventure,Blockbuster,60000000.0,50877145.0,-15.204758333333334,6.1,57.0,44.0
Bride Wars,2009,2000s,Comedy,High,30000000.0,114663461.0,282.21153666666663,5.5,11.0,51.0
My Bloody Valentine,2009,2000s,Mystery,Mid,15000000.0,100734718.0,571.5647866666667,5.4,54.0,52.0
Battle in Seattle,2007,2000s,Action,Mid,8000000.0,908847.0,-88.6394125,6.6,56.0,65.0
Timecrimes,2007,2000s,Science Fiction,Low,2600000.0,553198.0,-78.72315384615385,7.1,,
Underworld: Rise of the Lycans,2009,2000s,Fantasy,High,35000000.0,91353501.0,161.0100028571429,6.5,,
Inkheart,2008,2000s,Adventure,Blockbuster,60000000.0,57490374.0,-4.18271,6.1,39.0,45.0
The Lazarus Project,2008,2000s,Drama,Mid,9750000.0,558000.0,-94.27692307692308,6.0,60.0,45.0
Paul Blart: Mall Cop,2009,2000s,Action,High,26000000.0,183293131.0,604.9735807692308,5.3,34.0,43.0
The Unborn,2009,2000s,Horror,Mid,16000000.0,76514050.0,378.2128125,4.7,10.0,30.0
Outlander,2008,2000s,Fantasy,Blockbuster,50000000.0,7033683.0,-85.932634,6.2,37.0,44.0
Go Go Tales,2007,2000s,Comedy,Low,4000000.0,907456.0,-77.31360000000001,5.8,,
The Grudge 3,2009,2000s,Mystery,Low,5000000.0,38610009.0,672.20018,4.6,,
Coraline,2009,2000s,Animation,Blockbuster,60000000.0,124596398.0,107.66066333333332,7.8,90.0,73.0
Push,2009,2000s,Action,High,38000000.0,45465299.0,19.645523684210524,6.1,23.0,42.0
The International,2009,2000s,Drama,Blockbuster,50000000.0,60161391.0,20.322782,6.5,58.0,37.0
Two Lovers,2008,2000s,Drama,Mid,12000000.0,3148182.0,-73.76515,7.0,82.0,59.0
He's Just Not That Into You,2009,2000s,Comedy,High,40000000.0,177259441.0,343.1486025,6.4,42.0,59.0
Hotel for Dogs,2009,2000s,Comedy,High,35000000.0,73034460.0,108.66988571428573,5.5,46.0,54.0
My Name Is Bruce,2007,2000s,Comedy,Low,1500000.0,173066.0,-88.46226666666666,6.1,38.0,48.0
Funny People,2009,2000s,Comedy,Blockbuster,75000000.0,61458982.0,-18.054690666666662,6.3,69.0,48.0
Street Fighter: The Legend of Chun-Li,2009,2000s,Action,Blockbuster,50000000.0,12764201.0,-74.471598,3.7,5.0,18.0
Away We Go,2009,2000s,Drama,Mid,17000000.0,14899417.0,-12.356370588235292,7.0,68.0,74.0
Il Divo,2008,2000s,Drama,Mid,7275000.0,11260366.0,54.78166323024056,7.2,92.0,80.0
Paris,2008,2000s,Drama,High,19000000.0,23550000.0,23.94736842105263,6.8,66.0,66.0
Friday the 13th,2009,2000s,Horror,High,19000000.0,91379051.0,380.9423736842105,5.5,64.0,61.0
Rock-A-Doodle,1991,1990s,Comedy,High,18000000.0,11657385.0,-35.23675,6.0,20.0,55.0
"I Love You, Man",2009,2000s,Comedy,Blockbuster,41000000.0,91636986.0,123.50484390243903,7.0,83.0,74.0
Duplicity,2009,2000s,Romance,Blockbuster,78146652.0,60000000.0,-23.22127888473072,6.1,66.0,37.0
Knowing,2009,2000s,Action,Blockbuster,50000000.0,155446362.0,210.892724,6.2,33.0,42.0
Ong Bak 2,2008,2000s,Adventure,Mid,8500000.0,8936663.0,5.137211764705882,6.2,48.0,53.0
The Girl with the Dragon Tattoo,2009,2000s,Drama,Mid,13000000.0,104345682.0,702.6590923076923,7.8,86.0,86.0
Sunshine Cleaning,2008,2000s,Comedy,Low,5000000.0,16174377.0,223.48754,6.8,74.0,63.0
Monsters vs Aliens,2009,2000s,Animation,Blockbuster,175000000.0,381509870.0,118.00564,6.4,,
Nothing But the Truth,2008,2000s,Drama,Mid,11500000.0,186702.0,-98.37650434782608,7.1,82.0,73.0
Adventureland,2009,2000s,Comedy,Mid,9500000.0,17164377.0,80.67765263157895,6.8,88.0,61.0
Confessions of a Shopaholic,2009,2000s,Comedy,High,40000000.0,108332743.0,170.8318575,5.9,25.0,49.0
Fast & Furious,2009,2000s,Action,Blockbuster,85000000.0,363164265.0,327.25207647058824,6.5,29.0,67.0
The Boat That Rocked,2009,2000s,Drama,Blockbuster,50000000.0,36348784.0,-27.302432,7.3,,
17 Again,2009,2000s,Comedy,High,20000000.0,136267476.0,581.3373799999999,6.4,56.0,67.0
Inglourious Basterds,2009,2000s,Drama,Blockbuster,70000000.0,319131050.0,355.9015,8.4,89.0,88.0
State of Play,2009,2000s,Action,Blockbuster,60000000.0,87784194.0,46.30699,7.1,84.0,73.0
Crank: High Voltage,2009,2000s,Action,High,20000000.0,34560577.0,72.80288499999999,6.1,,
Moon,2009,2000s,Science Fiction,Low,5000000.0,9760104.0,95.20208,7.8,90.0,89.0
The Young Victoria,2009,2000s,Drama,High,35000000.0,27409889.0,-21.68603142857143,7.2,76.0,74.0
The Informers,2008,2000s,Drama,High,18000000.0,382174.0,-97.87681111111112,4.9,12.0,18.0
X-Men Origins: Wolverine,2009,2000s,Adventure,Blockbuster,150000000.0,373062864.0,148.708576,6.5,,
The Girlfriend Experience,2009,2000s,Comedy,Low,1700000.0,1007962.0,-40.70811764705882,5.5,67.0,35.0
Star Trek,2009,2000s,Science Fiction,Blockbuster,150000000.0,385680446.0,157.12029733333333,7.9,94.0,91.0
Red Cliff Part II,2009,2000s,War,Blockbuster,80000000.0,121059225.0,51.32403125,7.5,,
S. Darko,2009,2000s,Thriller,Low,4000000.0,4100000.0,2.5,3.6,,
Earth,2007,2000s,Documentary,Mid,15000000.0,109000000.0,626.6666666666666,7.9,,
Crossing Over,2009,2000s,Crime,High,25000000.0,1037335.0,-95.85066,6.7,16.0,49.0
Angels & Demons,2009,2000s,Thriller,Blockbuster,150000000.0,356613439.0,137.74229266666666,6.7,37.0,57.0
Terminator Salvation,2009,2000s,Action,Blockbuster,200000000.0,371353001.0,85.6765005,6.5,33.0,54.0
Night at the Museum: Battle of the Smithsonian,2009,2000s,Adventure,Blockbuster,150000000.0,413106170.0,175.40411333333333,6.0,,
The Brothers Bloom,2008,2000s,Adventure,High,20000000.0,5530764.0,-72.34618,6.7,68.0,64.0
The Soloist,2009,2000s,Drama,Blockbuster,60000000.0,31720158.0,-47.13307,6.7,56.0,56.0
The Last House on the Left,2009,2000s,Crime,Mid,15000000.0,32721635.0,118.14423333333332,6.5,42.0,52.0
Drag Me to Hell,2009,2000s,Horror,High,30000000.0,90810892.0,202.70297333333332,6.6,92.0,62.0
Up,2009,2000s,Animation,Blockbuster,175000000.0,735099082.0,320.0566182857143,8.3,98.0,90.0
Fired Up!,2009,2000s,Comedy,High,20000000.0,18599102.0,-7.00449,6.1,,
The Hangover,2009,2000s,Comedy,High,35000000.0,459270619.0,1212.2017685714286,7.7,78.0,84.0
Antichrist,2009,2000s,Drama,Mid,11000000.0,791867.0,-92.80120909090908,6.5,53.0,55.0
Billu,2009,2000s,Comedy,Low,5750000.0,10000000.0,73.91304347826086,6.4,60.0,44.0
New in Town,2009,2000s,Comedy,Mid,8000000.0,29010817.0,262.6352125,5.7,28.0,37.0
Dead Snow,2009,2000s,Horror,Low,800000.0,1984662.0,148.08275,6.3,,
Land of the Lost,2009,2000s,Adventure,Blockbuster,100000000.0,68688831.0,-31.311169,5.3,26.0,32.0
The Taking of Pelham 1 2 3,2009,2000s,Thriller,Blockbuster,100000000.0,150166126.0,50.166126,6.4,51.0,52.0
The Proposal,2009,2000s,Comedy,High,40000000.0,317375031.0,693.4375775000001,6.8,45.0,67.0
Dillinger,1973,1970s,Action,Low,1000000.0,2000000.0,100.0,6.9,92.0,73.0
Year One,2009,2000s,Comedy,Blockbuster,60000000.0,62357900.0,3.929833333333333,5.0,14.0,23.0
The Hurt Locker,2008,2000s,Drama,Mid,15000000.0,42000000.0,180.0,7.5,97.0,84.0
Transformers: Revenge of the Fallen,2009,2000s,Science Fiction,Blockbuster,150000000.0,836297228.0,457.53148533333336,6.0,20.0,57.0
Whatever Works,2009,2000s,Comedy,Mid,15000000.0,35097815.0,133.98543333333333,7.1,50.0,61.0
Public Enemies,2009,2000s,History,Blockbuster,80000000.0,214104620.0,167.630775,6.9,68.0,59.0
Ice Age: Dawn of the Dinosaurs,2009,2000s,Animation,Blockbuster,90000000.0,886686817.0,885.2075744444445,6.9,,
Night Of The Living Dead 3D,2007,2000s,Horror,Low,3000000.0,1449945.0,-51.6685,3.1,,
My Sister's Keeper,2009,2000s,Drama,High,30000000.0,95714875.0,219.0495833333333,7.3,48.0,72.0
Hood of Horror,2006,2000s,Action,Low,5000000.0,25900.0,-99.482,4.1,,
Kandukondain Kandukondain,2000,2000s,Drama,Low,500000.0,500000.0,0.0,7.7,,
(500) Days of Summer,2009,2000s,Comedy,Mid,7500000.0,60722734.0,709.6364533333333,7.6,,
The Inhabited Island,2008,2000s,Action,High,36500000.0,21834845.0,-40.17850684931507,5.1,,
Harry Potter and the Half-Blood Prince,2009,2000s,Adventure,Blockbuster,250000000.0,933959197.0,273.5836788,7.6,84.0,78.0
The Fast and the Furious,1955,1950s,Action,Low,66000.0,250000.0,278.7878787878788,5.4,53.0,74.0
The Imaginarium of Doctor Parnassus,2009,2000s,Adventure,High,30000000.0,64352607.0,114.50869,6.7,64.0,60.0
Cheri,2009,2000s,Drama,High,23000000.0,9366227.0,-59.27727391304348,6.1,,
Orphan,2009,2000s,Horror,High,20000000.0,41596251.0,107.981255,7.0,56.0,63.0
The Ugly Truth,2009,2000s,Comedy,High,38000000.0,205298907.0,440.2602815789474,6.4,14.0,60.0
The Collector,2009,2000s,Horror,Low,3400000.0,114000000.0,3252.9411764705883,6.3,29.0,48.0
A Perfect Getaway,2009,2000s,Thriller,Mid,14000000.0,22852638.0,63.23312857142858,6.5,62.0,52.0
Aliens in the Attic,2009,2000s,Adventure,Blockbuster,45000000.0,57881056.0,28.62456888888889,5.4,33.0,43.0
District 9,2009,2000s,Science Fiction,High,30000000.0,210819611.0,602.7320366666667,7.9,90.0,82.0
Julie & Julia,2009,2000s,Romance,High,40000000.0,129540499.0,223.8512475,7.0,77.0,70.0
Obsessed,2009,2000s,Drama,High,20000000.0,73830340.0,269.1517,5.1,19.0,46.0
Race to Witch Mountain,2009,2000s,Adventure,Blockbuster,50000000.0,106303988.0,112.607976,5.7,43.0,44.0
Hannah Montana: The Movie,2009,2000s,Comedy,High,35000000.0,155545279.0,344.41508285714286,4.8,43.0,67.0
G.I. Joe: The Rise of Cobra,2009,2000s,Adventure,Blockbuster,175000000.0,302469017.0,72.83943828571428,5.7,34.0,50.0
12 Rounds,2009,2000s,Action,High,20000000.0,17280326.0,-13.59837,5.6,30.0,45.0
"Silent Night, Deadly Night II",1987,1980s,Comedy,Low,250000.0,154323.0,-38.2708,3.9,,
The Time Traveler's Wife,2009,2000s,Drama,High,39000000.0,101229792.0,159.56356923076922,7.1,38.0,59.0
Bandslam,2009,2000s,Comedy,High,20000000.0,5210988.0,-73.94506,6.3,82.0,64.0
"I Love You, Beth Cooper",2009,2000s,Comedy,High,18000000.0,15345201.0,-14.748883333333335,5.4,,
Paper Heart,2009,2000s,Comedy,Low,1000000.0,1296971.0,29.6971,6.0,60.0,45.0
G-Force,2009,2000s,Fantasy,Blockbuster,150000000.0,292817841.0,95.211894,5.1,22.0,39.0
Christopher Columbus: The Discovery,1992,1990s,Action,High,40000000.0,8251071.0,-79.37232250000001,4.4,,
Tetro,2009,2000s,Drama,Mid,15000000.0,113221.0,-99.24519333333332,6.8,71.0,70.0
Bronson,2008,2000s,Drama,Low,230000.0,2260712.0,882.9182608695652,7.0,76.0,74.0
The Secret of Moonacre,2008,2000s,Adventure,Mid,12000000.0,7070330.0,-41.08058333333333,6.1,23.0,45.0
Post Grad,2009,2000s,Comedy,Mid,15000000.0,6405245.0,-57.298366666666666,5.3,8.0,27.0
My Life in Ruins,2009,2000s,Comedy,Mid,17000000.0,20455276.0,20.32515294117647,6.0,10.0,44.0
Halloween II,2009,2000s,Horror,Mid,15000000.0,39421467.0,162.80978,4.8,32.0,63.0
Five Graves to Cairo,1943,1940s,Thriller,Low,855000.0,1200000.0,40.35087719298245,7.3,100.0,80.0
Videocracy,2009,2000s,Documentary,Low,700000.0,1179676.0,68.52514285714287,6.5,67.0,39.0
The Secret in Their Eyes,2009,2000s,Crime,Low,2000000.0,33965843.0,1598.29215,8.2,,
9,2009,2000s,Action,High,30000000.0,48428063.0,61.426876666666665,7.0,57.0,56.0
Pandorum,2009,2000s,Action,High,33000000.0,20645327.0,-37.43840303030303,6.7,30.0,49.0
The Men Who Stare at Goats,2009,2000s,Comedy,High,24000000.0,68729358.0,186.372325,6.2,50.0,39.0
Jennifer's Body,2009,2000s,Comedy,Mid,16000000.0,31556061.0,97.22538125,5.6,45.0,34.0
The Informant!,2009,2000s,Drama,High,22000000.0,35424826.0,61.02193636363637,6.5,79.0,44.0
Extract,2009,2000s,Comedy,Mid,8000000.0,10848783.0,35.6097875,6.1,62.0,38.0
The Final Destination,2009,2000s,Horror,High,40000000.0,186167139.0,365.4178475,5.1,28.0,35.0
Gamer,2009,2000s,Action,Blockbuster,50000000.0,40828540.0,-18.34292,5.7,30.0,39.0
Cloudy with a Chance of Meatballs,2009,2000s,Animation,Blockbuster,100000000.0,242988466.0,142.988466,6.9,86.0,72.0
Attack of the 50 Foot Woman,1958,1950s,Horror,Low,88000.0,480000.0,445.45454545454544,5.1,75.0,20.0
Battle for Terra,2007,2000s,Action,Low,4000000.0,6101046.0,52.52615,6.5,49.0,41.0
Love Happens,2009,2000s,Drama,High,18000000.0,36133014.0,100.73896666666668,5.7,16.0,37.0
Bright Star,2009,2000s,Drama,Mid,8500000.0,4440055.0,-47.76405882352941,6.9,83.0,68.0
Paranormal Activity,2007,2000s,Horror,Low,15000.0,193355800.0,1288938.6666666667,6.3,83.0,57.0
World's Greatest Dad,2009,2000s,Comedy,Mid,10000000.0,295750.0,-97.0425,6.8,88.0,67.0
Capitalism: A Love Story,2009,2000s,Documentary,High,20000000.0,17436509.0,-12.817455,7.4,74.0,74.0
A Serious Man,2009,2000s,Comedy,Mid,7000000.0,31430334.0,349.0047714285714,7.0,90.0,68.0
City Island,2009,2000s,Drama,Low,6000000.0,6670712.0,11.178533333333334,7.3,82.0,79.0
Whip It,2009,2000s,Drama,Mid,15000000.0,16633035.0,10.8869,6.9,84.0,74.0
The Invention of Lying,2009,2000s,Comedy,High,18500000.0,31912793.0,72.50158378378379,6.4,56.0,39.0
Surrogates,2009,2000s,Action,Blockbuster,80000000.0,122444772.0,53.05596500000001,6.3,37.0,38.0
Zombieland,2009,2000s,Comedy,High,23600000.0,102391382.0,333.86178813559326,7.5,89.0,86.0
Assassination of a High School President,2008,2000s,Comedy,Mid,11500000.0,69564.0,-99.39509565217392,6.2,50.0,46.0
Sorority Row,2009,2000s,Horror,Mid,12500000.0,27206120.0,117.64896,5.2,25.0,31.0
Whiteout,2009,2000s,Action,High,40000000.0,12206028.0,-69.48493,5.5,7.0,21.0
An Education,2009,2000s,Drama,Mid,7500000.0,26096852.0,247.95802666666668,7.2,94.0,80.0
Capone,1975,1970s,Crime,Low,970000.0,2000000.0,106.18556701030928,5.7,41.0,25.0
Couples Retreat,2009,2000s,Comedy,Blockbuster,70000000.0,171844840.0,145.49262857142858,5.6,10.0,39.0
All About Steve,2009,2000s,Comedy,Mid,15000000.0,40105542.0,167.37028,4.8,6.0,30.0
Jab We Met,2007,2000s,Drama,Low,2300000.0,4600000.0,100.0,7.9,,
Where the Wild Things Are,2009,2000s,Family,Blockbuster,100000000.0,100086793.0,0.086793,6.7,73.0,57.0
Shorts,2009,2000s,Comedy,High,40000000.0,28972508.0,-27.56873,4.7,,
"New York, I Love You",2008,2000s,Comedy,Mid,14700000.0,8049666.0,-45.240367346938775,6.2,37.0,37.0
Law Abiding Citizen,2009,2000s,Drama,Blockbuster,53000000.0,126690726.0,139.03910566037737,7.4,26.0,75.0
Amelia,2009,2000s,Adventure,High,40000000.0,19258519.0,-51.8537025,5.8,20.0,31.0
Mary and Max,2009,2000s,Animation,Low,590235.0,1725381.0,192.32102467661184,8.1,95.0,92.0
Up in the Air,2009,2000s,Drama,High,25000000.0,163670000.0,554.6800000000001,7.4,91.0,79.0
Saw VI,2009,2000s,Horror,Mid,11000000.0,68233629.0,520.3057181818182,6.1,39.0,55.0
Cirque du Freak: The Vampire's Assistant,2009,2000s,Adventure,High,40000000.0,28169671.0,-29.5758225,5.8,38.0,42.0
The Boondock Saints II: All Saints Day,2009,2000s,Action,Mid,8000000.0,10629321.0,32.8665125,6.2,23.0,58.0
Black Dynamite,2009,2000s,Action,Low,2900000.0,296557.0,-89.77389655172414,7.4,83.0,85.0
Big Fan,2009,2000s,Comedy,Low,250000.0,232732.0,-6.9072,6.6,86.0,62.0
Astro Boy,2009,2000s,Animation,Blockbuster,65000000.0,44091067.0,-32.16758923076923,6.3,,
Fantastic Mr. Fox,2009,2000s,Adventure,High,40000000.0,46471023.0,16.1775575,7.9,93.0,85.0
Top Dog,1995,1990s,Action,Low,6000000.0,5093707.0,-15.104883333333332,4.3,0.0,32.0
The Pebble and the Penguin,1995,1990s,Animation,High,28000000.0,3983912.0,-85.77174285714285,5.6,10.0,44.0
A Christmas Carol,2009,2000s,Animation,Blockbuster,200000000.0,325233863.0,62.61693149999999,6.8,100.0,74.0
Goemon,2009,2000s,Action,Mid,9000000.0,16000000.0,77.77777777777779,6.6,,
2012,2009,2000s,Action,Blockbuster,200000000.0,769653595.0,284.8267975,5.9,39.0,47.0
The Box,2009,2000s,Thriller,High,30000000.0,33333531.0,11.11177,5.6,44.0,24.0
The Fourth Kind,2009,2000s,Mystery,Mid,10000000.0,42333295.0,323.33295,5.9,18.0,41.0
Precious,2009,2000s,Drama,Mid,10000000.0,47536959.0,375.36959,7.3,,
The Bad Lieutenant: Port of Call - New Orleans,2009,2000s,Drama,High,25000000.0,10589102.0,-57.643592,6.6,,
The Twilight Saga: New Moon,2009,2000s,Adventure,Blockbuster,50000000.0,709827462.0,1319.654924,4.8,28.0,61.0
The Messenger,2009,2000s,Drama,Mid,6500000.0,1521261.0,-76.59598461538462,7.1,90.0,75.0
Ninja Assassin,2009,2000s,Action,High,40000000.0,60462347.0,51.1558675,6.3,26.0,54.0
"Police, Adjective",2009,2000s,Drama,Low,1089360.0,48298.0,-95.56638760373065,7.0,,
Cell 211,2009,2000s,Action,Low,5700000.0,19300483.0,238.6049649122807,7.6,,
Brothers,2009,2000s,Drama,High,26000000.0,43318349.0,66.60903461538462,7.1,64.0,62.0
Sleep Dealer,2008,2000s,Drama,Low,2500000.0,107559.0,-95.69764,6.0,70.0,50.0
The Blind Side,2009,2000s,Drama,High,29000000.0,309208309.0,966.235548275862,7.6,66.0,85.0
Old Dogs,2009,2000s,Comedy,High,35000000.0,92219310.0,163.48374285714286,5.3,5.0,44.0
Planet 51,2009,2000s,Science Fiction,Blockbuster,70000000.0,104945765.0,49.92252142857143,6.0,23.0,40.0
Me and Orson Welles,2009,2000s,Comedy,High,25000000.0,2336172.0,-90.655312,6.7,85.0,61.0
Morphine,2008,2000s,History,Low,3600000.0,766075.0,-78.7201388888889,7.2,,
The Lovely Bones,2009,2000s,Fantasy,Blockbuster,65000000.0,93525586.0,43.88551692307692,6.6,32.0,52.0
Invictus,2009,2000s,Drama,Blockbuster,60000000.0,122233971.0,103.723285,7.3,77.0,75.0
The Princess and the Frog,2009,2000s,Romance,Blockbuster,105000000.0,267045765.0,154.3293,7.2,85.0,74.0
Armored,2009,2000s,Action,High,20000000.0,22942221.0,14.711105,5.7,40.0,31.0
Invaders from Mars,1986,1980s,Mystery,Mid,12000000.0,4884663.0,-59.294475000000006,5.5,82.0,56.0
Did You Hear About the Morgans?,2009,2000s,Comedy,Blockbuster,58000000.0,85280250.0,47.03491379310345,4.9,11.0,27.0
Avatar,2009,2000s,Action,Blockbuster,237000000.0,2787965087.0,1076.356576793249,7.9,82.0,82.0
Nine,2009,2000s,Drama,Blockbuster,80000000.0,53825515.0,-32.71810625,5.8,39.0,37.0
It's Complicated,2009,2000s,Comedy,Blockbuster,85000000.0,219103655.0,157.76900588235293,6.6,58.0,60.0
Sherlock Holmes,2009,2000s,Action,Blockbuster,90000000.0,524028679.0,482.2540877777778,7.5,69.0,77.0
Crazy Heart,2009,2000s,Drama,Mid,7000000.0,39462438.0,463.7491142857143,7.2,90.0,76.0
Alvin and the Chipmunks: The Squeakquel,2009,2000s,Comedy,Blockbuster,75000000.0,443140005.0,490.85334,4.6,20.0,49.0
Guru,2007,2000s,Drama,Low,4700000.0,31000000.0,559.5744680851064,7.7,83.0,84.0
Beyond a Reasonable Doubt,2009,2000s,Crime,High,25000000.0,4388563.0,-82.445748,5.8,7.0,36.0
Trapeze,1956,1950s,Drama,Low,4000000.0,14400000.0,260.0,6.8,67.0,64.0
Pontypool,2009,2000s,Horror,Low,1500000.0,32000.0,-97.86666666666667,6.5,84.0,68.0
The Matriarch,2007,2000s,Comedy,Low,1400000.0,435000.0,-68.92857142857143,5.5,,
Daybreakers,2009,2000s,Fantasy,High,20000000.0,51416464.0,157.08232,6.4,69.0,49.0
Hachi: A Dog's Tale,2009,2000s,Drama,Mid,16000000.0,47801389.0,198.75868125,8.1,64.0,84.0
Leap Year,2010,2010s,Romance,High,19000000.0,29922472.0,57.4866947368421,6.5,23.0,47.0
The Book of Eli,2010,2010s,Action,Blockbuster,80000000.0,157107755.0,96.38469375,6.8,47.0,64.0
The Girl Who Kicked the Hornet's Nest,2009,2000s,Action,Low,4000000.0,43498108.0,987.4527,7.3,54.0,67.0
Horsemen,2009,2000s,Crime,High,20000000.0,1017401.0,-94.912995,5.5,33.0,25.0
Soul Kitchen,2009,2000s,Drama,Low,5000000.0,17872796.0,257.45592,7.2,73.0,74.0
The House on Sorority Row,1983,1980s,Horror,Low,425000.0,10604986.0,2395.290823529412,5.8,50.0,34.0
The Other Man,2008,2000s,Drama,Mid,15000000.0,1143856.0,-92.37429333333334,5.4,15.0,18.0
Asterix at the Olympic Games,2008,2000s,Fantasy,Blockbuster,97250400.0,132900000.0,36.657535598825305,5.2,,
3 Idiots,2009,2000s,Drama,Mid,9000000.0,70000000.0,677.7777777777777,8.4,,
Legion,2010,2010s,Horror,High,26000000.0,67918658.0,161.2256076923077,5.3,19.0,31.0
Beautiful,2009,2000s,Drama,Low,1500000.0,56000.0,-96.26666666666668,5.2,16.0,55.0
Four Eyed Monsters,2005,2000s,Comedy,Low,250000.0,245000.0,-2.0,6.2,,
Extraordinary Measures,2010,2010s,Drama,High,31000000.0,15134293.0,-51.1797,6.4,29.0,53.0
The Red Baron,2008,2000s,Action,High,18000000.0,40239.0,-99.77645,6.3,,
Edge of Darkness,2010,2010s,Crime,Blockbuster,80000000.0,74901339.0,-6.37332625,6.6,55.0,49.0
I Love You Phillip Morris,2009,2000s,Comedy,Mid,13000000.0,10652035.0,-18.06126923076923,6.6,71.0,61.0
Fish Tank,2009,2000s,Drama,Low,3000000.0,2357852.0,-21.404933333333336,7.3,91.0,79.0
The Wounds,1998,1990s,War,Low,10000.0,150000.0,1400.0,8.0,,
Valentine's Day,2010,2010s,Comedy,Blockbuster,52000000.0,216485654.0,316.3185653846154,5.8,18.0,47.0
Shutter Island,2010,2010s,Drama,Blockbuster,80000000.0,294804195.0,268.50524375,8.2,68.0,76.0
Ondine,2009,2000s,Drama,Mid,12000000.0,1644755.0,-86.29370833333333,6.8,68.0,60.0
Percy Jackson & the Olympians: The Lightning Thief,2010,2010s,Adventure,Blockbuster,95000000.0,226497209.0,138.4181147368421,5.9,49.0,53.0
Cop Out,2010,2010s,Action,High,30000000.0,55583804.0,85.27934666666667,5.5,19.0,40.0
The Ghost Writer,2010,2010s,Thriller,Blockbuster,45000000.0,60222298.0,33.82732888888889,7.2,84.0,70.0
The Spy Next Door,2010,2010s,Action,High,28000000.0,45236543.0,61.55908214285715,5.5,12.0,40.0
I Hope They Serve Beer in Hell,2009,2000s,Comedy,Mid,7000000.0,1429299.0,-79.58144285714286,5.2,20.0,42.0
Agora,2009,2000s,Adventure,Blockbuster,70000000.0,39041505.0,-44.22642142857143,7.1,53.0,65.0
Singh Is Kinng,2008,2000s,Action,Mid,14000000.0,25000000.0,78.57142857142857,5.8,,
District 13: Ultimatum,2009,2000s,Action,Mid,15000000.0,8786375.0,-41.424166666666665,6.5,,
The Crazies,2010,2010s,Mystery,High,20000000.0,54956140.0,174.78070000000002,6.5,70.0,56.0
Dear John,2010,2010s,Drama,High,25000000.0,114977104.0,359.908416,6.3,29.0,55.0
Tooth Fairy,2010,2010s,Comedy,Blockbuster,48000000.0,112462508.0,134.29689166666668,5.1,,
[REC]²,2009,2000s,Thriller,Low,5600000.0,18469680.0,229.81571428571428,6.5,,
My Name Is Khan,2010,2010s,Drama,Mid,12000000.0,42345360.0,252.878,7.9,85.0,83.0
Alice in Wonderland,2010,2010s,Family,Blockbuster,200000000.0,1025491110.0,412.745555,6.4,81.0,78.0
Green Zone,2010,2010s,War,Blockbuster,100000000.0,94882889.0,-5.117111,6.8,53.0,57.0
The Fall of the Roman Empire,1964,1960s,War,High,19000000.0,4750000.0,-75.0,6.7,100.0,69.0
From Paris with Love,2010,2010s,Action,Blockbuster,52000000.0,52826594.0,1.5896038461538462,6.4,38.0,54.0
Brooklyn's Finest,2009,2000s,Crime,Mid,17000000.0,29536299.0,73.74293529411766,6.7,45.0,46.0
She's Out of My League,2010,2010s,Comedy,High,20000000.0,49779728.0,148.89864,6.4,58.0,59.0
Harry Brown,2009,2000s,Thriller,Mid,7300000.0,10329747.0,41.50338356164384,7.2,63.0,75.0
Remember Me,2010,2010s,Drama,Mid,16000000.0,56032889.0,250.20555625,7.1,27.0,69.0
Our Family Wedding,2010,2010s,Comedy,Mid,14000000.0,21409028.0,52.92162857142857,5.1,15.0,48.0
The Bounty Hunter,2010,2010s,Action,High,40000000.0,136000000.0,240.0,5.6,12.0,51.0
Leaves of Grass,2009,2000s,Comedy,Mid,9000000.0,985117.0,-89.05425555555556,6.4,61.0,49.0
Women in Trouble,2009,2000s,Comedy,Low,3000000.0,18097.0,-99.39676666666666,5.6,29.0,27.0
The Card Player,2004,2000s,Horror,Low,2600000.0,1479042.0,-43.11376923076924,4.9,,
The Egyptian,1954,1950s,History,Low,5000000.0,15000000.0,200.0,6.5,,
Repo Men,2010,2010s,Action,High,32000000.0,18409891.0,-42.469090625,6.3,22.0,41.0
Case 39,2009,2000s,Horror,High,27000000.0,29000000.0,7.4074074074074066,6.2,21.0,39.0
Hot Tub Time Machine,2010,2010s,Science Fiction,High,36000000.0,64572262.0,79.36739444444444,6.4,64.0,56.0
Chloe,2009,2000s,Drama,Mid,15000000.0,8459458.0,-43.603613333333335,6.2,51.0,39.0
Flesh and the Devil,1926,1920s,Drama,Low,373000.0,658000.0,76.40750670241286,7.6,93.0,84.0
Mother,2009,2000s,Crime,Low,5000000.0,17112713.0,242.25426,7.7,88.0,75.0
How to Train Your Dragon,2010,2010s,Fantasy,Blockbuster,165000000.0,494878759.0,199.9265206060606,8.1,99.0,91.0
Universal Soldier: Regeneration,2009,2000s,Adventure,Mid,14000000.0,875386.0,-93.74724285714284,5.3,,
Micmacs,2009,2000s,Action,High,33000000.0,14000000.0,-57.57575757575758,7.1,,
Clash of the Titans,2010,2010s,Adventure,Blockbuster,125000000.0,232713139.0,86.17051119999999,5.8,68.0,70.0
Defendor,2009,2000s,Drama,Low,3500000.0,44462.0,-98.72965714285714,6.7,74.0,58.0
Kick-Ass,2010,2010s,Action,High,28000000.0,96188903.0,243.53179642857145,7.6,76.0,81.0
Date Night,2010,2010s,Comedy,Blockbuster,55000000.0,152263880.0,176.84341818181818,6.3,66.0,55.0
After.Life,2010,2010s,Drama,Low,4500000.0,3606395.0,-19.85788888888889,5.9,25.0,33.0
The Runaways,2010,2010s,Drama,Mid,10000000.0,2995811.0,-70.04189,6.5,69.0,55.0
Razorback,1984,1980s,Horror,Low,5500000.0,801000.0,-85.43636363636364,6.0,58.0,48.0
Death at a Funeral,2010,2010s,Comedy,High,21000000.0,49050886.0,133.5756476190476,5.7,62.0,79.0
Valhalla Rising,2009,2000s,Adventure,Low,5641880.0,30638.0,-99.45695406495707,6.0,73.0,49.0
Diary of a Wimpy Kid,2010,2010s,Comedy,Mid,15000000.0,75700498.0,404.66998666666666,6.3,54.0,49.0
City of Life and Death,2009,2000s,Drama,Mid,12000000.0,10652498.0,-11.229183333333332,7.7,92.0,86.0
The Losers,2010,2010s,Action,High,25000000.0,23580000.0,-5.680000000000001,6.2,48.0,54.0
Solomon Kane,2009,2000s,Adventure,Blockbuster,45000000.0,7810000.0,-82.64444444444445,6.1,67.0,49.0
Iron Man 2,2010,2010s,Adventure,Blockbuster,200000000.0,623933331.0,211.9666655,6.9,72.0,71.0
Marmaduke,2010,2010s,Family,Blockbuster,50000000.0,83761844.0,67.523688,4.4,9.0,42.0
MacGruber,2010,2010s,Action,Mid,10000000.0,6110000.0,-38.9,5.6,48.0,35.0
Ca$h,2010,2010s,Crime,Mid,7000000.0,46488.0,-99.33588571428572,5.9,,
A Nightmare on Elm Street,2010,2010s,Horror,High,35000000.0,115664037.0,230.4686771428572,5.2,94.0,83.0
Four Lions,2010,2010s,Comedy,Low,967686.0,4270000.0,341.2588380941752,7.3,82.0,80.0
Furry Vengeance,2010,2010s,Comedy,High,35000000.0,39340177.0,12.400505714285714,3.9,7.0,32.0
The Disappearance of Alice Creed,2009,2000s,Crime,Low,800000.0,867714.0,8.46425,6.7,81.0,67.0
Robin Hood,2010,2010s,Action,Blockbuster,200000000.0,310669540.0,55.33477,6.6,54.0,81.0
Halo Legends,2010,2010s,Action,Low,100000.0,1000000.0,900.0,6.5,,
Blue Valentine,2010,2010s,Drama,Low,3500000.0,16566240.0,373.3211428571428,7.3,87.0,77.0
Killers,2010,2010s,Action,Blockbuster,75000000.0,98159963.0,30.879950666666662,5.5,10.0,41.0
Buried,2010,2010s,Drama,Low,1987650.0,19152480.0,863.5740698815184,7.0,87.0,65.0
Prince of Persia: The Sands of Time,2010,2010s,Adventure,Blockbuster,150000000.0,335154643.0,123.43642866666669,6.5,37.0,58.0
Sex and the City 2,2010,2010s,Comedy,Blockbuster,100000000.0,288347692.0,188.347692,4.6,16.0,43.0
Get Him to the Greek,2010,2010s,Comedy,High,40000000.0,90029656.0,125.07414,6.3,72.0,62.0
The Back-Up Plan,2010,2010s,Comedy,High,35000000.0,77477008.0,121.36288,5.3,18.0,46.0
How About You...,2007,2000s,Comedy,Mid,9000000.0,706000.0,-92.15555555555557,6.6,,
Jonah Hex,2010,2010s,Action,Blockbuster,47000000.0,10539000.0,-77.57659574468086,4.7,12.0,20.0
The A-Team,2010,2010s,Thriller,Blockbuster,110000000.0,177238796.0,61.12617818181818,6.7,48.0,66.0
Toy Story 3,2010,2010s,Animation,Blockbuster,200000000.0,1066969703.0,433.4848515,8.3,98.0,89.0
Winter's Bone,2010,2010s,Drama,Low,2000000.0,13831503.0,591.57515,7.1,94.0,76.0
Shrek Forever After,2010,2010s,Comedy,Blockbuster,165000000.0,752600867.0,356.1217375757576,6.3,58.0,54.0
The Twilight Saga: Eclipse,2010,2010s,Adventure,Blockbuster,68000000.0,698491347.0,927.1931573529412,5.1,48.0,60.0
Solitary Man,2009,2000s,Comedy,Mid,15000000.0,5024782.0,-66.50145333333334,6.3,79.0,50.0
Enter the Void,2009,2000s,Fantasy,Mid,13000000.0,754249.0,-94.19808461538462,7.2,,
The Last Airbender,2010,2010s,Action,Blockbuster,150000000.0,318502923.0,112.335282,3.9,5.0,30.0
Predators,2010,2010s,Action,High,40000000.0,126248813.0,215.6220325,6.4,64.0,52.0
Despicable Me,2010,2010s,Animation,Blockbuster,69000000.0,543513985.0,687.7014275362319,7.6,81.0,82.0
Inception,2010,2010s,Action,Blockbuster,160000000.0,825532764.0,415.9579775,8.8,87.0,91.0
Grown Ups,2010,2010s,Comedy,Blockbuster,80000000.0,271430189.0,239.28773625,6.0,11.0,62.0
The Sorcerer's Apprentice,2010,2010s,Fantasy,Blockbuster,150000000.0,215283742.0,43.52249466666667,6.1,40.0,53.0
Knight and Day,2010,2010s,Action,Blockbuster,117000000.0,261930431.0,123.87216324786326,6.3,,
The Karate Kid,2010,2010s,Action,High,40000000.0,357852395.0,794.6309875,6.3,89.0,82.0
The Yellow Handkerchief,2008,2000s,Drama,Mid,15000000.0,317000.0,-97.88666666666668,6.7,,
The Kids Are All Right,2010,2010s,Comedy,Low,3500000.0,34705850.0,891.5957142857144,7.0,92.0,74.0
Salt,2010,2010s,Action,Blockbuster,110000000.0,293329073.0,166.66279363636363,6.5,62.0,59.0
Mr. Nobody,2009,2000s,Science Fiction,Blockbuster,47000000.0,3547209.0,-92.45274680851064,7.7,68.0,76.0
The Silver Chalice,1954,1950s,Drama,Low,4500000.0,3200000.0,-28.88888888888889,4.6,13.0,19.0
Dinner for Schmucks,2010,2010s,Comedy,Blockbuster,69000000.0,86387857.0,25.19979275362319,5.9,42.0,42.0
Nanny McPhee and the Big Bang,2010,2010s,Comedy,High,35000000.0,93246388.0,166.41825142857144,6.1,,
Ip Man 2,2010,2010s,Action,Mid,12902809.0,36000000.0,179.0090126886324,7.5,,
Charlie St. Cloud,2010,2010s,Drama,Blockbuster,44000000.0,48190704.0,9.524327272727271,6.4,28.0,60.0
The Other Guys,2010,2010s,Action,Blockbuster,100000000.0,170432927.0,70.432927,6.7,78.0,60.0
Invisible Agent,1942,1940s,Adventure,Low,322000.0,1040000.0,222.9813664596273,5.9,,
The Expendables,2010,2010s,Thriller,Blockbuster,80000000.0,274470394.0,243.0879925,6.4,42.0,64.0
Scott Pilgrim vs. the World,2010,2010s,Action,Blockbuster,60000000.0,47664559.0,-20.55906833333333,7.5,82.0,84.0
Animal Kingdom,2010,2010s,Drama,Low,5000000.0,1000000.0,-80.0,7.2,94.0,83.0
Centurion,2010,2010s,Adventure,Mid,12000000.0,6814789.0,-43.21009166666666,6.3,61.0,43.0
Life During Wartime,2009,2000s,Comedy,Low,4500000.0,744816.0,-83.44853333333333,6.4,68.0,48.0
Piranha 3D,2010,2010s,Comedy,High,24000000.0,83188165.0,246.61735416666664,5.5,,
The Extraordinary Adventures of Adèle Blanc-Sec,2010,2010s,Fantasy,High,25000000.0,34100000.0,36.4,6.3,,
The Joneses,2009,2000s,Comedy,Mid,10000000.0,7022728.0,-29.772720000000003,6.4,63.0,47.0
Gaby: A True Story,1987,1980s,Drama,Low,5000000.0,125400.0,-97.492,6.7,,
TEKKEN,2010,2010s,Crime,High,30000000.0,967000.0,-96.77666666666669,4.8,0.0,31.0
Narco,2004,2000s,Comedy,Low,823258.0,823258.0,0.0,6.2,,
The Last Exorcism,2010,2010s,Horror,Low,1800000.0,67738090.0,3663.227222222222,5.7,72.0,35.0
The American,2010,2010s,Crime,High,20000000.0,65464324.0,227.32162,6.3,65.0,39.0
The Switch,2010,2010s,Comedy,High,19000000.0,49830607.0,162.26635263157897,6.1,52.0,44.0
Machete,2010,2010s,Action,High,20000000.0,31327899.0,56.639495,6.6,72.0,63.0
Step Up 3D,2010,2010s,Drama,High,30000000.0,159291809.0,430.9726966666667,6.2,,
Going the Distance,2010,2010s,Comedy,High,32000000.0,42045846.0,31.39326875,6.3,0.0,61.0
Vampires Suck,2010,2010s,Horror,High,20000000.0,80547866.0,302.73933,3.5,4.0,29.0
Resident Evil: Afterlife,2010,2010s,Action,Blockbuster,60000000.0,300228084.0,400.38014,5.8,22.0,48.0
The Social Network,2010,2010s,Drama,High,40000000.0,224920315.0,462.3007875,7.8,96.0,86.0
The Town,2010,2010s,Crime,High,37000000.0,154026136.0,316.28685405405406,7.5,93.0,85.0
Easy A,2010,2010s,Comedy,Mid,8000000.0,74952305.0,836.9038125,7.0,85.0,77.0
Eat Pray Love,2010,2010s,Drama,Blockbuster,60000000.0,204594016.0,240.99002666666664,5.9,36.0,42.0
Howl,2010,2010s,Drama,Low,30000.0,617000.0,1956.6666666666667,6.6,63.0,58.0
Flipped,2010,2010s,Romance,Mid,14000000.0,1755212.0,-87.46277142857143,7.7,54.0,78.0
Wall Street: Money Never Sleeps,2010,2010s,Drama,Blockbuster,70000000.0,134748021.0,92.49717285714286,6.2,55.0,44.0
Legend of the Guardians: The Owls of Ga'Hoole,2010,2010s,Animation,Blockbuster,80000000.0,140073390.0,75.0917375,6.9,52.0,63.0
Cats & Dogs 2 : The Revenge of Kitty Galore,2010,2010s,Comedy,Blockbuster,85000000.0,112483764.0,32.33384,4.4,,
It's Kind of a Funny Story,2010,2010s,Comedy,Mid,8000000.0,6491240.0,-18.8595,7.1,57.0,66.0
Saint John of Las Vegas,2009,2000s,Comedy,Low,3800000.0,111731.0,-97.0597105263158,5.6,23.0,28.0
Let Me In,2010,2010s,Drama,High,20000000.0,24145613.0,20.728065,7.1,88.0,76.0
Secretariat,2010,2010s,Drama,High,35000000.0,60251371.0,72.14677428571429,7.2,63.0,76.0
Devil,2010,2010s,Horror,Mid,10000000.0,33583175.0,235.83175,6.3,50.0,43.0
You Again,2010,2010s,Comedy,High,20000000.0,32005248.0,60.02624,5.8,19.0,43.0
Life As We Know It,2010,2010s,Comedy,High,38000000.0,105610124.0,177.92137894736842,6.5,29.0,61.0
Catfish,2010,2010s,Documentary,Low,30000.0,3045943.0,10053.143333333332,7.1,80.0,71.0
Stone,2010,2010s,Drama,High,22000000.0,9479718.0,-56.91037272727273,5.4,50.0,21.0
Inside Job,2010,2010s,Documentary,Low,2000000.0,7871522.0,293.5761,8.2,98.0,91.0
Monsters,2010,2010s,Drama,Low,500000.0,4242978.0,748.5956,6.3,73.0,53.0
Conviction,2010,2010s,Drama,Mid,12500000.0,6732980.0,-46.13616,7.2,67.0,70.0
Dirty Girl,2010,2010s,Drama,Low,4000000.0,55125.0,-98.621875,6.4,33.0,53.0
Never Let Me Go,2010,2010s,Drama,Mid,15000000.0,9455232.0,-36.96512,7.1,70.0,70.0
The Illusionist,2010,2010s,Animation,High,18000000.0,5602431.0,-68.87538333333333,7.4,74.0,83.0
PEEPLI [Live],2010,2010s,Drama,Low,2270000.0,6900000.0,203.9647577092511,7.4,,
Rubber,2010,2010s,Comedy,Low,500000.0,98017.0,-80.39659999999999,5.7,69.0,46.0
Shelter,2010,2010s,Horror,High,22000000.0,851517.0,-96.12946818181818,6.0,60.0,85.0
Jackass 3D,2010,2010s,Comedy,High,20000000.0,117224271.0,486.1213550000001,7.0,,
RED,2010,2010s,Action,Blockbuster,58000000.0,71664962.0,23.56027931034483,7.0,70.0,68.0
My Soul to Take,2010,2010s,Drama,High,25000000.0,19829957.0,-20.680172,4.8,10.0,26.0
Whisper,2007,2000s,Crime,Mid,12000000.0,5285197.0,-55.95669166666667,5.7,,
Heartbreaker,2010,2010s,Romance,Mid,8700000.0,47355187.0,444.3124942528736,6.7,,
Of Gods and Men,2010,2010s,Drama,Low,4000000.0,41424067.0,935.601675,7.2,93.0,75.0
Paranormal Activity 2,2010,2010s,Horror,Low,3000000.0,177512032.0,5817.067733333333,5.7,58.0,48.0
Hereafter,2010,2010s,Drama,Blockbuster,50000000.0,105197635.0,110.39527,6.5,47.0,38.0
Saw: The Final Chapter,2010,2010s,Horror,High,20000000.0,136150434.0,580.75217,5.5,,
Due Date,2010,2010s,Comedy,Blockbuster,65000000.0,211780824.0,225.81665230769232,6.5,39.0,52.0
127 Hours,2010,2010s,Adventure,High,18000000.0,35692920.0,98.294,7.5,93.0,85.0
Megamind,2010,2010s,Animation,Blockbuster,130000000.0,321887208.0,147.60554461538462,7.3,72.0,72.0
Black Swan,2010,2010s,Drama,Mid,13000000.0,327803731.0,2421.5671615384613,8.0,85.0,84.0
Fair Game,2010,2010s,Drama,High,22000000.0,24188922.0,9.949645454545454,6.8,12.0,14.0
Unstoppable,2010,2010s,Action,Blockbuster,100000000.0,167805466.0,67.80546600000001,6.8,87.0,72.0
Morning Glory,2010,2010s,Comedy,High,40000000.0,58785180.0,46.96295,6.5,64.0,45.0
The Next Three Days,2010,2010s,Romance,High,30000000.0,51148651.0,70.49550333333333,7.3,50.0,66.0
Wild Target,2010,2010s,Action,Mid,8000000.0,3453043.0,-56.8369625,6.7,33.0,56.0
Carlos,2010,2010s,Crime,High,18000000.0,871279.0,-95.15956111111112,7.6,93.0,85.0
Harry Potter and the Deathly Hallows: Part 1,2010,2010s,Adventure,Blockbuster,250000000.0,954305868.0,281.7223472,7.7,,
The King's Speech,2010,2010s,Drama,Mid,15000000.0,414211549.0,2661.4103266666666,8.0,94.0,92.0
Tangled,2010,2010s,Animation,Blockbuster,260000000.0,591794936.0,127.61343692307692,7.7,89.0,87.0
The Fighter,2010,2010s,Drama,High,25000000.0,93617009.0,274.468036,7.8,90.0,89.0
The Romantics,2010,2010s,Comedy,Low,4500000.0,123820.0,-97.24844444444444,5.0,14.0,21.0
The Extra Man,2010,2010s,Comedy,Mid,7000000.0,453079.0,-93.52744285714286,5.8,42.0,37.0
Casino Jack,2010,2010s,Crime,Mid,12500000.0,1083683.0,-91.330536,6.2,40.0,34.0
London Boulevard,2010,2010s,Drama,High,25000000.0,4644108.0,-81.423568,6.2,38.0,30.0
Skyline,2010,2010s,Science Fiction,Mid,10000000.0,66821036.0,568.2103599999999,4.5,16.0,18.0
Beastly,2011,2010s,Drama,Mid,17000000.0,43165571.0,153.91512352941177,5.5,21.0,48.0
Love & Other Drugs,2010,2010s,Drama,High,30000000.0,102820008.0,242.73336,6.7,,
The Chronicles of Narnia: The Voyage of the Dawn Treader,2010,2010s,Adventure,Blockbuster,155000000.0,415686217.0,168.18465612903225,6.3,50.0,58.0
Tiny Furniture,2010,2010s,Romance,Low,65000.0,416498.0,540.7661538461539,6.2,80.0,54.0
The Tourist,2010,2010s,Action,Blockbuster,100000000.0,278731369.0,178.731369,6.0,20.0,42.0
Hatchet II,2010,2010s,Horror,Low,2500000.0,52604.0,-97.89584,5.5,42.0,35.0
"Tomorrow, When the War Began",2010,2010s,Action,High,27000000.0,16504936.0,-38.87060740740741,6.1,,
True Grit,2010,2010s,Drama,High,38000000.0,252276927.0,563.88665,7.6,89.0,84.0
TRON: Legacy,2010,2010s,Adventure,Blockbuster,170000000.0,400062763.0,135.3310370588235,6.8,,
Another Year,2010,2010s,Comedy,Mid,8000000.0,18124262.0,126.553275,7.4,93.0,74.0
How Do You Know,2010,2010s,Comedy,Blockbuster,120000000.0,48668907.0,-59.442577500000006,5.4,31.0,24.0
Barney's Version,2010,2010s,Comedy,High,30000000.0,8454301.0,-71.81899666666666,7.3,78.0,78.0
The Company Men,2010,2010s,Drama,Mid,15000000.0,4882577.0,-67.44948666666667,6.7,67.0,55.0
Faster,2010,2010s,Crime,High,24000000.0,23081726.0,-3.8261416666666666,6.4,53.0,90.0
Rabbit Hole,2010,2010s,Drama,Low,5000000.0,5129058.0,2.58116,6.9,87.0,72.0
Little Fockers,2010,2010s,Comedy,Blockbuster,100000000.0,310650585.0,210.650585,5.5,9.0,34.0
Gulliver's Travels,2010,2010s,Comedy,Blockbuster,112000000.0,237382724.0,111.94886071428571,4.9,69.0,53.0
The Last Circus,2010,2010s,Action,Mid,7000000.0,3218666.0,-54.01905714285714,6.5,77.0,64.0
Mao's Last Dancer,2009,2000s,Drama,High,25000000.0,20719451.0,-17.122196000000002,7.3,56.0,76.0
Burlesque,2010,2010s,Drama,Blockbuster,55000000.0,89519773.0,62.76322363636364,6.4,37.0,64.0
The Secret World of Arrietty,2010,2010s,Fantasy,High,37000000.0,145570827.0,293.43466756756754,7.6,95.0,85.0
Tucker and Dale vs Evil,2010,2010s,Comedy,Low,5000000.0,5476793.0,9.53586,7.5,,
Yogi Bear,2010,2010s,Comedy,Blockbuster,80000000.0,201584141.0,151.98017625,4.6,13.0,34.0
Waste Land,2010,2010s,Documentary,Low,1500000.0,187716.0,-87.48559999999999,7.8,100.0,90.0
Last Night,2010,2010s,Drama,Mid,7000000.0,7644937.0,9.213385714285714,6.5,84.0,85.0
The Green Hornet,2011,2010s,Action,Blockbuster,120000000.0,227817248.0,89.84770666666667,5.8,45.0,43.0
The Way Back,2010,2010s,Drama,High,30000000.0,20348249.0,-32.17250333333334,7.3,74.0,72.0
The Warrior's Way,2010,2010s,Adventure,Blockbuster,42000000.0,11087569.0,-73.60102619047619,6.2,31.0,47.0
Ghajini,2008,2000s,Thriller,Mid,9100000.0,76000000.0,735.1648351648352,7.4,50.0,71.0
Season of the Witch,2011,2010s,Adventure,High,40000000.0,88100000.0,120.25,5.4,11.0,30.0
It's Alive,2008,2000s,Horror,Mid,11000000.0,15500000.0,40.909090909090914,3.5,74.0,40.0
Cowboys & Aliens,2011,2010s,Action,Blockbuster,163000000.0,174822325.0,7.252960122699386,6.0,44.0,43.0
The Dilemma,2011,2010s,Comedy,Blockbuster,70000000.0,67112664.0,-4.124765714285714,5.3,25.0,29.0
The Gorgeous Hussy,1936,1930s,Drama,Low,1119000.0,2019000.0,80.42895442359249,5.6,,
Limitless,2011,2010s,Thriller,High,27000000.0,161849455.0,499.4424259259259,7.4,69.0,74.0
I Spit on Your Grave,2010,2010s,Thriller,Low,2000000.0,572809.0,-71.35955,6.2,32.0,47.0
No Strings Attached,2011,2010s,Comedy,High,25000000.0,147780440.0,491.12176,6.2,49.0,51.0
The Lincoln Lawyer,2011,2010s,Crime,High,40000000.0,85412898.0,113.532245,7.3,83.0,82.0
The Rite,2011,2010s,Drama,High,37000000.0,96047633.0,159.58819729729728,6.0,21.0,40.0
Lucky Lady,1975,1970s,,Mid,13000000.0,24441725.0,88.01326923076923,5.3,,
Country Strong,2010,2010s,Drama,Mid,15000000.0,20529194.0,36.861293333333336,6.3,22.0,53.0
Unknown,2011,2010s,Action,High,30000000.0,130786397.0,335.95465666666666,6.8,54.0,55.0
Sanctum,2011,2010s,Action,High,30000000.0,108609310.0,262.0310333333333,5.9,29.0,37.0
Gnomeo & Juliet,2011,2010s,Animation,High,36000000.0,189712432.0,426.97897777777774,5.9,,
Burke & Hare,2010,2010s,Comedy,Mid,10000000.0,4349187.0,-56.50813,6.1,,
Vanishing on 7th Street,2010,2010s,Mystery,Mid,10000000.0,1068682.0,-89.31318,4.9,48.0,21.0
Paul,2011,2010s,Adventure,High,40000000.0,97552050.0,143.880125,6.9,70.0,62.0
At Long Last Love,1975,1970s,Comedy,Low,6000000.0,1500000.0,-75.0,5.4,,
Drive Angry,2011,2010s,Fantasy,Blockbuster,50000000.0,28931401.0,-42.137198,5.4,47.0,37.0
Rango,2011,2010s,Animation,Blockbuster,135000000.0,245724603.0,82.01822444444444,7.3,88.0,69.0
Take Me Home Tonight,2011,2010s,Comedy,High,19000000.0,6928068.0,-63.53648421052631,6.3,28.0,42.0
The Adjustment Bureau,2011,2010s,Science Fiction,Blockbuster,50200000.0,127869379.0,154.71987848605576,7.0,71.0,67.0
The Mechanic,2011,2010s,Action,High,40000000.0,51070807.0,27.6770175,6.5,25.0,66.0
Hall Pass,2011,2010s,Comedy,High,36000000.0,83160734.0,131.00203888888888,5.9,33.0,40.0
The Eagle,2011,2010s,Adventure,High,25000000.0,27122040.0,8.48816,6.2,39.0,41.0
I Am Number Four,2011,2010s,Action,Blockbuster,50000000.0,144492830.0,188.98566,6.1,33.0,57.0
71: Into the Fire,2010,2010s,War,Mid,10400000.0,20967660.0,101.6121153846154,7.3,,
Battle: Los Angeles,2011,2010s,Action,Blockbuster,70000000.0,202466756.0,189.2382228571429,5.7,36.0,48.0
Mars Needs Moms,2011,2010s,Adventure,Blockbuster,150000000.0,38992758.0,-74.004828,5.4,37.0,40.0
Black Lightning,2009,2000s,Action,Mid,15000000.0,21500000.0,43.333333333333336,5.6,,
Just Go with It,2011,2010s,Romance,Blockbuster,80000000.0,214918407.0,168.64800875,6.4,19.0,59.0
Red Riding Hood,2011,2010s,Fantasy,Blockbuster,42000000.0,89162162.0,112.2908619047619,5.4,10.0,39.0
"Big Mommas: Like Father, Like Son",2011,2010s,Crime,High,32000000.0,83615414.0,161.29816875,4.5,5.0,58.0
Super,2010,2010s,Comedy,Low,2500000.0,324138.0,-87.03448,6.7,49.0,56.0
Troll Hunter,2010,2010s,Fantasy,Low,3500000.0,4159678.0,18.847942857142858,6.9,,
Source Code,2011,2010s,Thriller,High,32000000.0,147332697.0,360.414678125,7.5,92.0,82.0
Sucker Punch,2011,2010s,Action,Blockbuster,82000000.0,89792502.0,9.503051219512196,6.1,22.0,47.0
Chalet Girl,2011,2010s,Comedy,Mid,8000000.0,1749457.0,-78.1317875,6.3,77.0,53.0
Black Bread,2010,2010s,Drama,Low,6000000.0,3770657.0,-37.15571666666666,6.9,,
Insidious,2010,2010s,Horror,Low,1500000.0,97009150.0,6367.276666666667,6.8,66.0,62.0
Hobo with a Shotgun,2011,2010s,Action,Low,3000000.0,748453.0,-75.05156666666667,6.1,66.0,57.0
Win Win,2011,2010s,Drama,Mid,10831173.0,10654385.0,-1.6322147194952938,7.1,94.0,85.0
The Time That Remains,2009,2000s,Drama,Mid,6500000.0,753808.0,-88.40295384615385,7.1,85.0,68.0
Diary of a Wimpy Kid: Rodrick Rules,2011,2010s,Family,High,21000000.0,72417394.0,244.84473333333327,6.6,,
Henry's Crime,2010,2010s,Crime,Mid,12000000.0,204940.0,-98.29216666666667,5.9,42.0,25.0
Hop,2011,2010s,Animation,Blockbuster,63000000.0,183953723.0,191.9900365079365,5.4,24.0,53.0
The Nutcracker,1993,1990s,Family,High,19000000.0,2119994.0,-88.84213684210526,5.9,50.0,63.0
13 Assassins,2010,2010s,Adventure,Low,6000000.0,17555141.0,192.5856833333333,7.5,95.0,88.0
Hanna,2011,2010s,Action,High,30000000.0,63782078.0,112.60692666666668,6.7,71.0,66.0
New Kids Turbo,2010,2010s,Action,Low,1500000.0,8786756.0,485.7837333333333,6.4,,
Beyond,2010,2010s,Drama,Low,3000000.0,4800080.0,60.00266666666667,7.0,,
Arthur,2011,2010s,Comedy,High,40000000.0,45735397.0,14.3384925,5.7,88.0,77.0
Scream 4,2011,2010s,Horror,High,40000000.0,97138686.0,142.846715,6.2,60.0,55.0
Rio,2011,2010s,Animation,Blockbuster,90000000.0,484635760.0,438.4841777777778,6.9,72.0,71.0
The Princess of Montpensier,2010,2010s,Action,Mid,14734000.0,6775121.0,-54.01709651147007,6.5,,
Melancholia,2011,2010s,Drama,Mid,7400000.0,21817298.0,194.82835135135136,7.1,79.0,67.0
Thor,2011,2010s,Adventure,Blockbuster,150000000.0,449326618.0,199.55107866666663,7.0,77.0,76.0
Atlas Shrugged Part I,2011,2010s,Drama,Mid,15000000.0,4627375.0,-69.15083333333332,5.6,,
Welcome to the South,2010,2010s,Comedy,Low,4000000.0,65584679.0,1539.616975,6.6,,
Water for Elephants,2011,2010s,Drama,High,38000000.0,114156230.0,200.41113157894736,6.9,60.0,70.0
Fast Five,2011,2010s,Action,Blockbuster,125000000.0,626137675.0,400.91014,7.3,77.0,83.0
The Robber,2010,2010s,Drama,Low,3900000.0,208475.0,-94.65448717948718,6.7,79.0,66.0
Incendies,2010,2010s,Drama,Mid,6800000.0,7103838.0,4.468205882352941,8.3,93.0,92.0
Soul Surfer,2011,2010s,Family,High,18000000.0,47088990.0,161.6055,7.0,45.0,75.0
Something Borrowed,2011,2010s,Comedy,High,35000000.0,59901913.0,71.14832285714286,5.8,15.0,48.0
Bridesmaids,2011,2010s,Comedy,High,32500000.0,288383523.0,787.3339169230769,6.8,90.0,76.0
Priest,2011,2010s,Action,Blockbuster,60000000.0,78309131.0,30.515218333333333,5.7,15.0,46.0
Eye of the Dolphin,2007,2000s,Drama,Low,2500000.0,71904.0,-97.12384,5.6,29.0,58.0
The Beaver,2011,2010s,Drama,High,21000000.0,970816.0,-95.37706666666666,6.6,62.0,55.0
Pirates of the Caribbean: On Stranger Tides,2011,2010s,Adventure,Blockbuster,380000000.0,1045713802.0,175.18784263157897,6.6,33.0,54.0
Midnight in Paris,2011,2010s,Fantasy,High,30000000.0,151119219.0,403.73073,7.6,93.0,83.0
The Tree of Life,2011,2010s,Drama,High,32000000.0,54674226.0,70.85695625,6.8,85.0,60.0
The Hangover Part II,2011,2010s,Comedy,Blockbuster,80000000.0,254455986.0,218.0699825,6.5,33.0,52.0
The Virginity Hit,2010,2010s,Comedy,Low,2000000.0,563706.0,-71.8147,4.5,29.0,31.0
Pina,2011,2010s,Documentary,Low,4317946.0,14624826.0,238.69867756567592,7.6,95.0,81.0
The Roommate,2011,2010s,Thriller,Mid,16000000.0,40492759.0,153.07974375,4.8,3.0,27.0
Trust,2010,2010s,Crime,Mid,9500000.0,120000.0,-98.73684210526316,6.9,79.0,65.0
The Double Hour,2009,2000s,Crime,Low,3906840.0,4300000.0,10.06337602768478,6.6,82.0,68.0
Attack the Block,2011,2010s,Action,Mid,14350531.0,3964682.0,-72.37257631790767,6.6,90.0,75.0
Kung Fu Panda 2,2011,2010s,Animation,Blockbuster,150000000.0,665692281.0,343.794854,7.3,81.0,74.0
X-Men: First Class,2011,2010s,Action,Blockbuster,160000000.0,353624124.0,121.0150775,7.7,86.0,87.0
The Other Woman,2010,2010s,Drama,High,30000000.0,102000000.0,240.0,6.3,39.0,45.0
Everything Must Go,2010,2010s,Comedy,Low,5000000.0,2614773.0,-47.70454,6.4,73.0,53.0
Beginners,2010,2010s,Drama,Low,3200000.0,5332926.0,66.6539375,7.2,85.0,77.0
Super 8,2011,2010s,Thriller,Blockbuster,50000000.0,260095987.0,420.191974,7.0,81.0,75.0
Green Lantern,2011,2010s,Adventure,Blockbuster,200000000.0,219851172.0,9.925586,5.5,26.0,45.0
Mr. Popper's Penguins,2011,2010s,Comedy,Blockbuster,55000000.0,187361754.0,240.65773454545453,6.0,47.0,53.0
Bad Teacher,2011,2010s,Comedy,High,20000000.0,216197492.0,980.98746,5.7,44.0,36.0
Why Did I Get Married Too?,2010,2010s,Comedy,High,20000000.0,60072596.0,200.36298,4.8,,
Transformers: Dark of the Moon,2011,2010s,Action,Blockbuster,195000000.0,1123746996.0,476.2805107692308,6.2,35.0,55.0
Larry Crowne,2011,2010s,Comedy,High,30000000.0,36160375.0,20.53458333333333,6.1,37.0,41.0
Your Highness,2011,2010s,Comedy,Blockbuster,49900000.0,26121638.0,-47.65202805611222,5.5,28.0,34.0
Judy Moody and the Not Bummer Summer,2011,2010s,Comedy,High,20000000.0,14166853.0,-29.165735,4.4,21.0,41.0
Takers,2010,2010s,Action,High,32000000.0,69055695.0,115.799046875,6.2,28.0,62.0
Zookeeper,2011,2010s,Comedy,Blockbuster,80000000.0,169852759.0,112.31594875,5.2,14.0,41.0
Horrible Bosses,2011,2010s,Comedy,High,35000000.0,117000000.0,234.2857142857143,6.9,69.0,70.0
Cars 2,2011,2010s,Animation,Blockbuster,200000000.0,559852396.0,179.926198,6.2,39.0,49.0
The Ward,2010,2010s,Horror,Mid,10000000.0,498974.0,-95.01026,5.5,33.0,27.0
Delhi Belly,2011,2010s,Action,Low,4090000.0,18035000.0,340.9535452322738,7.6,88.0,82.0
Monte Carlo,2011,2010s,Adventure,High,20000000.0,17425000.0,-12.875,5.8,40.0,49.0
Harry Potter and the Deathly Hallows: Part 2,2011,2010s,Family,Blockbuster,125000000.0,1342000000.0,973.6,8.1,,
Drive,2011,2010s,Drama,Mid,15000000.0,78054825.0,420.36550000000005,7.8,92.0,79.0
Snow Flower and the Secret Fan,2011,2010s,Drama,Low,134005.0,1332231.0,894.1651430916756,6.1,21.0,47.0
Captain America: The First Avenger,2011,2010s,Action,Blockbuster,140000000.0,370569774.0,164.69269571428572,6.9,80.0,74.0
"Crazy, Stupid, Love.",2011,2010s,Comedy,Blockbuster,50000000.0,142851197.0,185.702394,7.4,79.0,78.0
One Day,2011,2010s,Drama,Mid,15000000.0,59389433.0,295.92955333333333,7.0,36.0,49.0
The Guard,2011,2010s,Action,Low,6000000.0,19560274.0,226.00456666666668,7.3,94.0,81.0
Winnie the Pooh,2011,2010s,Animation,High,30000000.0,14460000.0,-51.8,7.1,91.0,80.0
The Smurfs,2011,2010s,Animation,Blockbuster,110000000.0,563749323.0,412.4993845454545,5.4,21.0,44.0
Dylan Dog: Dead of Night,2011,2010s,Action,High,20000000.0,4634062.0,-76.82969,5.1,7.0,29.0
Friends with Benefits,2011,2010s,Romance,High,35000000.0,150483765.0,329.95361428571425,6.5,69.0,65.0
Alpha and Omega,2010,2010s,Family,High,20000000.0,39300000.0,96.5,5.1,18.0,41.0
Blitz,2011,2010s,Crime,Mid,15774948.0,741875.0,-95.29713188278022,6.2,48.0,36.0
Our Idiot Brother,2011,2010s,Comedy,Mid,10000000.0,17273593.0,72.73593000000001,6.4,70.0,51.0
Princess Kaiulani,2010,2010s,Drama,Mid,9000000.0,771499.0,-91.42778888888888,6.2,,
West Is West,2010,2010s,Comedy,Low,3837625.0,3867000.0,0.7654473795641835,6.4,,
Rise of the Planet of the Apes,2011,2010s,Thriller,Blockbuster,93000000.0,482860185.0,419.20450000000005,7.6,82.0,77.0
The Change-Up,2011,2010s,Comedy,Blockbuster,52000000.0,75450437.0,45.09699423076923,6.3,25.0,47.0
The Help,2011,2010s,Drama,High,25000000.0,124272124.0,397.088496,8.1,76.0,89.0
30 Minutes or Less,2011,2010s,Action,High,28000000.0,40547440.0,44.812285714285714,6.0,45.0,40.0
Glee: The Concert Movie,2011,2010s,Documentary,Mid,9000000.0,18663238.0,107.36931111111112,5.6,,
Final Destination 5,2011,2010s,Horror,Blockbuster,47000000.0,157887643.0,235.93115531914896,5.9,62.0,52.0
The Conspirator,2010,2010s,Crime,High,25000000.0,15478800.0,-38.0848,6.9,55.0,61.0
A Very Harold & Kumar Christmas,2011,2010s,Comedy,High,19000000.0,35387212.0,86.24848421052631,6.2,68.0,59.0
Loose Cannons,2010,2010s,Comedy,Mid,7000000.0,8220215.0,17.431642857142858,7.2,0.0,26.0
Spy Kids: All the Time in the World,2011,2010s,Family,High,27000000.0,85564310.0,216.90485185185184,3.6,,
Miranda,1948,1940s,Comedy,Low,784170.0,834332.0,6.396827218587806,6.8,,
Don't Be Afraid of the Dark,2010,2010s,Fantasy,High,25000000.0,36993168.0,47.972672,5.5,71.0,57.0
Fright Night,2011,2010s,Horror,Mid,17000000.0,24922237.0,46.60139411764706,6.4,92.0,76.0
Another Earth,2011,2010s,Drama,Low,100000.0,1776935.0,1676.935,6.9,66.0,66.0
Hesher,2010,2010s,Drama,Mid,7000000.0,382946.0,-94.52934285714286,6.9,55.0,61.0
Stake Land,2010,2010s,Drama,Low,650000.0,33245.0,-94.8853846153846,6.4,74.0,62.0
The Debt,2010,2010s,Drama,High,20000000.0,45636368.0,128.18184,6.8,77.0,66.0
Colombiana,2011,2010s,Action,High,40000000.0,60965854.0,52.414635,6.4,28.0,67.0
Freakonomics,2010,2010s,Documentary,Low,3000000.0,103735.0,-96.54216666666666,6.3,66.0,51.0
The Skin I Live In,2011,2010s,Drama,Mid,13000000.0,5774854.0,-55.57804615384615,7.6,81.0,84.0
Conan the Barbarian,2011,2010s,Adventure,Blockbuster,90000000.0,48795021.0,-45.78331,5.2,64.0,74.0
Prom,2011,2010s,Comedy,Mid,8000000.0,10130000.0,26.625,5.4,36.0,39.0
Red State,2011,2010s,Horror,Low,4000000.0,1104682.0,-72.38295000000001,6.1,60.0,54.0
A Better Life,2011,2010s,Drama,Mid,10000000.0,1759252.0,-82.40747999999999,7.2,85.0,79.0
I Don't Know How She Does It,2011,2010s,Romance,High,24000000.0,30551495.0,27.29789583333333,5.0,17.0,32.0
Shark Night,2011,2010s,Horror,High,28000000.0,10126458.0,-63.83407857142858,4.1,,
Contagion,2011,2010s,Drama,Blockbuster,60000000.0,137551594.0,129.25265666666667,6.8,85.0,63.0
Straw Dogs,2011,2010s,Drama,High,25000000.0,10324441.0,-58.702236,5.9,42.0,34.0
Moneyball,2011,2010s,Drama,Blockbuster,50000000.0,110206216.0,120.412432,7.6,94.0,86.0
Restless,2011,2010s,Drama,Mid,8000000.0,163265.0,-97.9591875,6.7,38.0,48.0
The Avengers,2012,2010s,Science Fiction,Blockbuster,220000000.0,1519557910.0,590.708140909091,8.0,5.0,15.0
A Dangerous Method,2011,2010s,Drama,Mid,15000000.0,27462041.0,83.08027333333334,6.4,78.0,50.0
Warrior,2011,2010s,Action,High,25000000.0,23057115.0,-7.771540000000001,8.1,83.0,92.0
The Ides of March,2011,2010s,Drama,Mid,12500000.0,75993061.0,507.944488,7.1,84.0,73.0
Kill List,2011,2010s,Horror,Low,500000.0,171760.0,-65.648,6.3,78.0,58.0
Killer Elite,2011,2010s,Action,Blockbuster,66000000.0,57777106.0,-12.458930303030304,6.4,27.0,42.0
Badmaash Company,2010,2010s,Comedy,Mid,6250000.0,8500000.0,36.0,6.1,,
Bellflower,2011,2010s,Action,Low,17000.0,101236.0,495.5058823529412,6.3,73.0,63.0
50/50,2011,2010s,Comedy,Mid,8000000.0,39187783.0,389.8472875,7.6,93.0,88.0
The Artist,2011,2010s,Drama,Mid,15000000.0,133432856.0,789.5523733333333,7.8,95.0,87.0
Enthiran,2010,2010s,Action,High,26400000.0,62000000.0,134.84848484848484,7.2,,
Take Shelter,2011,2010s,Thriller,Low,5000000.0,3099314.0,-38.01372,7.3,92.0,81.0
Road to Nowhere,2011,2010s,Mystery,Low,5000000.0,27046.0,-99.45908,5.4,73.0,39.0
The Music Never Stopped,2011,2010s,Drama,Low,4000000.0,253899.0,-93.652525,7.5,67.0,81.0
Real Steel,2011,2010s,Action,Blockbuster,110000000.0,299268508.0,172.06228,7.1,60.0,73.0
Footloose,2011,2010s,Drama,High,24000000.0,63543328.0,164.76386666666667,5.9,52.0,71.0
The Thing,2011,2010s,Horror,High,35000000.0,28128670.0,-19.632371428571428,6.3,85.0,92.0
We Need to Talk About Kevin,2011,2010s,Drama,Mid,7000000.0,6038942.0,-13.7294,7.4,75.0,78.0
The Three Musketeers,2011,2010s,Adventure,Blockbuster,75000000.0,132274484.0,76.36597866666666,5.7,78.0,74.0
In Time,2011,2010s,Action,High,40000000.0,173930596.0,334.82649000000004,6.7,37.0,51.0
Margaret,2011,2010s,Drama,Mid,14000000.0,46495.0,-99.66789285714286,6.5,74.0,48.0
Carnage,2011,2010s,Comedy,High,25000000.0,27603069.0,10.412276,7.1,70.0,66.0
Margin Call,2011,2010s,Thriller,Low,3500000.0,19504039.0,457.2582571428572,7.1,87.0,74.0
Paranormal Activity 3,2011,2010s,Horror,Low,5000000.0,205703818.0,4014.07636,5.8,66.0,51.0
Johnny English Reborn,2011,2010s,Crime,Blockbuster,45000000.0,160078586.0,255.73019111111117,6.3,38.0,45.0
Abduction,2011,2010s,Thriller,High,35000000.0,82087155.0,134.53472857142856,5.1,5.0,42.0
This Must Be the Place,2011,2010s,Drama,High,25000000.0,11790979.0,-52.83608400000001,6.7,67.0,58.0
Shame,2011,2010s,Drama,Mid,6500000.0,17693675.0,172.2103846153846,7.2,79.0,75.0
What's Your Number?,2011,2010s,Comedy,High,20000000.0,30426096.0,52.13048,6.1,24.0,44.0
Dream House,2011,2010s,Drama,Blockbuster,50000000.0,38502340.0,-22.99532,6.0,6.0,36.0
Mulan: Rise of a Warrior,2009,2000s,Adventure,Mid,12000000.0,13380561.0,11.504675,6.6,,
Machine Gun Preacher,2011,2010s,Action,High,30000000.0,2527904.0,-91.57365333333334,6.7,27.0,62.0
Anonymous,2011,2010s,Drama,High,30000000.0,15395087.0,-48.68304333333333,6.8,45.0,53.0
Tower Heist,2011,2010s,Action,Blockbuster,75000000.0,152930623.0,103.90749733333334,6.2,67.0,48.0
J. Edgar,2011,2010s,Drama,High,35000000.0,84606030.0,141.7315142857143,6.5,43.0,44.0
The Double,2011,2010s,Action,Mid,17000000.0,3696232.0,-78.25745882352942,5.9,21.0,33.0
The Adventures of Tintin,2011,2010s,Adventure,Blockbuster,130000000.0,371940071.0,186.1077469230769,7.3,74.0,74.0
Hugo,2011,2010s,Adventure,Blockbuster,170000000.0,185770160.0,9.276564705882354,7.5,93.0,78.0
Higher Ground,2011,2010s,Drama,Low,2000000.0,841733.0,-57.91335,6.2,82.0,62.0
Trespass,2011,2010s,Crime,High,36000000.0,9612469.0,-73.29869722222222,5.3,69.0,47.0
Immortals,2011,2010s,Fantasy,Blockbuster,75000000.0,226904017.0,202.5386893333333,6.0,46.0,48.0
Jack and Jill,2011,2010s,Comedy,Blockbuster,79000000.0,149673788.0,89.4604911392405,3.3,3.0,36.0
The Devil's Double,2011,2010s,Drama,High,19100000.0,5728213.0,-70.0093560209424,7.0,54.0,64.0
Setup,2011,2010s,Action,High,20000000.0,2128186.0,-89.35907,4.4,,
Another Happy Day,2011,2010s,Comedy,Low,4000000.0,355688.0,-91.1078,6.0,46.0,44.0
Shaolin,2011,2010s,Action,High,29000000.0,33662874.0,16.078875862068966,6.8,74.0,71.0
Wuthering Heights,2011,2010s,Drama,Mid,8000000.0,100915.0,-98.7385625,6.0,96.0,85.0
The Descendants,2011,2010s,Comedy,High,20000000.0,177243185.0,786.2159250000001,7.3,88.0,79.0
Like Crazy,2011,2010s,Drama,Low,250000.0,3542353.0,1316.9412,6.6,72.0,61.0
The Muppets,2011,2010s,Comedy,Blockbuster,45000000.0,165184237.0,267.0760822222222,7.1,95.0,80.0
The Twilight Saga: Breaking Dawn - Part 1,2011,2010s,Adventure,Blockbuster,110000000.0,712171856.0,547.42896,5.0,,
War Horse,2011,2010s,Drama,Blockbuster,66000000.0,177584879.0,169.0679984848485,7.2,75.0,74.0
The Rum Diary,2011,2010s,Drama,Blockbuster,45000000.0,24000000.0,-46.66666666666666,6.1,52.0,36.0
My Week with Marilyn,2011,2010s,Drama,Mid,6400000.0,35057696.0,447.7765,6.9,83.0,71.0
Singham,2011,2010s,Drama,Low,3062000.0,25034000.0,717.5702155453952,6.8,,
Chandni Chowk To China,2009,2000s,Action,Mid,10500000.0,9400000.0,-10.476190476190476,4.4,42.0,31.0
Hipsters,2008,2000s,Drama,Mid,15000000.0,16810383.0,12.06922,7.1,80.0,90.0
Sarah's Key,2010,2010s,Drama,Mid,10000000.0,17511906.0,75.11906,7.5,72.0,82.0
The Sitter,2011,2010s,Comedy,High,25000000.0,34942188.0,39.768752,5.6,22.0,39.0
Extremely Loud & Incredibly Close,2011,2010s,Drama,High,40000000.0,55247881.0,38.1197025,6.9,45.0,61.0
Rampart,2011,2010s,Crime,Mid,12000000.0,972512.0,-91.89573333333333,5.8,74.0,35.0
Happy Feet Two,2011,2010s,Animation,Blockbuster,130000000.0,150406466.0,15.69728153846154,5.8,45.0,60.0
The Perfect Game,2010,2010s,Drama,Mid,12500000.0,3878993.0,-68.968056,7.0,57.0,70.0
Flypaper,2011,2010s,Mystery,Low,5000000.0,3142154.0,-37.15692,6.3,17.0,42.0
Bullet to the Head,2013,2010s,Action,Blockbuster,55000000.0,9489829.0,-82.74576545454545,5.7,45.0,39.0
The Expendables 2,2012,2010s,Action,Blockbuster,100000000.0,312573423.0,212.573423,6.6,68.0,67.0
Bathing Beauty,1944,1940s,Comedy,Low,2361000.0,6892000.0,191.91020753917832,6.4,,
The Hunger Games,2012,2010s,Science Fiction,Blockbuster,75000000.0,691210692.0,821.614256,7.2,84.0,81.0
The Dark Knight Rises,2012,2010s,Action,Blockbuster,250000000.0,1084939099.0,333.9756396,8.4,87.0,90.0
The Bourne Legacy,2012,2010s,Action,Blockbuster,130000000.0,276572938.0,112.74841384615384,6.6,55.0,58.0
Sherlock Holmes: A Game of Shadows,2011,2010s,Adventure,Blockbuster,125000000.0,334615000.0,167.692,7.4,59.0,77.0
Life in a Day,2011,2010s,Documentary,Low,45202.0,225861.0,399.6703685677625,7.6,,
Coriolanus,2011,2010s,Drama,Mid,7700000.0,1072602.0,-86.0701038961039,6.1,92.0,58.0
Young Adult,2011,2010s,Comedy,Mid,12000000.0,22939027.0,91.15855833333332,6.3,80.0,49.0
New Year's Eve,2011,2010s,Comedy,Blockbuster,56000000.0,142044638.0,153.6511392857143,5.6,7.0,45.0
Mission: Impossible - Ghost Protocol,2011,2010s,Action,Blockbuster,145000000.0,694713380.0,379.11267586206895,7.4,,
We Bought a Zoo,2011,2010s,Drama,Blockbuster,50000000.0,120081841.0,140.163682,7.0,65.0,71.0
The Girl with the Dragon Tattoo,2011,2010s,Thriller,Blockbuster,90000000.0,232617430.0,158.4638111111111,7.8,86.0,86.0
The Darkest Hour,2011,2010s,Horror,High,30000000.0,64626786.0,115.42262,4.9,12.0,25.0
Alvin and the Chipmunks: Chipwrecked,2011,2010s,Comedy,Blockbuster,75000000.0,342695435.0,356.9272466666667,4.4,12.0,51.0
Albert Nobbs,2011,2010s,Drama,Mid,8000000.0,5634828.0,-29.56465,6.7,56.0,47.0
In the Land of Blood and Honey,2011,2010s,Drama,Mid,10000000.0,303877.0,-96.96123,4.7,57.0,47.0
The Devil Inside,2012,2010s,Thriller,Low,1000000.0,101758490.0,10075.849,4.2,6.0,22.0
Contraband,2012,2010s,Thriller,High,25000000.0,63100000.0,152.4,6.4,100.0,67.0
Dolphin Tale,2011,2010s,Drama,High,37000000.0,95404397.0,157.84972162162163,6.8,81.0,80.0
The Iron Lady,2011,2010s,History,Mid,13000000.0,114956699.0,784.2823,6.4,52.0,51.0
The Divide,2011,2010s,Horror,Low,3000000.0,22000.0,-99.26666666666668,5.7,25.0,38.0
Underworld: Awakening,2012,2010s,Fantasy,Blockbuster,70000000.0,160112671.0,128.73238714285716,6.3,26.0,62.0
The Grey,2012,2010s,Action,High,25000000.0,77278331.0,209.113324,6.7,79.0,61.0
Man on a Ledge,2012,2010s,Action,Blockbuster,42000000.0,46221189.0,10.05045,6.6,32.0,52.0
Haywire,2011,2010s,Action,High,23000000.0,33372606.0,45.09828695652174,5.8,80.0,41.0
Apollo 18,2011,2010s,Horror,Low,5000000.0,25562924.0,411.25848,5.2,23.0,23.0
Seeking Justice,2011,2010s,Action,Mid,17000000.0,12355798.0,-27.318835294117648,6.1,28.0,39.0
Red Tails,2012,2010s,Drama,Blockbuster,58000000.0,50365377.0,-13.163143103448276,5.9,40.0,58.0
The Flowers of War,2011,2010s,Drama,Blockbuster,94000000.0,95311434.0,1.3951425531914894,7.5,41.0,73.0
The Intouchables,2011,2010s,Drama,Mid,13000000.0,426480871.0,3180.6220846153847,8.5,75.0,93.0
One for the Money,2012,2010s,Action,High,40000000.0,36893721.0,-7.7656975,5.3,2.0,42.0
W.E.,2011,2010s,Drama,Mid,15000000.0,868439.0,-94.21040666666669,6.2,12.0,48.0
The Innkeepers,2011,2010s,Horror,Low,750000.0,78396.0,-89.5472,5.5,79.0,42.0
Big Miracle,2012,2010s,Adventure,High,40000000.0,24719215.0,-38.2019625,6.5,75.0,64.0
Six Degrees of Celebration,2010,2010s,Comedy,Low,5000000.0,22772019.0,355.44038,6.2,,
Detective Dee and the Mystery of the Phantom Flame,2010,2010s,Action,Mid,13000000.0,51723285.0,297.87142307692307,6.6,80.0,62.0
Chronicle,2012,2010s,Science Fiction,Mid,15000000.0,145000000.0,866.6666666666666,7.0,85.0,71.0
The Woman in Black,2012,2010s,Drama,Mid,17000000.0,127730736.0,651.3572705882353,6.4,67.0,54.0
The Monk,2011,2010s,Thriller,Mid,11000000.0,807535.0,-92.65877272727272,5.8,,
Safe House,2012,2010s,Action,Blockbuster,85000000.0,208076205.0,144.79553529411763,6.7,53.0,63.0
The Vow,2012,2010s,Drama,High,30000000.0,196114570.0,553.7152333333333,6.8,31.0,63.0
Louis C.K.: Live at the Beacon Theater,2011,2010s,Comedy,Low,250000.0,1000000.0,300.0,8.3,,
"For a Good Time, Call...",2012,2010s,Comedy,Low,850000.0,1243961.0,46.34835294117647,6.0,57.0,53.0
Journey 2: The Mysterious Island,2012,2010s,Adventure,Blockbuster,79000000.0,355692760.0,350.244,5.7,45.0,59.0
Chapiteau-Show,2011,2010s,Comedy,Low,2000000.0,393816.0,-80.3092,7.6,,
Kokowaah,2011,2010s,Comedy,Low,5650000.0,43000000.0,661.0619469026549,6.2,,
Bodyguards and Assassins,2009,2000s,Drama,High,23000000.0,5837674.0,-74.61880869565218,6.8,,
Winter in Wartime,2008,2000s,Drama,Low,4000000.0,530048.0,-86.7488,7.0,75.0,78.0
Ghost Rider: Spirit of Vengeance,2011,2010s,Action,Blockbuster,57000000.0,149217355.0,161.78483333333332,4.4,18.0,31.0
Courageous,2011,2010s,Drama,Low,1000000.0,34522221.0,3352.2221,6.9,36.0,86.0
Project X,2012,2010s,Comedy,Mid,12000000.0,100000000.0,733.3333333333333,6.7,75.0,55.0
The Lorax,2012,2010s,Animation,Blockbuster,70000000.0,348840316.0,398.34330857142857,6.4,,
The Big Year,2011,2010s,Comedy,Blockbuster,41000000.0,7448385.0,-81.83320731707317,6.2,42.0,40.0
Act of Valor,2012,2010s,Action,Mid,12000000.0,81272766.0,577.27305,6.4,27.0,72.0
This Means War,2012,2010s,Action,Blockbuster,65000000.0,156974557.0,141.49931846153848,6.3,26.0,56.0
John Carter,2012,2010s,Action,Blockbuster,260000000.0,284139100.0,9.284269230769231,6.6,52.0,60.0
The Awakening,2011,2010s,Horror,Low,4798235.0,209696.0,-95.62972634729228,6.5,0.0,22.0
The Ledge,2011,2010s,Drama,Mid,10000000.0,610986.0,-93.89014,6.5,14.0,48.0
21 Jump Street,2012,2010s,Action,Blockbuster,42000000.0,201585328.0,379.9650666666666,7.2,84.0,82.0
"Jeff, Who Lives at Home",2011,2010s,Drama,Mid,10000000.0,4417580.0,-55.824200000000005,6.4,,
Lockout,2012,2010s,Action,High,20000000.0,32204030.0,61.02015,6.0,38.0,46.0
A Lonely Place to Die,2011,2010s,Adventure,Low,4000000.0,25345000.0,533.625,6.2,75.0,50.0
Space Battleship Yamato,2010,2010s,Science Fiction,Mid,12000000.0,11212294.0,-6.564216666666667,6.0,,
Salmon Fishing in the Yemen,2011,2010s,Drama,Low,5000000.0,34564651.0,591.29302,6.8,67.0,64.0
Wrath of the Titans,2012,2010s,Adventure,Blockbuster,150000000.0,301000000.0,100.66666666666666,5.7,27.0,49.0
Iron Sky,2012,2010s,Action,Mid,7500000.0,8135031.0,8.467080000000001,5.9,40.0,37.0
American Reunion,2012,2010s,Comedy,Blockbuster,50000000.0,234989584.0,369.979168,6.7,45.0,63.0
The Raid,2011,2010s,Action,Low,1100000.0,4105187.0,273.1988181818182,7.6,,
The Cabin in the Woods,2012,2010s,Horror,High,30000000.0,66486080.0,121.62026666666668,7.0,92.0,74.0
L!fe Happens,2011,2010s,Comedy,Low,930000.0,30905.0,-96.6768817204301,5.6,26.0,30.0
Silent House,2011,2010s,Horror,Low,2000000.0,13101672.0,555.0836,5.2,43.0,30.0
The Three Stooges,2012,2010s,Comedy,High,30000000.0,54819301.0,82.73100333333333,5.2,52.0,47.0
The Raven,2012,2010s,Crime,High,26000000.0,29657751.0,14.068273076923075,6.4,22.0,46.0
Mirror Mirror,2012,2010s,Adventure,Blockbuster,85000000.0,183018522.0,115.31590823529412,5.6,50.0,45.0
Battleship,2012,2010s,Thriller,Blockbuster,209000000.0,303025485.0,44.98827033492823,5.8,34.0,54.0
The Best Exotic Marigold Hotel,2011,2010s,Drama,Mid,10000000.0,136836156.0,1268.36156,7.2,78.0,78.0
The Five-Year Engagement,2012,2010s,Comedy,High,30000000.0,53909751.0,79.69917,6.2,63.0,51.0
Think Like a Man,2012,2010s,Comedy,Mid,12000000.0,96070507.0,700.5875583333333,6.5,54.0,79.0
The Lucky One,2012,2010s,Drama,High,25000000.0,99357138.0,297.428552,6.4,20.0,67.0
Bride Flight,2008,2000s,Drama,Mid,6400000.0,2556911.0,-60.048265625,7.0,67.0,75.0
Safe,2012,2010s,Action,High,30000000.0,40346186.0,34.48728666666667,6.5,86.0,75.0
Jumping the Broom,2011,2010s,Comedy,Mid,6600000.0,37710610.0,471.3728787878788,5.7,58.0,58.0
Dark Shadows,2012,2010s,Comedy,Blockbuster,150000000.0,245527149.0,63.684766,6.2,36.0,46.0
The Dictator,2012,2010s,Comedy,Blockbuster,65000000.0,179379533.0,175.9685123076923,6.5,57.0,44.0
Men in Black 3,2012,2010s,Action,Blockbuster,225000000.0,624026776.0,177.34523377777776,6.8,,
Snow White and the Huntsman,2012,2010s,Adventure,Blockbuster,170000000.0,396600000.0,133.29411764705884,6.1,49.0,52.0
Chicken with Plums,2011,2010s,Comedy,Mid,12000000.0,1428291.0,-88.09757499999999,7.0,74.0,71.0
The Pirates! In an Adventure with Scientists!,2012,2010s,Animation,Blockbuster,60000000.0,118338361.0,97.23060166666669,6.7,,
Prometheus,2012,2010s,Science Fiction,Blockbuster,130000000.0,403170142.0,210.1308784615385,7.0,73.0,68.0
Bernie,2012,2010s,Comedy,Low,5000000.0,9206470.0,84.1294,6.8,88.0,73.0
Inhale,2010,2010s,Drama,Mid,10000000.0,55089.0,-99.44911,6.5,38.0,46.0
Wanderlust,2012,2010s,Comedy,High,35000000.0,24159934.0,-30.971617142857145,5.6,59.0,39.0
Moonrise Kingdom,2012,2010s,Comedy,Mid,16000000.0,68263166.0,326.6447875,7.7,94.0,86.0
Kahaani,2012,2010s,Thriller,Low,1200000.0,16000000.0,1233.3333333333337,8.1,,
5 Days of War,2011,2010s,War,High,20000000.0,17479.0,-99.912605,5.6,34.0,36.0
A Few Best Men,2011,2010s,Comedy,Mid,12468389.0,29007412.0,132.64763394853978,5.7,15.0,36.0
Cosmopolis,2012,2010s,Drama,High,20500000.0,6063556.0,-70.42167804878049,5.1,65.0,31.0
A Thousand Words,2012,2010s,Drama,High,40000000.0,22044277.0,-44.8893075,5.9,0.0,47.0
Love's Deadly Triangle: The Texas Cadet Murder,1997,1990s,Drama,Mid,14000000.0,161001698.0,1050.0121285714283,6.3,,
Safety Not Guaranteed,2012,2010s,Comedy,Low,750000.0,4007792.0,434.3722666666666,6.9,91.0,80.0
Madagascar 3: Europe's Most Wanted,2012,2010s,Animation,Blockbuster,145000000.0,746921274.0,415.11812,6.8,78.0,72.0
Your Sister's Sister,2011,2010s,Drama,Low,125000.0,3200000.0,2460.0,6.7,83.0,66.0
Brave,2012,2010s,Animation,Blockbuster,185000000.0,538983207.0,191.3422740540541,7.1,78.0,75.0
Bel Ami,2012,2010s,Romance,Mid,9000000.0,8303261.0,-7.741544444444444,5.4,27.0,29.0
What to Expect When You're Expecting,2012,2010s,Romance,High,40000000.0,79700000.0,99.25,5.7,22.0,47.0
To Rome with Love,2012,2010s,Romance,Mid,17000000.0,73244881.0,330.85224117647056,6.3,46.0,40.0
Abraham Lincoln: Vampire Hunter,2012,2010s,Action,Blockbuster,69000000.0,112265139.0,62.7031,5.9,34.0,50.0
4.3.2.1,2010,2010s,Action,Low,4600000.0,1163967.0,-74.6963695652174,5.8,37.0,42.0
For Greater Glory - The True Story of Cristiada,2012,2010s,History,Mid,12000000.0,9622846.0,-19.809616666666667,6.6,,
Rock of Ages,2012,2010s,Comedy,Blockbuster,75000000.0,59418613.0,-20.775182666666662,5.9,43.0,55.0
Seeking a Friend for the End of the World,2012,2010s,Comedy,Mid,10000000.0,9636289.0,-3.63711,6.7,55.0,53.0
Ted,2012,2010s,Comedy,Blockbuster,50000000.0,549368315.0,998.73663,6.9,69.0,73.0
Magic Mike,2012,2010s,Drama,Mid,7000000.0,167221571.0,2288.879585714285,6.1,79.0,60.0
On the Road,2012,2010s,Adventure,High,25000000.0,8784318.0,-64.862728,6.0,44.0,34.0
The Amazing Spider-Man,2012,2010s,Action,Blockbuster,215000000.0,752215857.0,249.86784046511627,6.9,73.0,77.0
Ice Age: Continental Drift,2012,2010s,Animation,Blockbuster,95000000.0,877244782.0,823.4155599999999,6.5,37.0,62.0
Beasts of the Southern Wild,2012,2010s,Drama,Low,1800000.0,21107746.0,1072.6525555555556,7.2,87.0,76.0
People Like Us,2012,2010s,Drama,Mid,16000000.0,12434778.0,-22.2826375,7.0,53.0,62.0
Savages,2012,2010s,Crime,Blockbuster,45000000.0,82966152.0,84.36922666666666,6.4,50.0,54.0
The Watch,2012,2010s,Comedy,Blockbuster,68000000.0,68267862.0,0.3939147058823529,5.7,17.0,39.0
2 Days in New York,2012,2010s,Comedy,Mid,8000000.0,1653792.0,-79.3276,6.0,66.0,42.0
Killer Joe,2011,2010s,Crime,Mid,10000000.0,3665069.0,-63.34931,6.7,79.0,61.0
Total Recall,2012,2010s,Action,Blockbuster,125000000.0,198802074.0,59.0416592,6.2,82.0,78.0
Skyfall,2012,2010s,Action,Blockbuster,200000000.0,1108561013.0,454.2805065,7.8,92.0,86.0
Hope Springs,2012,2010s,Drama,High,30000000.0,114281051.0,280.93683666666664,6.3,23.0,27.0
ParaNorman,2012,2010s,Family,Blockbuster,60000000.0,107139399.0,78.565665,7.0,89.0,72.0
Diary of a Wimpy Kid: Dog Days,2012,2010s,Comedy,High,22000000.0,77112176.0,250.5098909090909,6.3,52.0,63.0
War of the Arrows,2011,2010s,Drama,Mid,8000000.0,49000000.0,512.5,7.1,,
Hit & Run,2012,2010s,Action,Low,2000000.0,14400000.0,620.0,6.1,48.0,49.0
Premium Rush,2012,2010s,Crime,High,35000000.0,31083599.0,-11.189717142857145,6.5,74.0,60.0
Lawless,2012,2010s,Crime,High,26000000.0,53676580.0,106.4483846153846,7.2,66.0,74.0
Piranha 3DD,2012,2010s,Horror,Low,5000000.0,8493728.0,69.87456,3.8,13.0,22.0
The Possession,2012,2010s,Horror,Mid,14000000.0,85446075.0,510.3291071428571,5.9,39.0,48.0
Little White Lies,2010,2010s,Comedy,High,25000000.0,48531470.0,94.12588,7.1,42.0,64.0
The Apparition,2012,2010s,Horror,Mid,17000000.0,9627492.0,-43.36769411764706,4.1,3.0,24.0
Bachelorette,2012,2010s,Comedy,Low,3000000.0,11947954.0,298.2651333333334,5.3,56.0,34.0
The Words,2012,2010s,Drama,Low,6000000.0,13231461.0,120.52435,7.0,24.0,49.0
Pitch Perfect,2012,2010s,Comedy,Mid,17000000.0,115350426.0,578.5319176470588,7.1,80.0,83.0
The Cold Light of Day,2012,2010s,Action,High,20000000.0,16863583.0,-15.682085,4.9,4.0,29.0
Looper,2012,2010s,Action,High,30000000.0,47042000.0,56.80666666666667,7.4,93.0,82.0
That's My Boy,2012,2010s,Comedy,Blockbuster,70000000.0,58058367.0,-17.059475714285714,5.6,20.0,51.0
Robot & Frank,2012,2010s,Science Fiction,Low,2500000.0,3325038.0,33.00152,7.0,86.0,75.0
Resident Evil: Retribution,2012,2010s,Action,Blockbuster,65000000.0,240159255.0,269.4757769230769,5.3,29.0,51.0
The Master,2012,2010s,Drama,High,32000000.0,28258060.0,-11.6935625,7.1,85.0,61.0
Dredd,2012,2010s,Action,Blockbuster,50000000.0,41037742.0,-17.924515999999997,7.1,79.0,72.0
Arbitrage,2012,2010s,Drama,Mid,12000000.0,35485056.0,195.7088,6.6,88.0,62.0
End of Watch,2012,2010s,Crime,Mid,7000000.0,48126384.0,587.5197714285714,7.6,85.0,86.0
The Perks of Being a Wallflower,2012,2010s,Drama,Mid,13000000.0,33400000.0,156.92307692307693,7.9,86.0,89.0
The Hunt,2012,2010s,Drama,Low,3800000.0,16800000.0,342.10526315789474,8.3,83.0,
Behind the Burly Q,2010,2010s,Documentary,Low,250000.0,23859.0,-90.4564,6.6,78.0,64.0
Two Rabbits,2012,2010s,Action,Low,2000000.0,1620436.0,-18.9782,7.3,,
Sparkle,2012,2010s,Drama,Mid,14000000.0,24637469.0,75.98192142857143,5.8,10.0,90.0
Red Lights,2012,2010s,Thriller,Mid,14000000.0,13551174.0,-3.2059,6.2,83.0,65.0
Taken 2,2012,2010s,Action,Blockbuster,45000000.0,376141306.0,735.8695688888889,6.2,22.0,52.0
The Paperboy,2012,2010s,Thriller,Mid,12500000.0,1353868.0,-89.169056,5.7,45.0,33.0
A Royal Affair,2012,2010s,Drama,Mid,8000000.0,7594693.0,-5.0663375,7.5,90.0,82.0
House at the End of the Street,2012,2010s,Horror,Mid,6900000.0,44287131.0,541.8424782608696,5.5,13.0,41.0
2016: Obama's America,2012,2010s,Documentary,Low,2500000.0,33400000.0,1236.0,4.8,26.0,73.0
Laurence Anyways,2012,2010s,Drama,Mid,9500000.0,12250.0,-99.87105263157896,7.6,84.0,79.0
The Painted Veil,1934,1930s,Romance,Low,947000.0,1120000.0,18.268215417106653,6.5,74.0,85.0
Rust and Bone,2012,2010s,Drama,Mid,15400000.0,25762027.0,67.28588961038962,7.4,,
Katy Perry: Part of Me,2012,2010s,Documentary,Mid,12000000.0,32726956.0,172.72463333333334,6.0,76.0,72.0
Frankenweenie,2012,2010s,Animation,High,39000000.0,35287788.0,-9.51849230769231,6.9,87.0,70.0
Sinister,2012,2010s,Horror,Low,3000000.0,77712439.0,2490.4146333333333,6.8,63.0,61.0
Hotel Transylvania,2012,2010s,Animation,Blockbuster,85000000.0,358375603.0,321.61835647058825,7.0,45.0,72.0
Argo,2012,2010s,Drama,Blockbuster,44500000.0,232324128.0,422.0766921348314,7.7,96.0,90.0
Seven Psychopaths,2012,2010s,Comedy,Mid,15000000.0,19422261.0,29.48174,7.1,83.0,71.0
Hoodwinked Too! Hood VS. Evil,2011,2010s,Comedy,High,30000000.0,13521829.0,-54.927236666666666,4.7,,
Gangs of Wasseypur,2012,2010s,Action,Low,1400000.0,4100000.0,192.8571428571429,8.2,,
Paranormal Activity 4,2012,2010s,Horror,Low,5000000.0,142817992.0,2756.35984,4.7,23.0,34.0
Alex Cross,2012,2010s,Action,Blockbuster,45000000.0,30353232.0,-32.54837333333334,5.2,11.0,47.0
Cloud Atlas,2012,2010s,Drama,Blockbuster,102000000.0,130482868.0,27.924380392156863,7.3,67.0,66.0
Silent Hill: Revelation 3D,2012,2010s,Thriller,High,20000000.0,52302796.0,161.51398,4.9,,
Like Dandelion Dust,2009,2000s,Drama,Low,2500000.0,352810.0,-85.88759999999999,7.0,82.0,76.0
Killing Them Softly,2012,2010s,Crime,Mid,15000000.0,37930465.0,152.86976666666666,6.2,73.0,44.0
The Sessions,2012,2010s,Drama,Low,1000000.0,9138338.0,813.8337999999999,7.2,91.0,80.0
Smashed,2012,2010s,Drama,Low,500000.0,376597.0,-24.6806,6.7,83.0,68.0
Wreck-It Ralph,2012,2010s,Family,Blockbuster,165000000.0,471222889.0,185.5896296969697,7.7,87.0,86.0
Lookin' to Get Out,1982,1980s,Comedy,Mid,17000000.0,946461.0,-94.43258235294115,5.1,31.0,29.0
Silver Linings Playbook,2012,2010s,Drama,High,21000000.0,205738714.0,879.7081619047619,7.7,92.0,86.0
Flight,2012,2010s,Drama,High,31000000.0,161772375.0,421.846370967742,7.3,78.0,75.0
Life of Pi,2012,2010s,Adventure,Blockbuster,120000000.0,609016565.0,407.51380416666666,7.9,87.0,84.0
The Man with the Iron Fists,2012,2010s,Action,Mid,15000000.0,15608545.0,4.056966666666666,5.4,51.0,40.0
Stolen,2012,2010s,Action,High,35000000.0,2106557.0,-93.98126571428573,5.5,0.0,39.0
Amour,2012,2010s,Drama,Mid,8900000.0,29844753.0,235.3343033707865,7.9,93.0,82.0
Meet Monica Velour,2010,2010s,Comedy,Low,5000000.0,31649.0,-99.36702,5.8,48.0,34.0
Lincoln,2012,2010s,History,Blockbuster,65000000.0,275293450.0,323.5283846153846,7.3,89.0,81.0
The Twilight Saga: Breaking Dawn - Part 2,2012,2010s,Adventure,Blockbuster,120000000.0,829000000.0,590.8333333333334,5.6,,
Red Dawn,2012,2010s,War,Blockbuster,65000000.0,44806783.0,-31.06648769230769,5.3,46.0,65.0
Rise of the Guardians,2012,2010s,Fantasy,Blockbuster,145000000.0,306941670.0,111.68391034482758,7.2,75.0,80.0
Deadfall,2012,2010s,Crime,Mid,12000000.0,66351.0,-99.447075,6.2,0.0,25.0
Byzantium,2012,2010s,Drama,Mid,10000000.0,89237.0,-99.10763,6.5,66.0,51.0
Step Up Revolution,2012,2010s,Music,High,33000000.0,140470746.0,325.6689272727273,6.4,41.0,68.0
1911,2011,2010s,Adventure,High,30000000.0,108348.0,-99.63884,5.7,8.0,30.0
The Hobbit: An Unexpected Journey,2012,2010s,Adventure,Blockbuster,250000000.0,1021103568.0,308.4414272,7.8,64.0,83.0
Lay the Favorite,2012,2010s,Drama,High,26350000.0,1576687.0,-94.01636812144211,4.9,18.0,19.0
Crooked Arrows,2012,2010s,Drama,Mid,13000000.0,1832541.0,-85.90353076923077,5.9,41.0,62.0
Yossi,2012,2010s,Drama,Low,500000.0,116207.0,-76.7586,7.1,89.0,70.0
Barfi,2012,2010s,Drama,Low,4437508.0,2804874.0,-36.79168578400309,8.1,,
Zero Dark Thirty,2012,2010s,Thriller,High,40000000.0,132820716.0,232.05179,7.4,91.0,80.0
Fire with Fire,2012,2010s,Action,High,20000000.0,4636169.0,-76.819155,5.6,7.0,36.0
Warm Bodies,2013,2010s,Horror,High,35000000.0,116980662.0,234.23046285714287,6.8,81.0,73.0
The Guilt Trip,2012,2010s,Comedy,High,40000000.0,41863726.0,4.659315,5.8,37.0,39.0
Jack Reacher,2012,2010s,Crime,Blockbuster,60000000.0,218340595.0,263.9009916666667,7.0,64.0,67.0
Django Unchained,2012,2010s,Drama,Blockbuster,100000000.0,425368238.0,325.368238,8.5,87.0,91.0
This Is 40,2012,2010s,Comedy,High,35000000.0,88058786.0,151.59653142857144,6.2,51.0,50.0
The Impossible,2012,2010s,Thriller,Blockbuster,42000000.0,180274123.0,329.2241023809524,7.5,81.0,84.0
Les Misérables,2012,2010s,Drama,Blockbuster,61000000.0,441809770.0,624.2783114754099,7.5,69.0,79.0
Not Fade Away,2012,2010s,Drama,High,20000000.0,610792.0,-96.94604,6.0,70.0,42.0
Quartet,2012,2010s,Drama,Mid,11000000.0,59520298.0,441.0936181818182,6.8,44.0,32.0
StreetDance 3D,2010,2010s,Drama,Low,5773100.0,18144030.0,214.2857390310232,5.8,,
Parental Guidance,2012,2010s,Comedy,High,25000000.0,119772232.0,379.088928,6.0,18.0,59.0
Promised Land,2012,2010s,Drama,Mid,15000000.0,8138788.0,-45.74141333333333,6.6,53.0,46.0
The Sweeney,2012,2010s,Action,Low,3730500.0,6294161.0,68.72164589197158,6.1,45.0,44.0
English Vinglish,2012,2010s,Drama,Low,2840000.0,11620000.0,309.1549295774648,7.8,80.0,83.0
Texas Chainsaw 3D,2013,2010s,Horror,High,20000000.0,47241945.0,136.209725,4.8,,
Gangster Squad,2013,2010s,Crime,Blockbuster,60000000.0,105200903.0,75.33483833333334,6.7,31.0,57.0
The Iceman,2012,2010s,Thriller,High,20000000.0,1969193.0,-90.154035,6.8,66.0,62.0
A Haunted House,2013,2010s,Comedy,Low,2500000.0,60141683.0,2305.66732,5.1,9.0,51.0
Mama,2013,2010s,Horror,Mid,15000000.0,146497771.0,876.6518066666666,6.2,64.0,55.0
Upstream Color,2013,2010s,Drama,Low,100000.0,444098.0,344.098,6.5,86.0,69.0
Broken City,2013,2010s,Thriller,Blockbuster,56000000.0,19701164.0,-64.81935,6.1,28.0,40.0
Shadow Dancer,2012,2010s,Thriller,Mid,6300000.0,419953.0,-93.33407936507938,6.2,84.0,52.0
Sunny,2011,2010s,Drama,Low,3550000.0,48000000.0,1252.112676056338,7.7,,
Movie 43,2013,2010s,Comedy,Low,6000000.0,32438988.0,440.6498,4.4,4.0,24.0
Parker,2013,2010s,Action,High,35000000.0,46216641.0,32.04754571428571,6.2,41.0,48.0
Hansel & Gretel: Witch Hunters,2013,2010s,Fantasy,Blockbuster,50000000.0,224803475.0,349.60695,6.1,,
The Last Godfather,2010,2010s,Action,Mid,13400000.0,16700000.0,24.62686567164179,3.5,,
The East,2013,2010s,Drama,Mid,6500000.0,2401510.0,-63.05369230769231,6.8,76.0,64.0
"Pink Ribbons, Inc.",2011,2010s,Documentary,Low,900000.0,25000.0,-97.2222222222222,7.3,89.0,77.0
Upside Down,2012,2010s,Romance,Blockbuster,60000000.0,8106475.0,-86.48920833333334,6.3,28.0,42.0
Side Effects,2013,2010s,Thriller,High,30000000.0,63372757.0,111.24252333333334,7.0,11.0,29.0
Identity Thief,2013,2010s,Comedy,High,35000000.0,173965010.0,397.0428857142857,5.7,19.0,53.0
Beautiful Creatures,2013,2010s,Fantasy,Blockbuster,60000000.0,60052138.0,0.0868966666666666,6.1,38.0,32.0
A Good Day to Die Hard,2013,2010s,Action,Blockbuster,92000000.0,304654182.0,231.14585,5.2,14.0,40.0
21 & Over,2013,2010s,Comedy,Mid,13000000.0,48065672.0,269.73593846153847,5.8,,
Safe Haven,2013,2010s,Romance,High,28000000.0,97594140.0,248.5505,6.7,13.0,67.0
Elles,2011,2010s,Drama,Low,4000000.0,911466.0,-77.21335,5.6,23.0,26.0
The Act of Killing,2012,2010s,Documentary,Low,1000000.0,444575.0,-55.5425,8.2,95.0,85.0
Universal Soldier: Day of Reckoning,2012,2010s,Thriller,Mid,11500000.0,1402307.0,-87.80602608695652,5.1,57.0,34.0
Escape from Planet Earth,2013,2010s,Animation,High,40000000.0,74597643.0,86.4941075,5.8,35.0,54.0
Before Midnight,2013,2010s,Romance,Low,3000000.0,11176469.0,272.5489666666667,7.9,98.0,82.0
Snitch,2013,2010s,Thriller,High,35000000.0,42930462.0,22.658462857142855,6.4,57.0,61.0
Dark Skies,2013,2010s,Science Fiction,Low,3500000.0,25174316.0,619.2661714285714,6.3,41.0,49.0
A Coffee in Berlin,2012,2010s,Comedy,Low,300000.0,2750275.0,816.7583333333333,7.3,77.0,74.0
Jack the Giant Slayer,2013,2010s,Action,Blockbuster,195000000.0,197687603.0,1.3782579487179487,6.3,52.0,55.0
The Last Exorcism Part II,2013,2010s,Horror,Low,5000000.0,15179302.0,203.58604,4.0,15.0,26.0
G.I. Joe: Retaliation,2013,2010s,Adventure,Blockbuster,130000000.0,371876278.0,186.05867538461536,5.7,28.0,48.0
Stoker,2013,2010s,Drama,Mid,12000000.0,12077441.0,0.6453416666666666,6.7,70.0,60.0
Phantom,2013,2010s,Thriller,Mid,10000000.0,1034589.0,-89.65411,5.9,25.0,33.0
Oz: The Great and Powerful,2013,2010s,Fantasy,Blockbuster,200000000.0,491868548.0,145.93427400000002,6.3,,
The Croods,2013,2010s,Adventure,Blockbuster,135000000.0,585178928.0,333.4658725925926,7.1,71.0,77.0
Burn,2012,2010s,Foreign,Low,225000.0,111300.0,-50.53333333333333,7.4,100.0,91.0
The Incredible Burt Wonderstone,2013,2010s,Comedy,High,30000000.0,27437881.0,-8.540396666666666,5.9,38.0,33.0
Spring Breakers,2013,2010s,Drama,Low,5000000.0,31724284.0,534.48568,5.3,67.0,38.0
I'm So Excited!,2013,2010s,Comedy,Low,5000000.0,11724119.0,134.48237999999998,5.6,49.0,37.0
The Call,2013,2010s,Crime,Mid,13000000.0,68572378.0,427.4798307692308,6.7,44.0,65.0
Olympus Has Fallen,2013,2010s,Action,Blockbuster,70000000.0,161025640.0,130.03662857142857,6.5,49.0,66.0
The Place Beyond the Pines,2013,2010s,Drama,Mid,15000000.0,35485608.0,136.57072,7.3,78.0,75.0
The Host,2013,2010s,Action,Blockbuster,44000000.0,63327201.0,43.92545681818182,5.8,93.0,72.0
Admission,2013,2010s,Comedy,Mid,13000000.0,18000000.0,38.46153846153847,5.7,38.0,32.0
Hey Ram,2000,2000s,Drama,Low,3900000.0,4900000.0,25.64102564102564,8.0,,
Evil Dead,2013,2010s,Horror,Mid,17000000.0,97542952.0,473.7820705882353,6.5,62.0,63.0
Trance,2013,2010s,Thriller,High,20000000.0,24261569.0,21.307845,6.9,68.0,62.0
Oblivion,2013,2010s,Action,Blockbuster,120000000.0,286168572.0,138.47381,7.0,53.0,61.0
Dark Tide,2012,2010s,Thriller,High,25000000.0,432274.0,-98.270904,4.4,0.0,16.0
42,2013,2010s,Drama,High,40000000.0,95020213.0,137.5505325,7.5,80.0,85.0
Love Is All You Need,2012,2010s,Comedy,Low,5500000.0,10016934.0,82.12607272727273,6.5,75.0,59.0
Disconnect,2012,2010s,Drama,Mid,10000000.0,3428048.0,-65.71952,7.5,70.0,75.0
Scary Movie 5,2013,2010s,Comedy,High,20000000.0,78378744.0,291.89372,3.6,4.0,38.0
Pain & Gain,2013,2010s,Thriller,High,25000000.0,86175291.0,244.701164,6.4,50.0,47.0
Home Run,2013,2010s,Drama,Low,1200000.0,2861020.0,138.41833333333332,5.9,50.0,81.0
The Grandmaster,2013,2010s,Action,Low,3860000.0,64076736.0,1560.019067357513,6.6,78.0,58.0
This Is the End,2013,2010s,Action,High,32000000.0,126041322.0,293.87913125,6.6,83.0,71.0
Iron Man 3,2013,2010s,Action,Blockbuster,200000000.0,1215439994.0,507.719997,7.1,79.0,78.0
Late Autumn,2010,2010s,Drama,Mid,6200000.0,4820000.0,-22.258064516129032,6.8,,
Black Gold,2011,2010s,Adventure,High,40000000.0,5446000.0,-86.385,6.6,,
Mud,2013,2010s,Drama,Mid,10000000.0,21587700.0,115.877,7.3,97.0,80.0
The Afflicted,2011,2010s,Horror,Low,180000.0,175742.0,-2.3655555555555554,4.5,,
The Great Gatsby,2013,2010s,Drama,Blockbuster,105000000.0,351040419.0,234.32420857142856,7.2,39.0,47.0
Star Trek Into Darkness,2013,2010s,Action,Blockbuster,190000000.0,467365246.0,145.98170842105262,7.7,84.0,89.0
The Internship,2013,2010s,Comedy,Blockbuster,58000000.0,44000000.0,-24.13793103448276,6.3,35.0,51.0
Only God Forgives,2013,2010s,Drama,Low,4800000.0,10337387.0,115.36222916666668,5.7,41.0,37.0
The Hangover Part III,2013,2010s,Comedy,Blockbuster,103000000.0,362000072.0,251.45638058252428,5.9,20.0,44.0
Fast & Furious 6,2013,2010s,Action,Blockbuster,160000000.0,788679850.0,392.92490625,7.0,71.0,84.0
Epic,2013,2010s,Animation,Blockbuster,100000000.0,268426634.0,168.426634,6.6,65.0,65.0
The Past,2013,2010s,Drama,Mid,11000000.0,10631747.0,-3.3477545454545456,7.7,,
Down Terrace,2009,2000s,Drama,Low,31192.0,10000.0,-67.94049756347782,6.4,86.0,61.0
The Lords of Salem,2012,2010s,Horror,Low,1500000.0,1165882.0,-22.27453333333333,5.2,46.0,30.0
Behind the Candelabra,2013,2010s,Drama,High,23000000.0,15600000.0,-32.17391304347826,7.0,95.0,71.0
Aftershock,2012,2010s,Horror,Low,2000000.0,58510.0,-97.0745,4.8,38.0,24.0
After Earth,2013,2010s,Science Fiction,Blockbuster,130000000.0,243843127.0,87.57163615384616,4.8,11.0,36.0
Now You See Me,2013,2010s,Thriller,Blockbuster,75000000.0,117698894.0,56.93185866666667,7.2,51.0,70.0
Lovelace,2013,2010s,Drama,Mid,10000000.0,1585582.0,-84.14418,6.2,53.0,36.0
Special Forces,2011,2010s,Action,Mid,10000000.0,10759.0,-99.89241,6.3,15.0,52.0
Redd Inc.,2012,2010s,Thriller,Low,500000.0,1000000.0,100.0,5.9,,
The Way Way Back,2013,2010s,Comedy,Low,4600000.0,23198652.0,404.31852173913046,7.4,84.0,84.0
Man of Steel,2013,2010s,Action,Blockbuster,225000000.0,662845518.0,194.598008,7.1,56.0,75.0
The Big Wedding,2013,2010s,Comedy,High,35000000.0,21819348.0,-37.65900571428571,5.6,7.0,40.0
The Purge,2013,2010s,Science Fiction,Low,3000000.0,89328627.0,2877.6209000000003,5.8,40.0,36.0
The Bling Ring,2013,2010s,Drama,Mid,15000000.0,19145732.0,27.638213333333333,5.6,59.0,33.0
Monsters University,2013,2010s,Animation,Blockbuster,200000000.0,743559607.0,271.7798035,7.2,80.0,81.0
Maniac,2012,2010s,Horror,Low,6000000.0,31081.0,-99.48198333333332,6.1,89.0,31.0
Pacific Rim,2013,2010s,Action,Blockbuster,180000000.0,407602906.0,126.44605888888889,6.9,72.0,77.0
The Best Offer,2013,2010s,Drama,Mid,13500000.0,19255873.0,42.63609629629629,7.7,56.0,77.0
World War Z,2013,2010s,Action,Blockbuster,200000000.0,531865000.0,165.9325,7.0,66.0,72.0
Elysium,2013,2010s,Science Fiction,Blockbuster,115000000.0,286140700.0,148.818,6.6,65.0,58.0
What Maisie Knew,2013,2010s,Drama,Low,6000000.0,1066471.0,-82.22548333333334,7.4,87.0,80.0
Despicable Me 2,2013,2010s,Animation,Blockbuster,76000000.0,970761885.0,1177.318269736842,7.3,75.0,85.0
White House Down,2013,2010s,Action,Blockbuster,150000000.0,205366737.0,36.911158,6.3,52.0,62.0
The World's End,2013,2010s,Comedy,High,20000000.0,46089287.0,130.446435,6.9,89.0,71.0
Hummingbird,2013,2010s,Action,High,20000000.0,8352885.0,-58.235575,6.2,,
The Heat,2013,2010s,Action,Blockbuster,43000000.0,158674180.0,269.00972093023256,6.6,66.0,71.0
The Lone Ranger,2013,2010s,Action,Blockbuster,255000000.0,89289910.0,-64.98434901960785,6.4,30.0,51.0
The Spectacular Now,2013,2010s,Comedy,Low,2500000.0,6854611.0,174.18444,7.0,91.0,76.0
Bhaag Milkha Bhaag,2013,2010s,History,Low,4600000.0,25000000.0,443.4782608695653,8.2,72.0,83.0
R.I.P.D.,2013,2010s,Fantasy,Blockbuster,130000000.0,61648500.0,-52.57807692307692,5.6,13.0,38.0
The Conjuring,2013,2010s,Horror,Mid,13000000.0,318000141.0,2346.1549307692308,7.5,86.0,83.0
Turbo,2013,2010s,Animation,Blockbuster,135000000.0,282570682.0,109.3116162962963,6.4,66.0,65.0
The Wolverine,2013,2010s,Action,Blockbuster,120000000.0,415440673.0,246.20056083333336,6.7,71.0,69.0
The Breath,2009,2000s,Action,Low,2000000.0,13500000.0,575.0,8.0,,
2 Guns,2013,2010s,Action,Blockbuster,61000000.0,131940411.0,116.29575573770492,6.7,64.0,66.0
Lost in Thailand,2012,2010s,Comedy,Low,2200000.0,208000000.0,9354.545454545454,6.2,67.0,49.0
Blue Jasmine,2013,2010s,Comedy,High,18000000.0,99206215.0,451.1456388888889,7.3,91.0,77.0
The Great Beauty,2013,2010s,Comedy,Mid,12400000.0,8371085.0,-32.49125,7.7,91.0,80.0
The Canyons,2013,2010s,Thriller,Low,250000.0,56825.0,-77.27000000000001,3.8,21.0,15.0
Percy Jackson: Sea of Monsters,2013,2010s,Adventure,Blockbuster,90000000.0,174578751.0,93.97639,5.7,42.0,55.0
The Smurfs 2,2013,2010s,Fantasy,Blockbuster,105000000.0,347434178.0,230.8896933333333,5.3,14.0,56.0
Alan Partridge: Alpha Papa,2013,2010s,Comedy,Low,4000000.0,9800000.0,145.0,6.9,,
Class of 1999,1990,1990s,Science Fiction,Low,5200000.0,2459895.0,-52.69432692307693,5.9,67.0,49.0
Man of Tai Chi,2013,2010s,Action,High,25000000.0,2054941.0,-91.780236,6.0,70.0,50.0
We're the Millers,2013,2010s,Comedy,High,37000000.0,269994119.0,629.7138351351351,7.0,48.0,72.0
Grown Ups 2,2013,2010s,Comedy,Blockbuster,80000000.0,246984278.0,208.7303475,5.4,8.0,53.0
Kick-Ass 2,2013,2010s,Action,High,28000000.0,60700000.0,116.78571428571428,6.5,32.0,57.0
Riddick,2013,2010s,Science Fiction,High,38000000.0,98337295.0,158.78235526315788,6.4,57.0,56.0
Planes,2013,2010s,Animation,Blockbuster,50000000.0,219788712.0,339.577424,5.7,25.0,49.0
Cameron's Closet,1988,1980s,Horror,Mid,7000000.0,136203.0,-98.05424285714284,5.1,,
Paranoia,2013,2010s,Drama,High,35000000.0,13785015.0,-60.614242857142855,5.6,7.0,35.0
The Wind Rises,2013,2010s,Animation,High,30000000.0,117932401.0,293.10800333333333,7.8,88.0,85.0
Jobs,2013,2010s,Drama,Mid,12000000.0,35931410.0,199.42841666666664,6.0,28.0,40.0
The Mortal Instruments: City of Bones,2013,2010s,Action,Blockbuster,60000000.0,90565421.0,50.94236833333333,5.8,13.0,58.0
The Butler,2013,2010s,Drama,High,25000000.0,115922175.0,363.6887,7.2,,
In a World...,2013,2010s,Comedy,Low,1000000.0,2963902.0,196.3902,6.6,92.0,71.0
About Time,2013,2010s,Comedy,Mid,12000000.0,87100449.0,625.837075,7.8,68.0,81.0
Chennai Express,2013,2010s,Romance,High,18000000.0,62000000.0,244.44444444444449,6.3,50.0,53.0
The Frozen Ground,2013,2010s,Thriller,High,27220000.0,5496951.0,-79.80547024246877,6.4,61.0,50.0
Empire State,2013,2010s,Action,Mid,11000000.0,3639345.0,-66.91504545454545,5.2,,
Tidal Wave,2009,2000s,Action,Mid,16000000.0,11301649.0,-29.36469375,5.5,,
Adore,2013,2010s,Drama,Mid,16000000.0,318982.0,-98.0063625,6.2,33.0,41.0
Instructions Not Included,2013,2010s,Comedy,Low,5500000.0,99067206.0,1701.2219272727273,7.5,,
Getaway,2013,2010s,Action,High,18000000.0,10501938.0,-41.6559,4.4,3.0,35.0
Gravity,2013,2010s,Science Fiction,Blockbuster,105000000.0,716392705.0,582.2787666666667,7.7,96.0,80.0
What If,2013,2010s,Drama,Mid,11000000.0,7847000.0,-28.663636363636364,6.8,74.0,69.0
Prisoners,2013,2010s,Drama,Blockbuster,46000000.0,122126687.0,165.49279782608696,8.2,81.0,87.0
Out of the Furnace,2013,2010s,Thriller,High,22000000.0,15400000.0,-30.0,6.7,54.0,52.0
Austenland,2013,2010s,Comedy,Low,4900000.0,2159041.0,-55.9379387755102,6.3,31.0,54.0
Rush,2013,2010s,Drama,High,38000000.0,90247624.0,137.49374736842103,8.1,71.0,72.0
The Family,2013,2010s,Crime,High,30000000.0,36894225.0,22.98075,6.3,28.0,41.0
The To Do List,2013,2010s,Comedy,Low,1500000.0,3566225.0,137.7483333333333,5.8,55.0,46.0
Grand Masti,2013,2010s,Comedy,Low,5500000.0,47000000.0,754.5454545454546,4.5,,
Battle of the Year,2013,2010s,Music,High,20000000.0,16549477.0,-17.252615,5.0,6.0,49.0
Out on a Limb,1992,1990s,Comedy,Mid,11000000.0,1659542.0,-84.91325454545454,5.3,,
Nebraska,2013,2010s,Drama,Mid,12000000.0,17654912.0,47.12426666666666,7.7,91.0,83.0
Metallica: Through the Never,2013,2010s,Music,High,18000000.0,7972967.0,-55.70573888888889,7.1,,
Special 26,2013,2010s,Crime,Mid,7100000.0,18000000.0,153.52112676056336,8.0,,
Runner Runner,2013,2010s,Crime,High,30000000.0,62616646.0,108.72215333333332,5.6,8.0,33.0
Blue Is the Warmest Color,2013,2010s,Romance,Low,4300000.0,10165694.0,136.41148837209303,7.6,89.0,85.0
Parkland,2013,2010s,History,Mid,10000000.0,653651.0,-93.46349,6.4,50.0,47.0
On the Job,2013,2010s,Action,Low,1052753.0,466088.0,-55.72674691974281,6.9,94.0,89.0
Cloudy with a Chance of Meatballs 2,2013,2010s,Animation,Blockbuster,78000000.0,248384621.0,218.44182179487183,6.3,70.0,66.0
Captain Phillips,2013,2010s,Action,Blockbuster,55000000.0,95000000.0,72.72727272727273,7.8,93.0,89.0
Machete Kills,2013,2010s,Action,Mid,12000000.0,15008161.0,25.06800833333333,5.6,29.0,35.0
Filth,2013,2010s,Crime,Low,5000000.0,9114264.0,82.28528,7.0,66.0,67.0
Drona,2008,2000s,Action,Mid,15000000.0,3250000.0,-78.33333333333333,2.1,,
Baggage Claim,2013,2010s,Comedy,Mid,8500000.0,22456509.0,164.19422352941177,5.1,15.0,48.0
Stitches,2012,2010s,Horror,Low,100000.0,95000.0,-5.0,5.7,39.0,40.0
Escape Plan,2013,2010s,Action,Blockbuster,50000000.0,122915111.0,145.830222,6.7,50.0,55.0
Carrie,2013,2010s,Drama,High,30000000.0,82394288.0,174.64762666666667,5.8,93.0,77.0
The Fifth Estate,2013,2010s,Drama,High,28000000.0,8555008.0,-69.4464,6.2,36.0,36.0
The Counselor,2013,2010s,Thriller,High,25000000.0,71009334.0,184.037336,5.4,33.0,23.0
12 Years a Slave,2013,2010s,Drama,High,20000000.0,187000000.0,835.0,8.1,95.0,90.0
All Is Lost,2013,2010s,Action,Mid,9000000.0,6108720.0,-32.12533333333333,6.9,94.0,63.0
Ender's Game,2013,2010s,Science Fiction,Blockbuster,110000000.0,125537191.0,14.12471909090909,6.6,62.0,65.0
Bad Grandpa,2013,2010s,Comedy,Mid,15000000.0,151831537.0,912.2102466666666,6.5,,
Thor: The Dark World,2013,2010s,Action,Blockbuster,170000000.0,644571402.0,279.1596482352941,6.7,66.0,76.0
Dallas Buyers Club,2013,2010s,Drama,Low,5000000.0,55198285.0,1003.9657,7.9,93.0,91.0
Pieta,2012,2010s,Drama,Low,103000.0,3623330.0,3417.7961165048546,7.1,72.0,72.0
Free Birds,2013,2010s,Animation,Blockbuster,55000000.0,110000000.0,100.0,5.8,20.0,44.0
Last Vegas,2013,2010s,Comedy,High,28000000.0,134402450.0,380.00875,6.6,46.0,59.0
Philomena,2013,2010s,Drama,Mid,12000000.0,100129872.0,734.4156,7.6,90.0,89.0
The Best Man Holiday,2013,2010s,Comedy,Mid,17000000.0,71625195.0,321.32467647058826,6.6,71.0,83.0
Ida,2013,2010s,Drama,Low,2159280.0,15298355.0,608.4933403727168,7.4,96.0,79.0
The Hunger Games: Catching Fire,2013,2010s,Adventure,Blockbuster,130000000.0,847423452.0,551.8641938461539,7.5,90.0,89.0
The Hobbit: The Desolation of Smaug,2013,2010s,Adventure,Blockbuster,250000000.0,958400000.0,283.36,7.8,74.0,85.0
47 Ronin,2013,2010s,Drama,Blockbuster,175000000.0,150962475.0,-13.73572857142857,6.2,16.0,48.0
Delivery Man,2013,2010s,Comedy,High,26000000.0,51164106.0,96.78502307692308,6.3,39.0,47.0
Twice Born,2012,2010s,Drama,Mid,13000000.0,18295.0,-99.85926923076924,7.3,17.0,68.0
Frozen,2013,2010s,Animation,Blockbuster,150000000.0,1274219009.0,749.4793393333333,7.4,63.0,46.0
Inside Llewyn Davis,2013,2010s,Drama,Mid,11000000.0,32935319.0,199.4119909090909,7.4,92.0,74.0
The Wolf of Wall Street,2013,2010s,Crime,Blockbuster,100000000.0,392000694.0,292.000694,8.2,80.0,83.0
Homefront,2013,2010s,Action,High,22000000.0,43058898.0,95.72226363636364,6.5,43.0,61.0
Mandela: Long Walk to Freedom,2013,2010s,Drama,High,35000000.0,27330000.0,-21.914285714285715,7.1,61.0,68.0
August: Osage County,2013,2010s,Comedy,High,25000000.0,74188937.0,196.755748,7.2,67.0,65.0
Amen,2013,2010s,Fantasy,Low,110000.0,270000.0,145.45454545454547,7.9,67.0,82.0
American Hustle,2013,2010s,Drama,High,40000000.0,251171807.0,527.9295175,7.2,92.0,74.0
The Secret Life of Walter Mitty,2013,2010s,Adventure,Blockbuster,90000000.0,188133322.0,109.03702444444446,7.3,71.0,81.0
Her,2013,2010s,Romance,High,23000000.0,47351251.0,105.87500434782608,8.0,95.0,82.0
Lone Survivor,2013,2010s,Action,High,40000000.0,149295601.0,273.2390025,7.5,75.0,87.0
Saving Mr. Banks,2013,2010s,Comedy,High,35000000.0,112544580.0,221.55594285714284,7.5,79.0,84.0
The Nutcracker: The Untold Story,2010,2010s,Fantasy,Blockbuster,90000000.0,16178959.0,-82.02337888888889,4.1,,
Oldboy,2013,2010s,Drama,High,30000000.0,4861022.0,-83.79659333333333,5.8,82.0,94.0
Anchorman 2: The Legend Continues,2013,2010s,Comedy,Blockbuster,50000000.0,173649015.0,247.29803,6.3,74.0,52.0
Snowpiercer,2013,2010s,Action,High,39200000.0,86758912.0,121.3237551020408,7.1,94.0,72.0
The Precocious and Brief Life of Sabina Rivas,2012,2010s,Drama,Low,4620000.0,2395000.0,-48.16017316017316,6.7,,
Fun Size,2012,2010s,Comedy,Mid,14000000.0,11417362.0,-18.447414285714288,5.4,25.0,47.0
The Physician,2013,2010s,Adventure,High,32000000.0,57284237.0,79.01324062500001,7.2,,
Mio in the Land of Faraway,1987,1980s,Adventure,Mid,7200000.0,2300000.0,-68.05555555555556,6.3,,
The Hijack That Went South,2013,2010s,Action,Low,1800000.0,532269.0,-70.4295,5.5,,
Grudge Match,2013,2010s,Comedy,High,40000000.0,44907260.0,12.26815,6.4,31.0,46.0
Dhoom,2004,2000s,Action,Low,1500000.0,12000000.0,700.0,6.7,,
Paranormal Activity: The Marked Ones,2014,2010s,Horror,Low,5000000.0,86362372.0,1627.24744,5.1,39.0,34.0
The Lunchbox,2013,2010s,Drama,Low,1000000.0,4235151.0,323.5151,7.8,97.0,87.0
Yves Saint Laurent,2014,2010s,Drama,Mid,12000000.0,21026290.0,75.21908333333333,6.2,,
Hunting Elephants,2013,2010s,Comedy,Low,2300000.0,4500000.0,95.65217391304348,6.3,36.0,61.0
Underdogs,2013,2010s,Animation,High,22000000.0,24000000.0,9.090909090909092,6.4,,
The Railway Man,2013,2010s,Drama,High,18000000.0,22309223.0,23.94012777777778,7.1,66.0,68.0
Diana,2013,2010s,Drama,Mid,15000000.0,21766271.0,45.10847333333333,5.6,8.0,25.0
Ride Along,2014,2010s,Action,High,25000000.0,153997819.0,515.991276,6.1,18.0,58.0
Jack Ryan: Shadow Recruit,2014,2010s,Action,Blockbuster,60000000.0,50549107.0,-15.751488333333333,6.2,54.0,53.0
Divergent,2014,2010s,Adventure,Blockbuster,85000000.0,288747895.0,239.7034058823529,6.6,41.0,69.0
HOUBA! On the Trail of the Marsupilami,2012,2010s,Adventure,Blockbuster,50000000.0,48600000.0,-2.8000000000000003,5.5,,
Devil's Due,2014,2010s,Horror,Mid,7000000.0,36433975.0,420.4853571428571,4.2,18.0,21.0
The First Power,1990,1990s,Crime,Mid,10000000.0,22424195.0,124.24195,5.7,30.0,45.0
Decoding Annie Parker,2014,2010s,Drama,Low,2000000.0,48390.0,-97.5805,6.2,56.0,41.0
Justice League: War,2014,2010s,Animation,Low,3500000.0,5155325.0,47.295,7.2,50.0,79.0
Yeh Jawaani Hai Deewani,2013,2010s,Romance,Mid,7700000.0,46000000.0,497.4025974025974,7.3,57.0,64.0
Vizontele Tuuba,2004,2000s,Comedy,Low,3000000.0,13954476.0,365.1492,6.5,,
Ernest & Celestine,2012,2010s,Animation,Mid,12516654.0,8109160.0,-35.213036966588675,7.8,,
"I, Frankenstein",2014,2010s,Horror,Blockbuster,65000000.0,71154592.0,9.468603076923078,5.1,5.0,38.0
Better Living Through Chemistry,2014,2010s,Drama,Low,5000000.0,75143.0,-98.49714,6.2,22.0,38.0
Labor Day,2013,2010s,Drama,High,18000000.0,20275812.0,12.6434,6.9,35.0,54.0
The Young and Prodigious T.S. Spivet,2013,2010s,Adventure,High,33000000.0,9494789.0,-71.22791212121213,7.0,,
The Monuments Men,2014,2010s,War,Blockbuster,70000000.0,154984035.0,121.40576428571428,6.1,30.0,44.0
The Lego Movie,2014,2010s,Adventure,Blockbuster,60000000.0,469160692.0,681.9344866666667,7.7,96.0,87.0
RoboCop,2014,2010s,Action,Blockbuster,120000000.0,242688965.0,102.24080416666668,6.1,90.0,84.0
Sabotage,2014,2010s,Action,High,35000000.0,17508518.0,-49.97566285714286,5.7,100.0,69.0
The Zero Theorem,2014,2010s,Drama,Mid,8500000.0,770706.0,-90.93287058823528,6.0,49.0,43.0
Endless Love,2014,2010s,Drama,High,20000000.0,34077920.0,70.3896,6.2,28.0,52.0
Winter's Tale,2014,2010s,Drama,Blockbuster,60000000.0,30800231.0,-48.66628166666666,6.1,13.0,43.0
Joe,2014,2010s,Drama,Low,4000000.0,2365467.0,-40.863325,6.8,82.0,64.0
Love Story 2050,2008,2000s,Science Fiction,High,20000000.0,5000000.0,-75.0,2.7,,
About Last Night,2014,2010s,Comedy,Mid,12500000.0,49002684.0,292.021472,6.0,61.0,59.0
The Grand Budapest Hotel,2014,2010s,Comedy,High,30000000.0,174600318.0,482.00106,8.1,91.0,86.0
That Awkward Moment,2014,2010s,Comedy,Mid,8000000.0,26049082.0,225.613525,6.1,22.0,46.0
Interstellar,2014,2010s,Adventure,Blockbuster,165000000.0,675120017.0,309.16364666666664,8.7,72.0,86.0
3 Days to Kill,2014,2010s,Action,High,28000000.0,52597999.0,87.84999642857143,6.2,27.0,43.0
Non-Stop,2014,2010s,Action,Blockbuster,50000000.0,222809600.0,345.61920000000003,6.9,62.0,63.0
300: Rise of an Empire,2014,2010s,Action,Blockbuster,110000000.0,337580051.0,206.89095545454543,6.2,45.0,51.0
Mr. Peabody & Sherman,2014,2010s,Animation,Blockbuster,145000000.0,272912430.0,88.21546896551725,6.8,81.0,73.0
Under the Skin,2014,2010s,Thriller,Mid,13300000.0,5380251.0,-59.546984962406015,6.3,85.0,55.0
Need for Speed,2014,2010s,Action,Blockbuster,66000000.0,203277636.0,207.99641818181817,6.4,22.0,57.0
Barefoot,2014,2010s,Comedy,Low,6000000.0,15071.0,-99.74881666666666,6.5,17.0,45.0
Veronica Mars,2014,2010s,Comedy,Low,6000000.0,3485127.0,-41.91455,6.7,79.0,78.0
Bad Words,2013,2010s,Comedy,Mid,9500000.0,7800000.0,-17.894736842105264,6.7,65.0,61.0
Son of God,2014,2010s,Drama,High,22000000.0,67800064.0,208.1821090909091,5.8,21.0,73.0
Space Pirate Captain Harlock,2013,2010s,Animation,High,30000000.0,17137302.0,-42.87566,6.4,,
Captain America: The Winter Soldier,2014,2010s,Action,Blockbuster,170000000.0,714766572.0,320.4509247058824,7.7,90.0,92.0
Noah,2014,2010s,Drama,Blockbuster,125000000.0,362637473.0,190.1099784,5.8,76.0,41.0
Across to Singapore,1928,1920s,Adventure,Low,290000.0,596000.0,105.51724137931036,6.2,,
13 Sins,2014,2010s,Horror,Low,5000000.0,13809.0,-99.72382,6.3,65.0,45.0
The Legend of Hercules,2014,2010s,Action,Blockbuster,70000000.0,61279452.0,-12.457925714285714,4.3,4.0,33.0
Muppets Most Wanted,2014,2010s,Comedy,Blockbuster,50000000.0,80383290.0,60.766580000000005,6.4,80.0,58.0
Blood Ties,2013,2010s,Thriller,High,25500000.0,2415472.0,-90.52756078431372,6.5,52.0,39.0
The Quiet Ones,2014,2010s,Horror,Low,200000.0,17834867.0,8817.4335,5.1,37.0,25.0
Draft Day,2014,2010s,Drama,High,25000000.0,28831145.0,15.32458,6.8,59.0,65.0
The Raid 2,2014,2010s,Action,Low,4500000.0,2627209.0,-41.617577777777775,7.9,81.0,87.0
The Amazing Spider-Man 2,2014,2010s,Action,Blockbuster,200000000.0,705717432.0,252.858716,6.6,51.0,64.0
Oculus,2013,2010s,Horror,Low,5000000.0,44030246.0,780.60492,6.6,74.0,53.0
God's Not Dead,2014,2010s,Drama,Mid,17000000.0,29789000.0,75.22941176470587,4.6,12.0,75.0
Beauty and the Beast,2014,2010s,Fantasy,High,33000000.0,49100000.0,48.78787878787879,6.4,94.0,92.0
Rio 2,2014,2010s,Animation,Blockbuster,103000000.0,500188435.0,385.6198398058253,6.3,48.0,58.0
Transcendence,2014,2010s,Thriller,Blockbuster,100000000.0,103039258.0,3.039258,6.2,19.0,37.0
Heaven is for Real,2014,2010s,Drama,Mid,12000000.0,101332962.0,744.4413499999999,5.9,51.0,66.0
The Other Woman,2014,2010s,Comedy,High,40000000.0,196781193.0,391.9529825,6.0,39.0,45.0
Brick Mansions,2014,2010s,Action,High,28000000.0,68896829.0,146.06010357142858,5.6,26.0,47.0
Locke,2014,2010s,Drama,Low,2000000.0,4635300.0,131.765,7.1,91.0,72.0
Pompeii,2014,2010s,Action,Blockbuster,130000000.0,117831631.0,-9.360283846153846,5.5,28.0,34.0
Neighbors,2014,2010s,Comedy,High,18000000.0,268157400.0,1389.763333333333,6.3,57.0,49.0
Tentacles,1977,1970s,Thriller,Low,750000.0,3000000.0,300.0,3.8,,
Belle,2013,2010s,Drama,Mid,10900000.0,16505460.0,51.42623853211009,7.3,84.0,82.0
The Immigrant,2013,2010s,Drama,Mid,16000000.0,5867686.0,-63.32696249999999,6.6,85.0,60.0
A Wednesday!,2008,2000s,Action,Low,1400000.0,3500000.0,150.0,8.1,,
Moms' Night Out,2014,2010s,Comedy,Low,5000000.0,10429707.0,108.59414,5.3,20.0,66.0
Lucy,2014,2010s,Action,High,40000000.0,126546825.0,216.3670625,6.4,67.0,47.0
X-Men: Days of Future Past,2014,2010s,Action,Blockbuster,250000000.0,747862775.0,199.14511,7.9,90.0,91.0
Godzilla,2014,2010s,Action,Blockbuster,160000000.0,529076069.0,230.672543125,6.4,15.0,28.0
Walk of Shame,2014,2010s,Comedy,Mid,15000000.0,59209.0,-99.60527333333332,6.0,12.0,37.0
Legends of Oz: Dorothy's Return,2013,2010s,Animation,Blockbuster,70000000.0,18662027.0,-73.33996142857143,4.9,16.0,68.0
Chef,2014,2010s,Comedy,Mid,11000000.0,45967935.0,317.8903181818182,7.3,87.0,85.0
Afflicted,2014,2010s,Horror,Low,318000.0,121179.0,-61.8933962264151,6.2,83.0,57.0
Blended,2014,2010s,Comedy,High,40000000.0,123494610.0,208.736525,6.5,14.0,64.0
Begin Again,2013,2010s,Comedy,Mid,8000000.0,63464861.0,693.3107625,7.4,83.0,81.0
Maleficent,2014,2010s,Fantasy,Blockbuster,180000000.0,758539785.0,321.4109916666667,6.9,54.0,70.0
Edge of Tomorrow,2014,2010s,Action,Blockbuster,178000000.0,370541256.0,108.16924494382025,7.9,,
Mission: Impossible - Rogue Nation,2015,2010s,Action,Blockbuster,150000000.0,682330139.0,354.8867593333333,7.4,,
Million Dollar Arm,2014,2010s,Drama,High,25000000.0,38307627.0,53.230508,7.0,65.0,68.0
The Fault in Our Stars,2014,2010s,Romance,Mid,12000000.0,307166834.0,2459.7236166666667,7.6,81.0,85.0
The Grand Seduction,2014,2010s,Comedy,Mid,12700000.0,3430018.0,-72.9919842519685,7.0,59.0,66.0
Black Nativity,2013,2010s,Drama,High,17500000.0,7018189.0,-59.89606285714287,4.8,50.0,51.0
Minuscule: Valley of the Lost Ants,2013,2010s,Animation,High,19700000.0,30000000.0,52.28426395939086,7.1,,
Camille Claudel 1915,2013,2010s,Drama,Low,3512454.0,115860.0,-96.70145146384836,6.5,,
Mindscape,2013,2010s,Thriller,Low,4357373.0,1200000.0,-72.46047102233388,6.4,,
Bikini Spring Break,2012,2010s,Comedy,Low,500000.0,500000.0,0.0,3.2,,
22 Jump Street,2014,2010s,Crime,Blockbuster,50000000.0,188441614.0,276.883228,7.0,85.0,77.0
Human Capital,2014,2010s,Drama,Low,6000000.0,5809330.0,-3.177833333333333,7.2,81.0,77.0
The Equalizer,2014,2010s,Thriller,Blockbuster,55000000.0,192330738.0,249.6922509090909,7.3,59.0,76.0
How to Train Your Dragon 2,2014,2010s,Fantasy,Blockbuster,145000000.0,609123048.0,320.0848606896552,7.8,91.0,90.0
Birdman,2014,2010s,Drama,High,18000000.0,103215094.0,473.41718888888886,7.7,91.0,77.0
17 Girls,2011,2010s,Drama,Low,4141459.0,201607.0,-95.13198126553952,6.0,67.0,39.0
Boyhood,2014,2010s,Drama,Low,4000000.0,44349000.0,1008.725,7.9,97.0,81.0
Think Like a Man Too,2014,2010s,Comedy,High,24000000.0,70181428.0,192.42261666666667,5.7,22.0,59.0
Jersey Boys,2014,2010s,Music,High,40000000.0,67347013.0,68.3675325,6.8,51.0,62.0
Transformers: Age of Extinction,2014,2010s,Science Fiction,Blockbuster,210000000.0,1091405097.0,419.71671285714285,5.6,18.0,50.0
Planes: Fire & Rescue,2014,2010s,Animation,Blockbuster,50000000.0,151165787.0,202.331574,5.9,,
Mrs. Brown's Boys D'Movie,2014,2010s,Comedy,Low,5900000.0,23000000.0,289.8305084745763,4.2,,
Tammy,2014,2010s,Comedy,High,20000000.0,100525432.0,402.62716,4.9,24.0,36.0
The Babadook,2014,2010s,Drama,Low,2000000.0,6676471.0,233.82355,6.8,98.0,72.0
White God,2014,2010s,Drama,Low,2200000.0,282358.0,-87.16554545454545,6.8,88.0,71.0
Whiplash,2014,2010s,Drama,Low,3300000.0,13092000.0,296.72727272727275,8.5,94.0,94.0
Gone Girl,2014,2010s,Mystery,Blockbuster,61000000.0,369330363.0,505.4596114754099,8.1,87.0,87.0
Dawn of the Planet of the Apes,2014,2010s,Science Fiction,Blockbuster,170000000.0,710644566.0,318.02621529411766,7.6,90.0,88.0
No One Lives,2013,2010s,Horror,Low,2900000.0,74918.0,-97.41662068965518,6.0,48.0,42.0
And So It Goes,2014,2010s,Comedy,High,18000000.0,25312387.0,40.62437222222222,5.9,18.0,40.0
Sex Tape,2014,2010s,Comedy,High,40000000.0,126069509.0,215.1737725,5.1,16.0,33.0
The Purge: Anarchy,2014,2010s,Horror,Mid,9000000.0,108782847.0,1108.6983,6.4,57.0,56.0
Guardians of the Galaxy,2014,2010s,Action,Blockbuster,170000000.0,773328629.0,354.8991935294118,8.0,91.0,92.0
The Signal,2014,2010s,Thriller,Low,4000000.0,600896.0,-84.9776,6.0,59.0,58.0
The Expendables 3,2014,2010s,Action,Blockbuster,90000000.0,206172544.0,129.08060444444445,6.1,32.0,49.0
Hercules,2014,2010s,Action,Blockbuster,100000000.0,243400000.0,143.4,6.0,84.0,76.0
A Most Wanted Man,2014,2010s,Thriller,Mid,15000000.0,31554855.0,110.3657,6.7,87.0,65.0
Wish I Was Here,2014,2010s,Drama,Low,5500000.0,5483299.0,-0.3036545454545454,6.6,47.0,59.0
Earth to Echo,2014,2010s,Family,Mid,13000000.0,45300000.0,248.46153846153845,5.7,50.0,47.0
Step Up All In,2014,2010s,Romance,Blockbuster,45000000.0,86165646.0,91.47921333333332,5.9,,
Life After Beth,2014,2010s,Romance,Low,2400000.0,88273.0,-96.32195833333334,5.7,44.0,30.0
The Rover,2014,2010s,Crime,Mid,12250000.0,2295423.0,-81.26185306122449,6.4,66.0,51.0
Magic in the Moonlight,2014,2010s,Comedy,Mid,16800000.0,51029361.0,203.74619642857144,6.5,51.0,45.0
The Hundred-Foot Journey,2014,2010s,Drama,High,22000000.0,88880821.0,304.0037318181818,7.3,67.0,81.0
Jupiter Ascending,2015,2010s,Science Fiction,Blockbuster,176000003.0,183987723.0,4.538477195366866,5.3,27.0,38.0
Teenage Mutant Ninja Turtles,2014,2010s,Science Fiction,Blockbuster,125000000.0,477200000.0,281.76,5.8,21.0,50.0
The Giver,2014,2010s,Drama,High,25000000.0,66980456.0,167.921824,6.4,35.0,55.0
Let's Be Cops,2014,2010s,Comedy,Mid,17000000.0,136621271.0,703.6545352941176,6.4,18.0,51.0
Sin City: A Dame to Kill For,2014,2010s,Crime,Blockbuster,65000000.0,39407616.0,-39.37289846153846,6.5,,
If I Stay,2014,2010s,Drama,Mid,11000000.0,78874843.0,617.0440272727272,6.7,35.0,61.0
"Two Days, One Night",2014,2010s,Drama,Mid,7000000.0,6860853.0,-1.9878142857142855,7.3,97.0,76.0
The Pyramid,2014,2010s,Horror,Mid,6500000.0,13865435.0,113.3143846153846,4.7,14.0,21.0
Life of Crime,2013,2010s,Comedy,Mid,12000000.0,265452.0,-97.7879,5.8,68.0,37.0
"As Above, So Below",2014,2010s,Horror,Low,5000000.0,40100000.0,702.0,6.3,26.0,40.0
The Guest,2014,2010s,Mystery,Low,5000000.0,2367161.0,-52.656780000000005,6.7,91.0,69.0
Before I Go to Sleep,2014,2010s,Mystery,High,22000000.0,15447154.0,-29.78566363636364,6.3,37.0,40.0
Atlas Shrugged Part III: Who is John Galt?,2014,2010s,Drama,Low,5000000.0,846704.0,-83.06592,4.3,,
Into the Storm,2014,2010s,Action,Blockbuster,50000000.0,160602194.0,221.204388,5.8,21.0,42.0
Third Person,2013,2010s,Drama,High,28000000.0,1749201.0,-93.75285357142856,6.3,25.0,34.0
The Drop,2014,2010s,Drama,Mid,12600000.0,19054534.0,51.22646031746032,7.0,89.0,76.0
The Maze Runner,2014,2010s,Action,High,34000000.0,348319861.0,924.4701794117648,6.8,65.0,68.0
No Good Deed,2014,2010s,Crime,Mid,13200000.0,53830415.0,307.8061742424242,5.6,25.0,25.0
Camp X-Ray,2014,2010s,Drama,Low,1000000.0,59744.0,-94.0256,6.8,75.0,63.0
A Walk Among the Tombstones,2014,2010s,Crime,High,28000000.0,53181600.0,89.9342857142857,6.5,68.0,53.0
My Old Lady,2014,2010s,Romance,Low,5000000.0,7527232.0,50.54464,6.4,62.0,43.0
CBGB,2013,2010s,Drama,Low,5000000.0,40400.0,-99.192,6.6,7.0,42.0
The Homesman,2014,2010s,Western,Mid,16000000.0,3442853.0,-78.48216875,6.6,81.0,52.0
The November Man,2014,2010s,Crime,Mid,15000000.0,32556119.0,117.04079333333333,6.3,35.0,46.0
The Boxtrolls,2014,2010s,Animation,Blockbuster,60000000.0,108255770.0,80.42628333333333,6.8,77.0,63.0
The Tale of the Princess Kaguya,2013,2010s,Animation,Blockbuster,49300000.0,24186232.0,-50.940705882352944,8.0,,
This Is Where I Leave You,2014,2010s,Drama,High,19800000.0,41296320.0,108.56727272727274,6.7,44.0,59.0
American Sniper,2014,2010s,War,Blockbuster,58800000.0,542307423.0,822.2915357142858,7.3,72.0,84.0
Tusk,2014,2010s,Comedy,Low,2800000.0,1826705.0,-34.76053571428571,5.4,45.0,36.0
Annabelle,2014,2010s,Horror,Mid,6500000.0,255273813.0,3827.2894307692304,5.5,29.0,36.0
Dracula Untold,2014,2010s,Horror,Blockbuster,70000000.0,215529201.0,207.89885857142855,6.2,24.0,58.0
The Prince,2014,2010s,Thriller,High,18000000.0,266586800.0,1381.0377777777778,4.6,0.0,23.0
Predestination,2014,2010s,Science Fiction,Low,5500000.0,3000000.0,-45.45454545454545,7.4,83.0,75.0
The Best of Me,2014,2010s,Drama,High,26000000.0,35926213.0,38.17774230769231,6.7,12.0,59.0
John Wick,2014,2010s,Action,High,20000000.0,88761661.0,343.808305,7.5,87.0,81.0
The Judge,2014,2010s,Drama,Blockbuster,50000000.0,83719388.0,67.438776,7.4,48.0,72.0
Fury,2014,2010s,War,Blockbuster,68000000.0,211817906.0,211.49692058823527,7.6,100.0,89.0
The Salvation,2014,2010s,Drama,Mid,10500000.0,42070000.0,300.6666666666667,6.7,72.0,62.0
St. Vincent,2014,2010s,Comedy,Mid,13000000.0,54837234.0,321.82487692307694,7.2,77.0,78.0
"Alexander and the Terrible, Horrible, No Good, Very Bad Day",2014,2010s,Family,High,28000000.0,100654149.0,259.47910357142854,6.2,61.0,58.0
Left Behind,2014,2010s,Thriller,Mid,16000000.0,19682924.0,23.018275,3.1,1.0,38.0
Ouija,2014,2010s,Horror,Low,5000000.0,103590271.0,1971.80542,4.5,6.0,24.0
Nightcrawler,2014,2010s,Crime,Mid,8500000.0,38697217.0,355.26137647058823,7.8,95.0,85.0
Felix The Cat: The Movie,1988,1980s,Animation,Mid,9000000.0,1964253.0,-78.17496666666666,4.7,,
Big Hero 6,2014,2010s,Adventure,Blockbuster,165000000.0,652105443.0,295.21542,7.8,89.0,91.0
Marshland,2014,2010s,Mystery,Low,4000000.0,5169755.0,29.243875000000003,7.2,,
The Book of Life,2014,2010s,Romance,Blockbuster,50000000.0,97437106.0,94.874212,7.2,89.0,71.0
Ex Machina,2015,2010s,Drama,Mid,15000000.0,36869414.0,145.79609333333337,7.7,92.0,86.0
Kung Fu Dunk,2008,2000s,Action,Mid,10000000.0,22896728.0,128.96728,4.8,,
Paradise: Love,2012,2010s,Drama,Low,3600000.0,24267.0,-99.32591666666669,7.0,78.0,68.0
Foxcatcher,2014,2010s,Drama,High,24000000.0,12096300.0,-49.59875,7.0,87.0,66.0
Wolf Creek 2,2013,2010s,Horror,Mid,8000000.0,9630444.0,20.38055,6.2,50.0,39.0
Walking With Dinosaurs,2013,2010s,Animation,Blockbuster,80000000.0,126546518.0,58.1831475,5.2,23.0,41.0
Remington and the Curse of the Zombadings,2011,2010s,Foreign,Low,22361.0,721651.0,3127.2751665846786,5.8,,
Stalingrad,2013,2010s,War,High,30000000.0,68129518.0,127.09839333333332,5.7,50.0,41.0
The Imitation Game,2014,2010s,History,Mid,14000000.0,233555708.0,1568.2550571428571,8.0,89.0,91.0
Inherent Vice,2014,2010s,Comedy,High,20000000.0,11110975.0,-44.445125,6.6,74.0,52.0
The Hunger Games: Mockingjay - Part 1,2014,2010s,Science Fiction,Blockbuster,125000000.0,752100229.0,501.6801832,6.6,69.0,71.0
Exodus: Gods and Kings,2014,2010s,Adventure,Blockbuster,140000000.0,268031828.0,91.45130571428572,6.0,30.0,35.0
Dumb and Dumber To,2014,2010s,Comedy,High,40000000.0,169837010.0,324.592525,5.6,30.0,35.0
Repentance,2014,2010s,Horror,Low,5000000.0,1189612.0,-76.20776000000001,4.9,20.0,42.0
The Theory of Everything,2014,2010s,Drama,Mid,15000000.0,123726688.0,724.8445866666667,7.7,80.0,84.0
"Moscow, Belgium",2008,2000s,Romance,Low,560000.0,1500000.0,167.85714285714286,7.2,,
Dolphin Tale 2,2014,2010s,Family,High,36000000.0,52424533.0,45.62370277777778,6.4,66.0,72.0
When the Game Stands Tall,2014,2010s,Drama,Mid,15000000.0,30127963.0,100.85308666666666,6.6,20.0,72.0
Aashiqui 2,2013,2010s,Drama,Low,1300000.0,16000000.0,1130.769230769231,7.1,,
Ragnarok,2013,2010s,Action,Mid,6500000.0,3721345.0,-42.74853846153846,5.8,69.0,43.0
20th Century Boys - Chapter 1: Beginning of the End,2008,2000s,Science Fiction,High,20000000.0,31244858.0,56.22429,6.6,,
Beyond the Lights,2014,2010s,Romance,Mid,7000000.0,14618727.0,108.83895714285714,6.8,84.0,75.0
In the Heart of the Sea,2015,2010s,Thriller,Blockbuster,100000000.0,93820758.0,-6.179242,6.9,43.0,53.0
Jurassic World,2015,2010s,Action,Blockbuster,150000000.0,1513528810.0,909.0192066666668,6.9,70.0,78.0
My Dear Desperado,2010,2010s,Romance,Low,800000.0,4214668.0,426.8335000000001,6.8,,
Horrible Bosses 2,2014,2010s,Comedy,Blockbuster,42000000.0,107670357.0,156.35799285714285,6.3,34.0,47.0
Lucia,2013,2010s,Fantasy,Low,79000.0,170000.0,115.18987341772151,8.3,,
Penguins of Madagascar,2014,2010s,Family,Blockbuster,132000000.0,373552094.0,182.99401060606056,6.6,73.0,63.0
Black or White,2014,2010s,Drama,Mid,9000000.0,21571189.0,139.67987777777776,6.7,38.0,65.0
The Water Diviner,2014,2010s,War,High,22500000.0,15520023.0,-31.02212,7.0,61.0,60.0
Still Alice,2014,2010s,Drama,Low,5000000.0,43884652.0,777.69304,7.5,85.0,85.0
Paddington,2014,2010s,Family,Blockbuster,55000000.0,259207227.0,371.2858672727273,7.3,98.0,80.0
Maze Runner: The Scorch Trials,2015,2010s,Action,Blockbuster,61000000.0,311256926.0,410.2572557377049,6.3,46.0,54.0
Clouds of Sils Maria,2014,2010s,Drama,Mid,6600000.0,1851517.0,-71.94671212121212,6.7,90.0,65.0
Hard to Be a God,2013,2010s,Drama,Mid,7000000.0,1310673.0,-81.2761,6.5,95.0,66.0
Kill the Messenger,2014,2010s,Thriller,Low,5000000.0,2450846.0,-50.98308,6.9,77.0,69.0
The Face of Love,2013,2010s,Drama,Low,4000000.0,350006.0,-91.24985,6.2,42.0,31.0
The Hobbit: The Battle of the Five Armies,2014,2010s,Action,Blockbuster,250000000.0,956019788.0,282.4079152,7.4,59.0,74.0
Selma,2014,2010s,History,High,20000000.0,66787908.0,233.93954,7.5,99.0,86.0
Unbroken,2014,2010s,Drama,Blockbuster,65000000.0,163442937.0,151.45067230769232,7.2,50.0,70.0
Fat Pizza,2003,2000s,Comedy,Low,400000.0,7888102.0,1872.0255,5.6,,
Khumba,2013,2010s,Animation,High,20000000.0,27187375.0,35.936875,5.7,44.0,43.0
A Girl Walks Home Alone at Night,2014,2010s,Horror,Low,1000000.0,395000.0,-60.5,6.9,96.0,75.0
Mommy,2014,2010s,Drama,Low,4900000.0,3494070.0,-28.69244897959184,8.0,89.0,89.0
A Most Violent Year,2014,2010s,Crime,High,20000000.0,12007070.0,-39.96465,6.9,89.0,69.0
Wild,2014,2010s,Drama,Mid,15000000.0,52501541.0,250.0102733333333,7.1,88.0,75.0
Big Eyes,2014,2010s,Drama,Mid,10000000.0,28883511.0,188.83511,6.9,72.0,68.0
Into the Woods,2014,2010s,Fantasy,Blockbuster,50000000.0,212902372.0,325.804744,5.9,71.0,49.0
The Interview,2014,2010s,Action,Blockbuster,44000000.0,12342632.0,-71.94856363636364,6.5,100.0,81.0
Kingsman: The Secret Service,2015,2010s,Crime,Blockbuster,81000000.0,414351546.0,411.54511851851856,7.7,74.0,84.0
Night at the Museum: Secret of the Tomb,2014,2010s,Adventure,Blockbuster,127000000.0,349424282.0,175.13722992125983,6.2,47.0,57.0
Madea's Big Happy Family,2011,2010s,Comedy,High,25000000.0,53213633.0,112.854532,4.9,38.0,74.0
Seventh Son,2014,2010s,Adventure,Blockbuster,95000000.0,114178613.0,20.188013684210524,5.5,12.0,34.0
Gloss,2007,2000s,Comedy,Low,2500000.0,4684165.0,87.3666,5.5,,
Annie,2014,2010s,Comedy,Blockbuster,65000000.0,133821816.0,105.87971692307693,5.4,57.0,69.0
PK,2014,2010s,Comedy,Mid,13000000.0,120000000.0,823.076923076923,8.1,,
Foodfight!,2012,2010s,Animation,Blockbuster,65000000.0,73706.0,-99.88660615384616,1.3,,
Drishyam,2013,2010s,Crime,Low,750000.0,12000000.0,1500.0,8.4,,
Chappie,2015,2010s,Crime,Blockbuster,49000000.0,104399548.0,113.06030204081632,6.8,33.0,56.0
Gimme Shelter,2013,2010s,Drama,Mid,7500000.0,1359910.0,-81.86786666666667,6.4,93.0,91.0
Taken 3,2014,2010s,Thriller,Blockbuster,48000000.0,325771424.0,578.6904666666667,6.0,13.0,44.0
Blackhat,2015,2010s,Crime,Blockbuster,70000000.0,17752940.0,-74.63865714285714,5.5,32.0,24.0
Terminator Genisys,2015,2010s,Science Fiction,Blockbuster,155000000.0,440603537.0,184.2603464516129,6.3,27.0,53.0
The Woman in Black 2: Angel of Death,2014,2010s,Thriller,Low,1000000.0,26501323.0,2550.1323,4.8,,
Forbidden Kingdom,2014,2010s,Thriller,High,26000000.0,34592118.0,33.046607692307695,5.2,,
Justin Bieber: Never Say Never,2011,2010s,Documentary,Mid,13000000.0,98441954.0,657.2458,1.7,65.0,65.0
"Tad, the Lost Explorer",2012,2010s,Animation,Mid,10500000.0,23000000.0,119.04761904761904,5.9,,
Nothing Left to Fear,2013,2010s,Horror,Low,3000000.0,1675381.0,-44.15396666666667,4.4,9.0,16.0
It Follows,2015,2010s,Horror,Low,2000000.0,14674076.0,633.7038,6.8,95.0,66.0
Highway to Hell,1991,1990s,Fantasy,Mid,9000000.0,26055.0,-99.7105,6.0,,
The Berlin File,2013,2010s,Action,Mid,9000000.0,48965210.0,444.0578888888889,6.6,43.0,58.0
Tim,1979,1970s,Romance,Low,600000.0,809000.0,34.833333333333336,6.4,,
Solomon and Sheba,1959,1950s,Drama,Low,5000000.0,12200000.0,144.0,6.2,14.0,56.0
Peter and Vandy,2009,2000s,Drama,Low,500000.0,11276.0,-97.7448,6.3,65.0,56.0
Kandahar,2010,2010s,Drama,Mid,7000000.0,15172408.0,116.74868571428571,6.6,,
Torrente 5: Operación Eurovegas,2014,2010s,Action,Mid,9272437.0,11672363.0,25.88236512148856,5.3,,
Mad Max: Fury Road,2015,2010s,Action,Blockbuster,150000000.0,378858340.0,152.5722266666667,8.1,97.0,85.0
Insidious: Chapter 3,2015,2010s,Drama,Mid,10000000.0,104303851.0,943.03851,6.1,57.0,51.0
Star Wars: The Force Awakens,2015,2010s,Action,Blockbuster,245000000.0,2068223624.0,744.1729077551021,7.7,,
Ben-Hur,2016,2010s,Adventure,Blockbuster,100000000.0,94061311.0,-5.938689,5.7,25.0,53.0
Warcraft,2016,2010s,Action,Blockbuster,160000000.0,433677183.0,171.048239375,6.7,28.0,76.0
Avengers: Age of Ultron,2015,2010s,Action,Blockbuster,280000000.0,1405403694.0,401.9298907142857,7.3,76.0,83.0
Pirates of the Caribbean: Dead Men Tell No Tales,2017,2010s,Adventure,Blockbuster,230000000.0,794191988.0,245.3008643478261,6.5,29.0,61.0
Ant-Man,2015,2010s,Science Fiction,Blockbuster,130000000.0,519311965.0,299.4707423076923,7.2,83.0,86.0
Fantastic Four,2015,2010s,Action,Blockbuster,120000000.0,167977596.0,39.98133,4.3,27.0,45.0
Deadpool,2016,2010s,Action,Blockbuster,58000000.0,783112979.0,1250.1947913793103,8.0,85.0,90.0
Guardians of the Galaxy Vol. 2,2017,2010s,Action,Blockbuster,200000000.0,863416141.0,331.7080705,7.6,85.0,87.0
Captain America: Civil War,2016,2010s,Adventure,Blockbuster,250000000.0,1153304495.0,361.321798,7.8,91.0,89.0
Doctor Strange,2016,2010s,Action,Blockbuster,165000000.0,677718395.0,310.73842121212124,7.5,89.0,86.0
X-Men: Apocalypse,2016,2010s,Science Fiction,Blockbuster,178000000.0,543934787.0,205.581341011236,6.8,47.0,65.0
Sankofa,1993,1990s,Drama,Low,1000000.0,2691899.0,169.1899,7.0,,
My Way,2012,2010s,Drama,High,27563396.0,29193330.0,5.913400511315804,6.9,21.0,77.0
The Derby Stallion,2005,2000s,Drama,Low,750000.0,4000000.0,433.3333333333333,5.5,,
Cake,2014,2010s,Drama,Mid,7000000.0,2360281.0,-66.2817,6.4,48.0,44.0
The Snow Queen,2012,2010s,Animation,Mid,7000000.0,12400000.0,77.14285714285715,5.4,0.0,65.0
Hard Contract,1969,1960s,Crime,Low,4000000.0,1750000.0,-56.25,5.7,,
The Gambler,2014,2010s,Thriller,High,25000000.0,39171130.0,56.684520000000006,6.0,78.0,77.0
Parrish,1961,1960s,Drama,Low,1500000.0,4200000.0,180.0,6.5,,
Mortdecai,2015,2010s,Comedy,Blockbuster,60000000.0,30418560.0,-49.3024,5.5,12.0,30.0
Fifty Shades of Grey,2015,2010s,Drama,High,40000000.0,571006128.0,1327.51532,4.2,25.0,41.0
The DUFF,2015,2010s,Romance,Mid,8500000.0,43528634.0,412.1015764705882,6.4,73.0,66.0
Project Almanac,2015,2010s,Science Fiction,Mid,12000000.0,32248241.0,168.73534166666667,6.4,36.0,45.0
Brooklyn,2015,2010s,Drama,Mid,11000000.0,62076141.0,464.3285545454545,7.5,97.0,87.0
A Walk in the Woods,2015,2010s,Adventure,Mid,8000000.0,35991087.0,349.8885875,6.4,47.0,48.0
99 Homes,2014,2010s,Drama,Mid,8000000.0,1411927.0,-82.35091249999999,7.1,93.0,78.0
Aloft,2014,2010s,Drama,Mid,8000000.0,53086.0,-99.336425,5.3,17.0,25.0
The Bronze,2016,2010s,Drama,Low,3500000.0,615816.0,-82.40525714285715,6.1,36.0,44.0
The D Train,2015,2010s,Drama,Low,447524.0,771317.0,72.35209731768576,,53.0,23.0
The Diary of a Teenage Girl,2015,2010s,Drama,Low,2000000.0,1477002.0,-26.1499,6.8,95.0,73.0
Dope,2015,2010s,Crime,Low,700000.0,17986781.0,2469.540142857143,7.2,89.0,83.0
Miss Julie,2014,2010s,Drama,Low,5500000.0,5000000.0,-9.090909090909092,5.5,39.0,52.0
The Loft,2014,2010s,Thriller,Mid,14000000.0,10076790.0,-28.02292857142857,6.3,14.0,37.0
Lost River,2015,2010s,Fantasy,Low,2000000.0,45431.0,-97.72845,5.7,31.0,38.0
Battletruck,1982,1980s,Science Fiction,Low,1000000.0,3000000.0,200.0,5.0,,
Italiano medio,2015,2010s,Comedy,Low,1816720.0,4541800.0,150.0,6.1,,
The Hateful Eight,2015,2010s,Crime,Blockbuster,44000000.0,155760117.0,254.00026590909093,7.8,75.0,76.0
Paper Towns,2015,2010s,Drama,Mid,12000000.0,85512300.0,612.6025000000001,6.2,58.0,47.0
The Wedding Ringer,2015,2010s,Comedy,High,23000000.0,79799880.0,246.956,6.6,29.0,63.0
The Boy Next Door,2015,2010s,Thriller,Low,4000000.0,52425855.0,1210.646375,4.7,12.0,33.0
Crimson Peak,2015,2010s,Mystery,Blockbuster,55000000.0,74679822.0,35.78149454545454,6.5,72.0,55.0
Hot Tub Time Machine 2,2015,2010s,Comedy,Mid,14000000.0,12314651.0,-12.038207142857145,5.0,13.0,26.0
Focus,2015,2010s,Romance,Blockbuster,50100000.0,153962963.0,207.3113033932136,6.6,56.0,53.0
The SpongeBob Movie: Sponge Out of Water,2015,2010s,Animation,Blockbuster,74000000.0,311594032.0,321.0730162162162,6.0,81.0,54.0
Demonic,2015,2010s,Thriller,Low,3000000.0,3387000.0,12.9,5.3,,
The Second Best Exotic Marigold Hotel,2015,2010s,Drama,Mid,10000000.0,85978266.0,759.7826600000001,6.5,65.0,59.0
Tracers,2015,2010s,Action,Mid,11000000.0,593683.0,-94.6028818181818,5.6,24.0,37.0
Wolf Totem,2015,2010s,Adventure,High,38000000.0,123205624.0,224.2253263157895,6.6,67.0,50.0
The Lazarus Effect,2015,2010s,Thriller,Low,3300000.0,64110728.0,1842.7493333333332,5.2,16.0,23.0
Unfinished Business,2015,2010s,Comedy,High,35000000.0,14431253.0,-58.76784857142857,5.4,10.0,26.0
Soulless,2012,2010s,Comedy,Low,2800000.0,13218980.0,372.1064285714286,6.3,,
Raanjhanaa,2013,2010s,Drama,Mid,6400000.0,18000000.0,181.25,7.6,,
Run All Night,2015,2010s,Action,Blockbuster,50000000.0,71561644.0,43.123288,6.6,59.0,56.0
Stand by Me Doraemon,2014,2010s,Fantasy,High,35000000.0,83061158.0,137.31759428571428,7.4,,
Cinderella,2015,2010s,Romance,Blockbuster,95000000.0,543514353.0,472.1203715789474,6.9,97.0,80.0
Poltergeist,2015,2010s,Horror,High,35000000.0,95437994.0,172.67998285714285,4.9,86.0,79.0
Pan,2015,2010s,Adventure,Blockbuster,150000000.0,128388320.0,-14.407786666666668,5.7,27.0,40.0
While We're Young,2015,2010s,Comedy,Mid,10000000.0,7587485.0,-24.12515,6.3,84.0,51.0
Suite Française,2014,2010s,Drama,Mid,15000000.0,9104716.0,-39.30189333333333,7.0,,
Insurgent,2015,2010s,Adventure,Blockbuster,110000000.0,295238201.0,168.39836454545454,6.2,28.0,58.0
Big Game,2014,2010s,Action,Mid,8500000.0,7500000.0,-11.76470588235294,5.4,78.0,34.0
La vérité si je mens !,1997,1990s,Comedy,Low,4000000.0,29456000.0,636.4,6.4,,
Home,2015,2010s,Fantasy,Blockbuster,135000000.0,368871007.0,173.23778296296297,6.5,38.0,40.0
Midnight Special,2016,2010s,Adventure,High,18000000.0,6212282.0,-65.48732222222222,6.6,84.0,67.0
The Gunman,2015,2010s,Action,High,40000000.0,13644292.0,-65.88927,5.8,16.0,31.0
Escobar: Paradise Lost,2014,2010s,Thriller,Mid,17000000.0,3758328.0,-77.89218823529411,6.5,,
Furious 7,2015,2010s,Action,Blockbuster,190000000.0,1506249360.0,692.7628210526316,7.1,82.0,82.0
Unfriended,2015,2010s,Horror,Low,1000000.0,62882090.0,6188.209,5.6,62.0,36.0
Bolero,1984,1980s,Drama,Mid,7000000.0,8914881.0,27.355442857142855,3.0,0.0,17.0
Child 44,2015,2010s,Crime,Blockbuster,50000000.0,3324330.0,-93.35134,6.4,27.0,41.0
Get Hard,2015,2010s,Comedy,High,40000000.0,111811453.0,179.5286325,6.0,28.0,45.0
What Men Talk About,2010,2010s,Comedy,Low,1950000.0,12005838.0,515.684,7.5,,
Kung Fu Jungle,2014,2010s,Crime,High,25000000.0,129115.0,-99.48354,6.4,,
Infinitely Polar Bear,2014,2010s,Comedy,Mid,6700000.0,1430655.0,-78.64694029850746,6.9,82.0,71.0
Woman in Gold,2015,2010s,Drama,Mid,11000000.0,61619773.0,460.1797545454546,7.3,57.0,79.0
"Ryaba, My Chicken",1994,1990s,,Low,2700000.0,4635143.0,71.67196296296297,6.4,,
Samba,2014,2010s,Drama,High,20000000.0,151530.0,-99.24235,6.7,62.0,54.0
Space Dogs,2010,2010s,Family,High,25000000.0,6500000.0,-74.0,5.0,,
Tomorrowland,2015,2010s,Adventure,Blockbuster,190000000.0,209154322.0,10.081222105263157,6.4,50.0,49.0
Long Live Freedom,2013,2010s,Drama,Low,5000000.0,48125.0,-99.0375,6.9,,
Paul Blart: Mall Cop 2,2015,2010s,Action,High,38000000.0,107597242.0,183.15063684210529,4.5,5.0,33.0
Parts Per Billion,2014,2010s,Science Fiction,Low,500000.0,15000000.0,2900.0,4.3,,
The Admiral: Roaring Currents,2014,2010s,Adventure,Mid,9500000.0,112156811.0,1080.598010526316,7.1,,
The Longest Ride,2015,2010s,Drama,High,34000000.0,63013281.0,85.3331794117647,7.0,31.0,71.0
Table For Five,1983,1980s,,Mid,8000000.0,2439705.0,-69.5036875,6.1,,
The Age of Adaline,2015,2010s,Fantasy,High,25000000.0,65663276.0,162.65310399999998,7.2,54.0,67.0
Danny Collins,2015,2010s,Comedy,Mid,10000000.0,10835752.0,8.357520000000001,7.0,77.0,73.0
Grandma,2015,2010s,Comedy,Low,600000.0,7087452.0,1081.242,6.7,91.0,67.0
50 to 1,2014,2010s,Comedy,Mid,10000000.0,1064454.0,-89.35546,6.4,29.0,70.0
Barbecue,2014,2010s,Comedy,Low,6000000.0,14348529.0,139.14215000000002,6.1,,
San Andreas,2015,2010s,Action,Blockbuster,110000000.0,470490832.0,327.7189381818182,6.1,50.0,52.0
A Company Man,2012,2010s,Drama,Low,3500000.0,7339398.0,109.69708571428572,6.6,,
Hitman: Agent 47,2015,2010s,Action,High,35000000.0,81967450.0,134.1927142857143,5.7,9.0,40.0
Jimmy P.,2013,2010s,Drama,Mid,10000000.0,30283.0,-99.69717,6.1,52.0,39.0
Ricki and the Flash,2015,2010s,Comedy,High,18000000.0,41325328.0,129.58515555555556,6.0,65.0,43.0
Piku,2015,2010s,Drama,Low,5500000.0,22159216.0,302.8948363636364,7.6,,
Pitch Perfect 2,2015,2010s,Comedy,High,29000000.0,287506194.0,891.4006689655173,6.4,65.0,64.0
Carol,2015,2010s,Romance,Mid,11800000.0,40272135.0,241.28927966101696,7.3,94.0,74.0
Strangerland,2015,2010s,Drama,Mid,10000000.0,17472.0,-99.82528,5.2,41.0,24.0
The Lobster,2015,2010s,Thriller,Low,4000000.0,15656193.0,291.404825,7.1,87.0,65.0
Maggie,2015,2010s,Horror,Low,4000000.0,187112.0,-95.3222,5.6,60.0,32.0
Hot Pursuit,2015,2010s,Action,High,35000000.0,51680201.0,47.657717142857145,5.2,0.0,43.0
The Green Inferno,2014,2010s,Action,Low,5000000.0,6833445.0,36.6689,5.4,38.0,29.0
A Driver for Vera,2004,2000s,Drama,Low,3300000.0,2011837.0,-39.03524242424242,7.1,,
Plus one,2008,2000s,Drama,Low,336029.0,927277.0,175.95148037818166,6.6,88.0,80.0
The Martian,2015,2010s,Drama,Blockbuster,108000000.0,630161890.0,483.4832314814815,8.0,91.0,91.0
Badlapur,2015,2010s,Crime,Low,3700000.0,11480000.0,210.27027027027023,7.4,,
Youth,2015,2010s,Comedy,Mid,13360000.0,2000000.0,-85.02994011976048,7.3,72.0,69.0
Wake Up Sid,2009,2000s,Drama,Low,3000000.0,11000000.0,266.66666666666663,7.6,,
Rangeela,1995,1990s,Drama,Low,2800000.0,14000000.0,400.0,7.4,,
Sarkar,2005,2000s,Crime,Low,1900000.0,5900000.0,210.52631578947367,7.6,,
Spy,2015,2010s,Action,Blockbuster,65000000.0,235666219.0,262.5634138461538,7.0,95.0,78.0
Trainwreck,2015,2010s,Comedy,High,35000000.0,140795793.0,302.27369428571427,6.2,85.0,66.0
From a Whisper to a Scream,1987,1980s,Comedy,Low,1100000.0,1400000.0,27.27272727272727,5.7,,
Aloha,2015,2010s,Drama,High,37000000.0,26250020.0,-29.054,5.4,20.0,28.0
Tutto tutto niente niente,2012,2010s,Comedy,Low,5579750.0,8927600.0,60.0,5.2,,
Song One,2014,2010s,Drama,Low,6000000.0,32251.0,-99.46248333333332,5.8,33.0,29.0
Dragon Blade,2015,2010s,Action,Blockbuster,65000000.0,121545703.0,86.99338923076924,5.9,,
Mere Brother Ki Dulhan,2011,2010s,Drama,Low,5510000.0,18050000.0,227.58620689655172,5.9,,
Entourage,2015,2010s,Comedy,High,30000000.0,49263404.0,64.21134666666667,6.5,33.0,57.0
5 Flights Up,2014,2010s,Drama,Low,6000000.0,1020921.0,-82.98465,6.2,46.0,43.0
Inside Out,2015,2010s,Drama,Blockbuster,175000000.0,857611174.0,390.063528,8.1,98.0,89.0
Tanu Weds Manu,2011,2010s,Drama,Low,400000.0,252000.0,-37.0,6.8,,
The Hunger Games: Mockingjay - Part 2,2015,2010s,Action,Blockbuster,160000000.0,653428261.0,308.392663125,6.6,69.0,66.0
Max,2015,2010s,Adventure,High,20000000.0,43967255.0,119.836275,6.6,69.0,64.0
Pixels,2015,2010s,Action,Blockbuster,88000000.0,243637091.0,176.8603306818182,5.6,17.0,46.0
Allegiant,2016,2010s,Adventure,Blockbuster,110000000.0,179246868.0,62.95169818181818,5.7,,
Fantastic Beasts and Where to Find Them,2016,2010s,Adventure,Blockbuster,180000000.0,809342332.0,349.63462888888887,7.2,74.0,79.0
Madras Cafe,2013,2010s,Thriller,Low,5400000.0,6500000.0,20.37037037037037,7.6,,
The Secret Life of Pets,2016,2010s,Animation,Blockbuster,75000000.0,875457937.0,1067.2772493333334,6.5,73.0,62.0
White Tiger,2012,2010s,Action,Mid,11000000.0,7200000.0,-34.54545454545455,6.1,,
Gabbar Is Back,2015,2010s,Drama,Mid,11000000.0,41000000.0,272.7272727272727,7.0,,
Little Boy,2015,2010s,Comedy,High,20000000.0,6485961.0,-67.570195,7.3,24.0,78.0
Self/less,2015,2010s,Science Fiction,High,26000000.0,30523226.0,17.397023076923077,6.5,19.0,46.0
Criminal,2016,2010s,Action,High,31500000.0,14708696.0,-53.30572698412699,6.3,69.0,57.0
The Last Witch Hunter,2015,2010s,Fantasy,Blockbuster,90000000.0,146936910.0,63.26323333333333,5.9,18.0,43.0
Krampus,2015,2010s,Horror,Mid,15000000.0,61548707.0,310.3247133333333,6.2,66.0,51.0
Suicide Squad,2016,2010s,Action,Blockbuster,175000000.0,745600054.0,326.0571737142857,5.9,26.0,59.0
Bluffmaster!,2005,2000s,Drama,Low,1823152.0,7133082.0,291.24998902998766,6.6,,
Independence Day: Resurgence,2016,2010s,Action,Blockbuster,165000000.0,389681935.0,136.1708696969697,5.2,30.0,30.0
Star Trek Beyond,2016,2010s,Action,Blockbuster,185000000.0,343471816.0,85.66044108108109,7.0,86.0,80.0
Pizza,2012,2010s,Thriller,Low,240000.0,2800000.0,1066.6666666666663,7.9,31.0,51.0
Rockstar,2011,2010s,Drama,Mid,10920000.0,19660000.0,80.03663003663004,7.8,83.0,66.0
This is Sodom,2010,2010s,Comedy,Low,2745000.0,5850000.0,113.11475409836063,6.7,,
Jackson County Jail,1976,1970s,Crime,Low,445000.0,2300000.0,416.85393258426967,6.2,,
Kaminey,2009,2000s,Action,Mid,9000000.0,18130000.0,101.44444444444444,7.4,,
Company,2002,2000s,Action,Low,1500000.0,6000000.0,300.0,7.9,,
Vishwaroopam,2013,2010s,Action,Mid,17000000.0,51000000.0,200.0,7.9,,
Shootout at Lokhandwala,2007,2000s,Action,Mid,11000000.0,12000000.0,9.090909090909092,7.1,,
Josh,2000,2000s,Romance,Mid,6900000.0,15000000.0,117.3913043478261,6.1,,
Dhoom 3,2013,2010s,Action,High,19500000.0,91000000.0,366.6666666666666,5.4,,
Dhoom 2,2006,2000s,Drama,Mid,11000000.0,46396427.0,321.7857,6.6,,
Ted 2,2015,2010s,Comedy,Blockbuster,68000000.0,217022588.0,219.1508647058824,6.3,45.0,50.0
Minions,2015,2010s,Family,Blockbuster,74000000.0,1156730962.0,1463.149948648649,6.4,55.0,49.0
Rough Cut,1980,1980s,Adventure,Mid,14000000.0,16656125.0,18.97232142857143,5.7,,
The Good Dinosaur,2015,2010s,Adventure,Blockbuster,175000000.0,331926147.0,89.672084,6.7,76.0,65.0
Black Mass,2015,2010s,Crime,Blockbuster,53000000.0,98837872.0,86.48655094339622,6.8,73.0,68.0
Spectre,2015,2010s,Action,Blockbuster,245000000.0,880674609.0,259.45902408163266,6.8,63.0,61.0
Mickey's Christmas Carol,1983,1980s,Family,Low,3000000.0,21000000.0,600.0,8.0,100.0,90.0
Bulletproof,1988,1980s,Action,Low,5000000.0,807947.0,-83.84106,4.9,8.0,44.0
Steve Jobs,2015,2010s,Drama,High,30000000.0,34441873.0,14.806243333333333,7.2,85.0,73.0
Macbeth,2015,2010s,History,Mid,15000000.0,12601706.0,-15.988626666666669,6.6,86.0,73.0
Vacation,2015,2010s,Comedy,High,31000000.0,104384188.0,236.72318709677415,6.2,27.0,45.0
Manglehorn,2015,2010s,Drama,Low,4000000.0,143101.0,-96.422475,5.5,51.0,24.0
Shabd,2005,2000s,Drama,Low,2500000.0,3100000.0,24.0,5.0,,
Batman v Superman: Dawn of Justice,2016,2010s,Action,Blockbuster,250000000.0,873260194.0,249.3040776,6.4,28.0,62.0
Gemma Bovery,2014,2010s,Romance,Mid,9700000.0,154701.0,-98.40514432989691,6.4,54.0,43.0
Love and the City,2009,2000s,Comedy,Low,3500000.0,9112193.0,160.34837142857145,5.7,,
Magic Mike XXL,2015,2010s,Comedy,Mid,14800000.0,122513057.0,727.7909256756757,5.6,65.0,55.0
The Jungle Book,2016,2010s,Family,Blockbuster,175000000.0,966550600.0,452.31462857142856,7.3,88.0,82.0
Dragon Ball Z: Resurrection 'F',2015,2010s,Action,Low,5000000.0,61768190.0,1135.3638,7.1,83.0,84.0
Bombay Velvet,2015,2010s,Crime,High,18000000.0,1500000.0,-91.66666666666666,5.5,,
The Man from U.N.C.L.E.,2015,2010s,Comedy,Blockbuster,75000000.0,108145109.0,44.19347866666667,7.2,67.0,73.0
Treehouse,2014,2010s,Thriller,Low,3250000.0,3250000.0,0.0,3.8,,
The Walk,2015,2010s,Adventure,High,35000000.0,61181942.0,74.80554857142857,7.3,83.0,77.0
13 Hours: The Secret Soldiers of Benghazi,2016,2010s,Action,Blockbuster,50000000.0,69411370.0,38.82274,7.3,51.0,82.0
French Women,2014,2010s,Comedy,Low,5000000.0,12058187.0,141.16374000000002,5.3,,
Welcome to the North,2012,2010s,Comedy,Low,6000000.0,35000000.0,483.3333333333333,5.4,,
The Worst Christmas of My Life,2012,2010s,Comedy,Mid,6843500.0,10703234.0,56.39999999999999,5.4,,
La peggior settimana della mia vita,2011,2010s,Comedy,Mid,11000000.0,12935800.0,17.598181818181818,5.7,,
A Whole Life Ahead,2008,2000s,Romance,Low,5940000.0,4250000.0,-28.45117845117845,6.9,,
The Opposite Sex,2014,2010s,Comedy,Low,3300000.0,45000.0,-98.63636363636364,4.5,20.0,47.0
The Gallows,2015,2010s,Horror,Low,100000.0,42664410.0,42564.41,4.3,14.0,22.0
Dark Places,2015,2010s,Drama,High,20000000.0,208588.0,-98.95706,6.2,23.0,33.0
Mustang,2015,2010s,Drama,Low,1300000.0,250000.0,-80.76923076923077,7.6,97.0,88.0
Soodhu Kavvum,2013,2010s,Comedy,Low,310000.0,12000000.0,3770.967741935484,8.3,,
Bajrangi Bhaijaan,2015,2010s,Adventure,Mid,14000000.0,98000000.0,600.0,8.1,,
The Revenant,2015,2010s,Western,Blockbuster,135000000.0,532950503.0,294.7781503703704,8.0,58.0,50.0
Irrational Man,2015,2010s,Mystery,Mid,11000000.0,27391084.0,149.00985454545454,6.6,47.0,46.0
Baahubali: The Beginning,2015,2010s,Action,High,40000000.0,100000000.0,150.0,8.0,,
Southpaw,2015,2010s,Action,High,30000000.0,91709827.0,205.69942333333336,7.3,59.0,75.0
Sicario,2015,2010s,Action,High,30000000.0,84025816.0,180.08605333333335,7.7,92.0,85.0
Anomalisa,2015,2010s,Animation,Mid,8000000.0,5659286.0,-29.258925,7.2,92.0,71.0
Colonia,2016,2010s,Drama,Mid,14000000.0,3621046.0,-74.13538571428572,7.0,26.0,61.0
The Vatican Tapes,2015,2010s,Thriller,Mid,13000000.0,1784763.0,-86.27105384615385,4.8,20.0,59.0
The Intern,2015,2010s,Comedy,High,35000000.0,194564672.0,455.8990628571429,7.1,60.0,73.0
Love,2015,2010s,Drama,Low,3000000.0,249083.0,-91.69723333333332,6.1,39.0,38.0
Room,2015,2010s,Drama,Low,6000000.0,35401758.0,490.0293,8.1,93.0,93.0
The Gift,2015,2010s,Thriller,Low,5000000.0,58978653.0,1079.5730600000002,7.0,57.0,55.0
The Witch,2016,2010s,Mystery,Low,3500000.0,40423945.0,1054.969857142857,7.0,90.0,59.0
3 Generations,2016,2010s,Comedy,Low,5000000.0,443962.0,-91.12076,6.0,32.0,44.0
Zaytoun,2012,2010s,Drama,Mid,8000000.0,42330.0,-99.470875,6.6,46.0,51.0
The Visit,2015,2010s,Horror,Low,5000000.0,98450062.0,1869.00124,6.3,68.0,51.0
Secret in Their Eyes,2015,2010s,Crime,High,19500000.0,34854990.0,78.74353846153846,6.3,39.0,41.0
Sinister 2,2015,2010s,Horror,Mid,10000000.0,52882018.0,428.8201800000001,5.3,16.0,31.0
American Ultra,2015,2010s,Comedy,High,28000000.0,27139524.0,-3.073128571428572,6.1,43.0,45.0
No Escape,2015,2010s,Action,Low,5000000.0,54418872.0,988.37744,6.8,47.0,62.0
Straight Outta Compton,2015,2010s,Drama,High,28000000.0,201634991.0,620.1249678571428,7.8,89.0,85.0
Tangerine,2015,2010s,Comedy,Low,100000.0,702354.0,602.3539999999999,7.1,96.0,76.0
Joy,2015,2010s,Drama,Blockbuster,60000000.0,101134059.0,68.556765,6.6,61.0,57.0
Iron & Blood: The Legend of Taras Bulba,2009,2000s,Drama,High,25000000.0,16815892.0,-32.736432,5.7,,
Victor Frankenstein,2015,2010s,Drama,High,40000000.0,34227298.0,-14.431755,6.0,26.0,35.0
Sholem Aleichem: Laughing In The Darkness,2012,2010s,Documentary,Low,500000.0,845188.0,69.0376,7.2,100.0,68.0
The Angrez,2006,2000s,Comedy,Low,50000.0,300000.0,500.0,7.6,,
Captive,2012,2010s,Drama,Low,11180.0,24591.0,119.95527728085868,6.1,27.0,43.0
Equals,2015,2010s,Drama,Mid,16000000.0,2084628.0,-86.971075,6.0,,42.0
Scouts Guide to the Zombie Apocalypse,2015,2010s,Comedy,Mid,15000000.0,14860766.0,-0.9282266666666668,6.3,44.0,48.0
Suffragette,2015,2010s,Drama,Mid,14000000.0,16002420.0,14.303,6.9,73.0,68.0
We Are Your Friends,2015,2010s,Drama,Low,6000000.0,11122090.0,85.36816666666667,6.2,38.0,42.0
War Room,2015,2010s,Drama,Low,3000000.0,67790117.0,2159.6705666666667,6.5,34.0,87.0
Legend,2015,2010s,Crime,High,25000000.0,42972994.0,71.891976,6.9,38.0,73.0
The Danish Girl,2015,2010s,Drama,Mid,15000000.0,64191523.0,327.9434866666667,7.1,67.0,72.0
Green Room,2016,2010s,Horror,Low,5000000.0,3220371.0,-35.59258,7.0,91.0,75.0
Beasts of No Nation,2015,2010s,Drama,Low,6000000.0,9077700.0,51.295,7.7,,
The Lady in the Van,2015,2010s,Comedy,Low,6000000.0,41387687.0,589.7947833333333,6.7,89.0,64.0
Zid,2014,2010s,Thriller,Low,1556288.0,1268395.0,-18.498696899288564,4.5,,
The Transporter Refueled,2015,2010s,Thriller,High,25000000.0,72629670.0,190.51868,5.2,16.0,30.0
La Vérité si je Mens ! 3,2012,2010s,Comedy,High,25496629.0,40924982.0,60.5113444604775,5.3,,
Would I Lie to You? 2,2001,2000s,Comedy,Mid,12560000.0,42700000.0,239.96815286624204,6.3,,
Knock Knock,2015,2010s,Drama,Low,2500000.0,6341684.0,153.66736,4.9,37.0,20.0
Dreaming of Space,2005,2000s,Drama,Low,2000000.0,696681.0,-65.16595,6.6,,
Silenced,2011,2010s,Drama,Low,2200000.0,31500000.0,1331.8181818181818,8.0,,
Demolition,2016,2010s,Comedy,Mid,10000000.0,1978592.0,-80.21408,7.0,53.0,54.0
Our Brand Is Crisis,2015,2010s,Comedy,High,28000000.0,7002261.0,-74.99192500000001,6.1,93.0,75.0
Agneepath,2012,2010s,Action,Mid,11097000.0,49028000.0,341.81310264035324,6.9,,
Cocktail,2012,2010s,Romance,Mid,6400000.0,18800000.0,193.75,6.3,7.0,58.0
The Assassin,2015,2010s,Action,Mid,15000000.0,632542.0,-95.78305333333331,6.3,81.0,48.0
The Night Before,2015,2010s,Comedy,High,25000000.0,52395996.0,109.583984,6.4,68.0,61.0
Everest,2015,2010s,Adventure,Blockbuster,55000000.0,203427584.0,269.86833454545456,7.1,93.0,75.0
Monster Hunt,2015,2010s,Action,High,40000000.0,385284817.0,863.2120425,6.1,,
Spotlight,2015,2010s,Drama,High,20000000.0,88346473.0,341.732365,8.1,97.0,93.0
Son of Saul,2015,2010s,War,Low,1000000.0,1777043.0,77.7043,7.4,96.0,79.0
Pawn Sacrifice,2015,2010s,Thriller,High,19000000.0,5578519.0,-70.63937368421053,7.0,72.0,66.0
Hardcore Henry,2015,2010s,Action,Mid,10000000.0,14333790.0,43.337900000000005,6.7,51.0,54.0
Burnt,2015,2010s,Drama,High,20000000.0,36606743.0,83.033715,6.6,28.0,44.0
Lootera,2013,2010s,Drama,Low,4100000.0,4300000.0,4.878048780487805,7.4,60.0,78.0
Bangalore Days,2014,2010s,Drama,Mid,7400000.0,1300000.0,-82.43243243243244,8.3,,
Ohm Shanthi Oshaana,2014,2010s,Comedy,Low,220000.0,1500000.0,581.8181818181819,7.7,,
Alaipayuthey,2000,2000s,Romance,Low,2000000.0,6000000.0,200.0,8.3,,
Vaaranam Aayiram,2008,2000s,Drama,Low,3000000.0,14000000.0,366.6666666666666,8.2,,
Hotel Transylvania 2,2015,2010s,Animation,Blockbuster,80000000.0,473226958.0,491.5336975,6.6,56.0,64.0
Godfather,1991,1990s,Comedy,Low,18000.0,700000.0,3788.8888888888887,8.6,,
Varalaru,2006,2000s,Drama,Low,500000.0,500000.0,0.0,7.3,,
Freeheld,2015,2010s,Romance,Mid,7000000.0,573335.0,-91.8095,6.6,48.0,54.0
By the Sea,2015,2010s,Drama,Mid,10000000.0,3727746.0,-62.72254,5.3,34.0,28.0
The Little Prince,2015,2010s,Adventure,Blockbuster,64000000.0,97571250.0,52.455078125,7.6,,
Wonder Woman,2017,2010s,Action,Blockbuster,149000000.0,820580447.0,450.7251322147651,7.3,82.0,78.0
The Circle,2017,2010s,Drama,High,18000000.0,20497844.0,13.876911111111111,5.4,100.0,78.0
Silence,2016,2010s,Drama,Blockbuster,46000000.0,23737523.0,-48.39668913043479,7.2,91.0,
Bridge of Spies,2015,2010s,Thriller,High,40000000.0,165478348.0,313.69587,7.6,90.0,87.0
Cruel World,2005,2000s,Thriller,Low,2000000.0,16344.0,-99.1828,3.7,,
"Hail, Caesar!",2016,2010s,Comedy,High,22000000.0,63647656.0,189.30752727272727,6.3,85.0,44.0
Look Who's Back,2015,2010s,Comedy,Low,3196621.0,25513752.0,698.1475439221603,7.0,,
Standing Tall,2015,2010s,Drama,Low,5000000.0,26144.0,-99.47712,6.9,,
Clockstoppers,2002,2000s,Adventure,High,26000000.0,38793283.0,49.204934615384616,5.2,29.0,30.0
The Bullet Vanishes,2012,2010s,Action,Mid,12000000.0,117629.0,-99.01975833333331,6.5,,
Confessions of a Dangerous Mind,2002,2000s,Comedy,High,30000000.0,33013805.0,10.046016666666668,7.0,79.0,75.0
Goosebumps,2015,2010s,Adventure,Blockbuster,58000000.0,158162788.0,172.69446206896552,6.3,78.0,62.0
Rita's Last Fairy Tale,2012,2010s,,Low,200000.0,486937.0,143.4685,6.7,,
The Perfect Guy,2015,2010s,Drama,Mid,12000000.0,60273173.0,402.2764416666667,5.6,18.0,51.0
Rock the Kasbah,2015,2010s,Comedy,Mid,15000000.0,3020664.0,-79.86224,5.5,7.0,28.0
Momentum,2015,2010s,Action,High,20000000.0,133332.0,-99.33334,5.5,26.0,27.0
Aferim!,2015,2010s,Drama,Low,1379375.0,105097.0,-92.38082464884458,7.6,,
Paranormal Activity: The Ghost Dimension,2015,2010s,Horror,Mid,10000000.0,78096553.0,680.9655300000001,4.6,14.0,27.0
Jem and the Holograms,2015,2010s,Drama,Low,5000000.0,2333684.0,-53.32632,4.2,22.0,40.0
The 33,2015,2010s,Drama,High,25000000.0,24902723.0,-0.389108,6.9,48.0,59.0
The Dressmaker,2015,2010s,Drama,Mid,11930000.0,18340000.0,53.7300922045264,7.0,57.0,66.0
Trumbo,2015,2010s,Drama,Mid,15000000.0,8235661.0,-45.09559333333333,7.4,83.0,78.0
Wolf Warrior,2015,2010s,Adventure,Mid,12000000.0,80000000.0,566.6666666666667,5.3,,
Concussion,2015,2010s,Drama,High,35000000.0,50363790.0,43.896542857142855,7.1,75.0,58.0
The Peanuts Movie,2015,2010s,Animation,Blockbuster,99000000.0,246233113.0,148.72031616161615,7.0,87.0,76.0
Antikiller,2002,2000s,Action,Low,5000000.0,340312.0,-93.19376,5.6,,
Shikshanachya Aaicha Gho,2010,2010s,Comedy,Low,380000.0,520000.0,36.84210526315789,7.1,,
Dil To Pagal Hai,1997,1990s,Drama,Low,1300000.0,11000000.0,746.1538461538462,7.0,,
Fiza,2000,2000s,Drama,Low,1000000.0,623791.0,-37.6209,6.0,,
Creed,2015,2010s,Drama,High,37000000.0,173567581.0,369.1015702702703,7.6,95.0,89.0
Lost in the Sun,2015,2010s,Action,Low,25000.0,25000.0,0.0,6.0,20.0,37.0
Louder Than Bombs,2015,2010s,Drama,Mid,11000000.0,161789.0,-98.52919090909091,6.6,73.0,52.0
Heist,2015,2010s,Crime,Mid,8900000.0,4100000.0,-53.93258426966292,6.1,66.0,60.0
Love the Coopers,2015,2010s,Comedy,Mid,17000000.0,42426912.0,149.5700705882353,5.8,18.0,36.0
Prem Ratan Dhan Payo,2015,2010s,Drama,High,23400000.0,67000000.0,186.32478632478632,4.4,,
Faster than Rabbits,2014,2010s,Comedy,Low,3000000.0,5279982.0,75.9994,6.1,,
Point Break,2015,2010s,Action,Blockbuster,105000000.0,133718711.0,27.351153333333333,5.3,70.0,79.0
Recep İvedik,2008,2000s,Comedy,Low,500000.0,5330000.0,966.0,5.0,,
Katyar Kaljat Ghusali,2015,2010s,Music,Low,1500000.0,4400000.0,193.33333333333331,8.7,,
Mary Kom,2014,2010s,Drama,Low,224056.0,15536328.0,6834.127182490091,6.8,,
Premam,2015,2010s,Comedy,Mid,6200000.0,11000000.0,77.41935483870968,8.3,,
The 5th Wave,2016,2010s,Adventure,High,38000000.0,109906372.0,189.2272947368421,5.2,15.0,38.0
The Last Breath,1999,1990s,Crime,Low,3800000.0,559298.0,-85.28163157894737,6.7,,
The Wave,2015,2010s,Action,Low,5904067.0,12975143.0,119.76618829020742,6.6,67.0,62.0
Monkey King: Hero Is Back,2015,2010s,Fantasy,Mid,10000000.0,150000000.0,1400.0,6.7,,
Truth,2015,2010s,Drama,Mid,9600000.0,2541554.0,-73.52547916666666,6.8,63.0,62.0
Valentino,1951,1950s,,Low,1300000.0,1550000.0,19.230769230769237,5.7,,
The Big Short,2015,2010s,Comedy,High,28000000.0,133346506.0,376.2375214285714,7.8,88.0,88.0
Loham,2015,2010s,Action,Low,1050255.0,2250547.0,114.28576869426948,5.1,,
The Legend of Bhagat Singh,2002,2000s,Drama,Low,3000000.0,6000000.0,100.0,8.2,,
Zoolander 2,2016,2010s,Comedy,Blockbuster,50000000.0,55969000.0,11.938,4.7,22.0,20.0
How to Be Single,2016,2010s,Comedy,High,38000000.0,112343513.0,195.6408236842105,6.1,47.0,47.0
The Perfect Weapon,1991,1990s,Action,Mid,10000000.0,14061361.0,40.61361,6.0,45.0,65.0
Fifty Shades of Black,2016,2010s,Romance,High,20000000.0,21164799.0,5.823995,3.6,7.0,19.0
Nocturnal Animals,2016,2010s,Drama,High,22500000.0,29252978.0,30.01323555555556,7.4,74.0,73.0
Daddy's Home,2015,2010s,Comedy,Blockbuster,50000000.0,242786137.0,385.572274,6.2,31.0,49.0
Sisters,2015,2010s,Comedy,High,30000000.0,105011053.0,250.0368433333333,6.0,87.0,72.0
Kung Fu Panda 3,2016,2010s,Action,Blockbuster,145000000.0,521170825.0,259.4281551724138,7.1,87.0,78.0
Bajirao Mastani,2015,2010s,War,High,19500000.0,56000000.0,187.1794871794872,7.3,,
F.C. De Kampioenen: Kampioen zijn blijft plezant,2013,2010s,Comedy,Low,3849796.0,7471304.0,94.07012735220256,5.2,,
Pride and Prejudice and Zombies,2016,2010s,Romance,High,28000000.0,16374328.0,-41.52025714285714,5.8,45.0,45.0
Jane Got a Gun,2016,2010s,Action,High,25000000.0,1397284.0,-94.410864,5.9,43.0,37.0
Dilwale,2015,2010s,Crime,High,26000000.0,61000000.0,134.6153846153846,5.1,,
Woodlawn,2015,2010s,Drama,Mid,12000000.0,14394097.0,19.95080833333333,6.5,73.0,81.0
Captive,2015,2010s,Crime,Low,2000000.0,2801508.0,40.0754,5.4,27.0,43.0
The Forest,2016,2010s,Horror,Mid,10000000.0,40055439.0,300.55439,4.8,10.0,22.0
Raavan,2010,2010s,Action,Low,4500000.0,4200000.0,-6.666666666666667,5.4,,
Rowdy Rathore,2012,2010s,Action,Mid,6700000.0,31000000.0,362.6865671641791,5.8,,
Wazir,2016,2010s,Thriller,Low,5200000.0,9200000.0,76.92307692307693,7.1,,
Mickey,1918,1910s,Comedy,Low,250000.0,8000000.0,3100.0,6.1,,
Norm of the North,2016,2010s,Adventure,High,18000000.0,17062499.0,-5.208338888888889,3.4,9.0,22.0
Ride Along 2,2016,2010s,Action,High,40000000.0,124827316.0,212.06829,5.9,13.0,48.0
Eddie the Eagle,2016,2010s,Comedy,High,23000000.0,46152411.0,100.66265652173914,7.3,82.0,82.0
Airlift,2016,2010s,Thriller,Low,4500000.0,32000000.0,611.1111111111111,7.9,,
Stonewall,2015,2010s,Drama,Mid,13500000.0,187674.0,-98.60982222222222,5.4,9.0,85.0
The Boy,2016,2010s,Horror,Mid,10000000.0,64188367.0,541.8836699999999,6.0,30.0,38.0
90 Minutes in Heaven,2015,2010s,Drama,Low,5000000.0,4842699.0,-3.14602,4.9,26.0,50.0
Risen,2016,2010s,Action,High,20000000.0,46069568.0,130.34784,6.4,53.0,70.0
Dirty Grandpa,2016,2010s,Comedy,Mid,11500000.0,94073028.0,718.0263304347826,5.9,11.0,44.0
Orleans,2015,2010s,Drama,Low,2500000.0,302000.0,-87.92,5.8,,
The Finest Hours,2016,2010s,Action,Blockbuster,80000000.0,52099090.0,-34.8761375,6.7,63.0,66.0
The Guide,2014,2010s,History,Low,722083.0,499168.0,-30.871104845287867,7.6,,
The Birth of a Nation,2016,2010s,Drama,Mid,8500000.0,15861566.0,86.60665882352941,6.6,93.0,56.0
Anjaana Anjaani,2010,2010s,Comedy,Mid,6400000.0,5900000.0,-7.8125,5.8,,
Na Maloom Afraad,2014,2010s,Thriller,Low,884130.0,2259444.0,155.55563095924808,7.4,,
Me Before You,2016,2010s,Drama,High,20000000.0,207945075.0,939.725375,7.4,54.0,73.0
Triple 9,2016,2010s,Action,High,20000000.0,12639297.0,-36.803515,6.3,54.0,41.0
Gods of Egypt,2016,2010s,Fantasy,Blockbuster,140000000.0,150680864.0,7.629188571428572,5.4,16.0,37.0
Embrace of the Serpent,2015,2010s,Adventure,Low,1400000.0,1320005.0,-5.713928571428571,7.8,,
Neerja,2016,2010s,Drama,Mid,10721568.0,2978994.0,-72.21494094893582,7.6,,
Race,2016,2010s,Action,Low,5000000.0,24804129.0,396.08258,7.1,62.0,77.0
10 Cloverfield Lane,2016,2010s,Thriller,Mid,15000000.0,108286421.0,621.9094733333334,7.2,90.0,79.0
London Has Fallen,2016,2010s,Action,Blockbuster,60000000.0,205754447.0,242.9240783333333,5.9,28.0,51.0
Zootopia,2016,2010s,Animation,Blockbuster,150000000.0,1023784195.0,582.5227966666666,8.0,98.0,92.0
Whiskey Tango Foxtrot,2016,2010s,War,High,35000000.0,23083334.0,-34.04761714285714,6.6,68.0,55.0
The Young Messiah,2016,2010s,Drama,High,18500000.0,6490401.0,-64.91675135135135,5.7,49.0,66.0
Grimsby,2016,2010s,Action,High,35000000.0,25182929.0,-28.048774285714284,6.2,,
Mojin: The Lost Legend,2015,2010s,Action,High,37000000.0,278300000.0,652.1621621621622,5.9,56.0,56.0
Na Tum Jaano Na Hum,2002,2000s,Drama,Low,350000.0,6100000.0,1642.857142857143,4.9,,
Ip Man 3,2015,2010s,Action,High,36000000.0,156844753.0,335.6798694444445,7.0,76.0,72.0
Garv: Pride and Honour,2004,2000s,Action,Low,1300000.0,11000000.0,746.1538461538462,5.6,,
Capture the Flag,2015,2010s,Comedy,Mid,14000000.0,8306690.0,-40.6665,5.8,48.0,42.0
The Touch,1971,1970s,Drama,Mid,6900000.0,6530000.0,-5.36231884057971,6.3,,
3 Braves,2015,2010s,Family,Low,143149.0,645135.0,350.6737734807788,7.1,,
Jaane Tu... Ya Jaane Na,2008,2000s,Drama,Low,2300000.0,11100000.0,382.60869565217394,7.4,,
Bachna Ae Haseeno,2008,2000s,Drama,Low,2400000.0,9600000.0,300.0,6.2,63.0,56.0
Dostana,2008,2000s,Drama,Mid,10000000.0,20000000.0,100.0,6.4,87.0,68.0
Phoonk,2008,2000s,Foreign,Low,750000.0,2760000.0,268.0,4.0,,
Gabbar Singh,2012,2010s,Action,Mid,7000000.0,16000000.0,128.57142857142858,7.1,,
Eega,2012,2010s,Romance,Low,5990000.0,19450000.0,224.70784641068445,7.7,,
99,2009,2000s,Comedy,Low,3000000.0,6600000.0,120.0,7.3,,
Khatta Meetha,2010,2010s,Comedy,Mid,7500000.0,10000000.0,33.33333333333333,6.2,17.0,33.0
"Dear Guest, When Will You Leave?",2010,2010s,Comedy,Low,3750000.0,5000000.0,33.33333333333333,6.5,,
Thank You,2011,2010s,Drama,Mid,13100000.0,4100000.0,-68.70229007633588,4.9,,
Heropanti,2014,2010s,Romance,Low,4200000.0,10000000.0,138.0952380952381,5.2,,
Happy Family,2006,2000s,Comedy,Low,800000.0,966214.0,20.77675,5.4,,
The Mermaid,2016,2010s,Comedy,Blockbuster,60720000.0,553810228.0,812.0721805006588,6.2,,
The Neon Demon,2016,2010s,Thriller,Mid,7000000.0,1333124.0,-80.95537142857142,6.1,59.0,51.0
Vinnaithaandi Varuvaayaa,2010,2010s,Drama,Low,3000000.0,12000000.0,300.0,8.1,,
Ayan,2009,2000s,Action,Low,3230939.0,18000000.0,457.113582150576,7.7,,
Bommarillu,2006,2000s,Drama,Low,1333333.0,5333333.0,300.00007500001874,8.2,,
Arundhati,2009,2000s,Horror,Low,2915739.0,14000000.0,380.1527160009864,7.4,,
Happy Days,2007,2000s,Drama,Low,440141.0,2640850.0,500.0009087996801,7.9,,
Dil Dhadakne Do,2015,2010s,Drama,Mid,13000000.0,22000000.0,69.23076923076923,7.1,,
Eye in the Sky,2015,2010s,Drama,Mid,13000000.0,18704595.0,43.8815,7.3,95.0,82.0
"Hello, My Name Is Doris",2015,2010s,Comedy,Low,1000000.0,14444999.0,1344.4999,6.6,85.0,76.0
Roar,1981,1980s,Adventure,Mid,17000000.0,2000000.0,-88.23529411764706,6.1,71.0,52.0
Mr. Right,2016,2010s,Action,Mid,8000000.0,34694.0,-99.566325,6.3,14.0,30.0
Miracles from Heaven,2016,2010s,Drama,Mid,16000000.0,73883359.0,361.77099375,7.1,45.0,81.0
Florence Foster Jenkins,2016,2010s,Comedy,High,29000000.0,48902953.0,68.6308724137931,6.8,87.0,68.0
My Big Fat Greek Wedding 2,2016,2010s,Romance,High,18000000.0,88923251.0,394.0180611111112,6.0,27.0,53.0
Irudhi Suttru,2016,2010s,Action,Low,300000.0,2100000.0,600.0,,,
I Saw the Light,2016,2010s,Drama,Mid,13000000.0,1646788.0,-87.33239999999999,5.8,18.0,36.0
Keanu,2016,2010s,Action,Mid,15000000.0,20566327.0,37.108846666666665,6.2,77.0,55.0
The Lure,2015,2010s,Horror,Low,1300000.0,101657.0,-92.18023076923076,6.2,,
White Girl,2016,2010s,Drama,Low,700000.0,200242.0,-71.394,5.7,,
Love & Friendship,2016,2010s,Comedy,Low,3000000.0,14016568.0,367.2189333333333,6.4,97.0,60.0
Sunshine Superman,2015,2010s,Documentary,Low,400000.0,88097.0,-77.97575,6.9,92.0,67.0
Everybody Wants Some!!,2016,2010s,Comedy,Mid,10000000.0,3400278.0,-65.99722,6.9,87.0,68.0
Sing Street,2016,2010s,Romance,Low,4000000.0,13624522.0,240.61305,7.9,95.0,92.0
Paterson,2016,2010s,Comedy,Low,5000000.0,2152738.0,-56.94524,7.3,96.0,72.0
The Huntsman: Winter's War,2016,2010s,Action,Blockbuster,115000000.0,164602163.0,43.13231565217392,6.1,19.0,45.0
Neighbors 2: Sorority Rising,2016,2010s,Comedy,High,35000000.0,108758521.0,210.73863142857144,5.7,64.0,44.0
Aadukalam,2011,2010s,Action,Low,4000000.0,6000000.0,50.0,8.1,,
Visaranai,2016,2010s,Drama,Low,325000.0,1600000.0,392.30769230769226,8.4,,
Things to Come,2016,2010s,Drama,Low,2100000.0,282382.0,-86.5532380952381,6.9,93.0,54.0
Fan,2016,2010s,Action,Mid,16000000.0,29251596.0,82.822475,6.8,,
Money Monster,2016,2010s,Thriller,High,27000000.0,93282604.0,245.491125925926,6.5,59.0,51.0
Nine Lives,2016,2010s,Fantasy,High,30000000.0,57814445.0,92.71481666666666,5.3,75.0,67.0
Barbershop: The Next Cut,2016,2010s,Comedy,High,20000000.0,55030051.0,175.15025500000002,5.9,90.0,66.0
The Choice,2016,2010s,Drama,Mid,10000000.0,18730891.0,87.30891,6.5,11.0,62.0
Finding Dory,2016,2010s,Adventure,Blockbuster,200000000.0,1028570889.0,414.2854445,7.2,94.0,84.0
The Boss,2016,2010s,Comedy,High,29000000.0,78636257.0,171.15950689655173,5.4,21.0,38.0
Bastille Day,2016,2010s,Action,High,20000000.0,14397593.0,-28.012035,6.4,,
Free State of Jones,2016,2010s,War,Blockbuster,50000000.0,25035950.0,-49.9281,6.9,47.0,64.0
The Angry Birds Movie,2016,2010s,Family,Blockbuster,73000000.0,349779543.0,379.1500589041096,6.3,43.0,46.0
Precious Cargo,2016,2010s,Action,Mid,10500000.0,100659.0,-99.04134285714284,4.6,0.0,22.0
Arrambam,2013,2010s,Action,Mid,9200000.0,21000000.0,128.26086956521738,7.0,,
Yennai Arindhaal,2015,2010s,Romance,Mid,7900000.0,16000000.0,102.53164556962024,7.3,,
Mankatha,2011,2010s,Action,Mid,6100000.0,28000000.0,359.016393442623,7.7,,
Indru Netru Naalai,2015,2010s,Science Fiction,Low,620000.0,1400000.0,125.80645161290325,8.0,,
Veeram,2014,2010s,Action,Low,5900000.0,19000000.0,222.03389830508476,6.5,,
Vaali,1999,1990s,Romance,Low,500000.0,500000.0,0.0,8.0,,
Villan,2002,2000s,Action,Low,500000.0,500000.0,0.0,7.1,,
Dheena,2001,2000s,Action,Low,500000.0,500000.0,0.0,7.1,,
Citizen,2001,2000s,Drama,Low,500000.0,500000.0,0.0,7.3,,
Amarkalam,1999,1990s,,Low,500000.0,500000.0,0.0,7.3,,
Mugavari,2000,2000s,Drama,Low,500000.0,500000.0,0.0,7.3,,
Aasai,1995,1990s,Action,Low,500000.0,500000.0,0.0,7.5,,
Kadhal Kottai,1996,1990s,Romance,Low,500000.0,500000.0,0.0,7.6,,
Mother's Day,2016,2010s,Comedy,High,25000000.0,48418160.0,93.67264,5.7,42.0,38.0
Snowden,2016,2010s,Drama,High,40000000.0,37279439.0,-6.801402500000001,7.3,61.0,70.0
Ratchet & Clank,2016,2010s,Action,High,20000000.0,8821329.0,-55.893355,5.5,21.0,42.0
Term Life,2016,2010s,Thriller,Mid,16500000.0,21256.0,-99.87117575757576,5.6,0.0,32.0
The Nice Guys,2016,2010s,Action,Blockbuster,50000000.0,62788218.0,25.576436,7.4,92.0,79.0
A Hologram for the King,2016,2010s,Comedy,High,30000000.0,4212494.0,-85.95835333333333,6.1,71.0,55.0
Singam,2010,2010s,Action,Low,2200000.0,9700000.0,340.90909090909093,7.0,,
7Aum Arivu,2011,2010s,Action,Mid,16000000.0,98900000.0,518.125,6.7,,
Flight Crew,2016,2010s,Drama,Mid,10000000.0,27305571.0,173.05571,6.6,,
The Shallows,2016,2010s,Horror,Mid,17000000.0,119100758.0,600.592694117647,6.3,78.0,59.0
A Little Night Music,2002,2000s,Comedy,Low,200000.0,286000.0,43.0,7.0,,
Kick,2014,2010s,Action,High,22000000.0,55000000.0,150.0,5.9,,
Aitraaz,2004,2000s,Thriller,Low,3500000.0,9250000.0,164.28571428571428,6.6,,
Paws,1997,1990s,Adventure,Low,137731.0,1778391.0,1191.2060465690367,4.8,,
The Handmaiden,2016,2010s,Thriller,Mid,8575000.0,1983204.0,-76.87225655976675,8.1,,
Alice Through the Looking Glass,2016,2010s,Family,Blockbuster,170000000.0,299370084.0,76.1000494117647,6.2,29.0,48.0
The BFG,2016,2010s,Adventure,Blockbuster,140000000.0,183345589.0,30.961135,6.3,74.0,57.0
Sausage Party,2016,2010s,Adventure,High,19000000.0,140705322.0,640.5543263157895,6.1,82.0,50.0
Captain Fantastic,2016,2010s,Adventure,Low,5000000.0,5879736.0,17.59472,7.8,83.0,85.0
Toni Erdmann,2016,2010s,Comedy,Low,3537415.0,1390172.0,-60.700907300952814,7.3,93.0,73.0
The Meddler,2016,2010s,Comedy,Low,3200000.0,4267218.0,33.3505625,6.3,85.0,56.0
Finding Mr. Right,2013,2010s,Comedy,Low,4881000.0,81350000.0,1566.6666666666663,6.5,,
Now You See Me 2,2016,2010s,Action,Blockbuster,90000000.0,334901337.0,272.11259666666666,6.4,33.0,53.0
Café Society,2016,2010s,Comedy,High,30000000.0,43763247.0,45.87749,6.6,71.0,56.0
Swiss Army Man,2016,2010s,Comedy,Low,3000000.0,4210454.0,40.34846666666667,6.9,71.0,72.0
Graduation,2016,2010s,Drama,Low,2000000.0,343617.0,-82.81915,7.3,0.0,63.0
Teenage Mutant Ninja Turtles: Out of the Shadows,2016,2010s,Fantasy,Blockbuster,135000000.0,245623848.0,81.94359111111112,5.9,37.0,47.0
The Darkness,2016,2010s,Horror,Low,4000000.0,10898293.0,172.457325,4.5,3.0,19.0
Boris - Il film,2011,2010s,Comedy,Low,3347850.0,1248748.0,-62.70000149349583,6.9,,
The Conjuring 2,2016,2010s,Horror,High,40000000.0,320170008.0,700.42502,7.3,80.0,81.0
Ghostbusters,2016,2010s,Action,Blockbuster,144000000.0,229147509.0,59.13021458333333,6.8,74.0,50.0
Central Intelligence,2016,2010s,Action,Blockbuster,50000000.0,216972543.0,333.945086,6.3,71.0,61.0
Udta Punjab,2016,2010s,Thriller,Low,5980000.0,14900000.0,149.1638795986622,7.7,,
Te3n,2016,2010s,Mystery,Low,5069632.0,4817642.0,-4.9705777460770335,7.2,,
Jason Bourne,2016,2010s,Action,Blockbuster,120000000.0,415484914.0,246.23742833333333,6.6,54.0,55.0
Raman Raghav 2.0,2016,2010s,Thriller,Low,521873.0,1013926.0,94.2859661258582,7.3,,
The Legend of Tarzan,2016,2010s,Action,Blockbuster,180000000.0,356743061.0,98.19058944444444,6.2,36.0,58.0
The Purge: Election Year,2016,2010s,Action,Mid,10000000.0,118587880.0,1085.8788,6.0,56.0,48.0
Mike and Dave Need Wedding Dates,2016,2010s,Comedy,High,33000000.0,77068246.0,133.54013939393937,6.0,38.0,51.0
Ice Age: Collision Course,2016,2010s,Adventure,Blockbuster,105000000.0,408579038.0,289.1228933333333,5.7,18.0,39.0
Lights Out,2016,2010s,Horror,Low,4900000.0,148868835.0,2938.139489795918,6.3,76.0,61.0
Pete's Dragon,2016,2010s,Adventure,Blockbuster,65000000.0,143695338.0,121.06975076923077,6.7,54.0,60.0
Nerve,2016,2010s,Mystery,High,19000000.0,85241496.0,348.63945263157893,6.5,67.0,66.0
Sully,2016,2010s,Drama,Blockbuster,60000000.0,238470033.0,297.450055,7.4,85.0,84.0
Sultan,2016,2010s,Drama,Mid,10400000.0,102000000.0,880.7692307692308,7.1,,
Charlie,2015,2010s,Drama,Low,1900000.0,5900000.0,210.52631578947367,8.1,,
Kismat Konnection,2008,2000s,Drama,Low,4180000.0,11000000.0,163.1578947368421,5.3,,
The Infiltrator,2016,2010s,Crime,High,25000000.0,15436808.0,-38.252768,7.0,72.0,71.0
War Dogs,2016,2010s,Comedy,High,40000000.0,86234523.0,115.5863075,7.1,61.0,68.0
To Steal from a Thief,2016,2010s,Crime,Mid,6700000.0,12118661.0,80.87553731343283,6.2,,
Batman: The Killing Joke,2016,2010s,Action,Low,3500000.0,3775000.0,7.857142857142857,6.4,40.0,46.0
Lights of New York,1928,1920s,Crime,Low,75000.0,1200000.0,1500.0,5.6,,
Bad Moms,2016,2010s,Comedy,High,20000000.0,183936074.0,819.68037,6.2,58.0,63.0
Hell or High Water,2016,2010s,Crime,Mid,12000000.0,37589296.0,213.2441333333333,7.6,97.0,88.0
Don't Breathe,2016,2010s,Crime,Mid,9900000.0,157100845.0,1486.8772222222224,7.1,88.0,78.0
47 Meters Down,2017,2010s,Drama,Low,5500000.0,44235023.0,704.2731454545454,5.6,53.0,36.0
Hillary's America: The Secret History of the Democratic Party,2016,2010s,History,Low,5000000.0,13000000.0,160.0,4.8,4.0,80.0
Robinson Crusoe,2016,2010s,Adventure,Mid,13500000.0,3342697.0,-75.23928148148148,5.4,,
The Edge of Seventeen,2016,2010s,Comedy,Mid,9000000.0,18803648.0,108.9294222222222,7.3,94.0,83.0
Anthropoid,2016,2010s,History,Mid,9000000.0,4600000.0,-48.888888888888886,7.2,66.0,71.0
Elle,2016,2010s,Drama,Mid,9804690.0,2341534.0,-76.1182250535203,7.1,91.0,73.0
Grandmaster,2012,2010s,Mystery,Low,120000.0,130000.0,8.333333333333332,6.9,,
Train to Busan,2016,2010s,Action,Mid,8820000.0,2129768.0,-75.85297052154195,7.6,,
Friend Request,2016,2010s,Horror,Mid,9900000.0,2400000.0,-75.75757575757575,5.2,16.0,28.0
Mechanic: Resurrection,2016,2010s,Action,High,40000000.0,125729635.0,214.3240875,5.8,31.0,40.0
The Magnificent Seven,2016,2010s,Adventure,Blockbuster,90000000.0,162360636.0,80.40070666666666,6.9,89.0,87.0
Starchaser: The Legend of Orin,1985,1980s,Adventure,Mid,15000000.0,3360800.0,-77.59466666666667,6.5,,
Skiptrace,2016,2010s,Action,High,32000000.0,58500000.0,82.8125,5.6,38.0,27.0
Moonlight,2016,2010s,Drama,Low,4000000.0,65046687.0,1526.167175,7.4,60.0,67.0
Big Fish & Begonia,2016,2010s,Romance,Low,4531653.0,84552250.0,1765.814747951796,7.0,,
A Conspiracy of Faith,2016,2010s,Crime,Low,5210000.0,5900000.0,13.24376199616123,7.0,,
Masterminds,2016,2010s,Action,High,25000000.0,29200000.0,16.8,5.8,19.0,49.0
Pelli Choopulu,2016,2010s,Romance,Low,200000.0,5500000.0,2650.0,8.2,,
Kubo and the Two Strings,2016,2010s,Animation,Blockbuster,60000000.0,69929545.0,16.549241666666667,7.7,97.0,86.0
Bridget Jones's Baby,2016,2010s,Comedy,High,35000000.0,211952420.0,505.5783428571429,6.4,78.0,65.0
The Light Between Oceans,2016,2010s,Drama,High,20000000.0,25956113.0,29.780565,7.2,61.0,61.0
Morgan,2016,2010s,Horror,Mid,8000000.0,8810591.0,10.1323875,5.9,38.0,30.0
Queen of Katwe,2016,2010s,Drama,Mid,15000000.0,10367161.0,-30.885593333333333,7.4,,
Deepwater Horizon,2016,2010s,Drama,Blockbuster,110000000.0,121790373.0,10.718520909090907,7.1,83.0,82.0
Miss Peregrine's Home for Peculiar Children,2016,2010s,Drama,Blockbuster,110000000.0,296485719.0,169.53247181818182,6.7,64.0,60.0
The Girl on the Train,2016,2010s,Crime,Blockbuster,45000000.0,173185859.0,284.8574644444445,6.5,44.0,49.0
Middle School: The Worst Years of My Life,2016,2010s,Family,Mid,8500000.0,19985196.0,135.11995294117648,6.1,63.0,58.0
The Accountant,2016,2010s,Crime,Blockbuster,44000000.0,155160045.0,252.6364659090909,7.3,52.0,76.0
God's Not Dead 2,2016,2010s,Drama,Low,5000000.0,23507567.0,370.15134,4.4,10.0,62.0
Kabali,2016,2010s,Action,High,18700000.0,74000000.0,295.7219251336898,6.1,,
Mohenjo Daro,2016,2010s,Adventure,Mid,15050000.0,16180000.0,7.5083056478405314,5.6,,
A Quiet Passion,2016,2010s,Drama,Mid,8138338.0,1864266.0,-77.09279216469014,6.4,91.0,48.0
Local Color,2006,2000s,Drama,Low,3250000.0,32788.0,-98.99113846153848,6.8,35.0,58.0
I'm Staying,2007,2000s,Comedy,Low,1000000.0,404785.0,-59.5215,7.3,,
Shin Godzilla,2016,2010s,Action,Mid,15000000.0,77000000.0,413.33333333333337,6.9,,
Wabash Avenue,1950,1950s,Music,Low,2115000.0,2039000.0,-3.5933806146572107,6.0,,
Aquarius,2016,2010s,Drama,Low,762241.0,285930.0,-62.48824190774309,7.4,,
The Work and the Glory,2004,2000s,Drama,Mid,7500000.0,3347647.0,-55.36470666666666,6.6,,
The Work and the Glory II: American Zion,2005,2000s,Drama,Mid,6500000.0,2025032.0,-68.84566153846153,6.1,,
The Work and the Glory III: A House Divided,2006,2000s,Drama,Mid,6500000.0,1325092.0,-79.61396923076923,6.2,,
"The Book of Mormon Movie, Volume 1: The Journey",2003,2000s,,Low,2000000.0,1672730.0,-16.363500000000002,3.0,,
Hacksaw Ridge,2016,2010s,Drama,High,40000000.0,175302354.0,338.25588500000003,8.1,84.0,91.0
Billy Lynn's Long Halftime Walk,2016,2010s,Drama,High,40000000.0,30930984.0,-22.67254,6.2,44.0,41.0
Blair Witch,2016,2010s,Thriller,Low,5000000.0,45172994.0,803.45988,5.0,37.0,31.0
The Hollars,2016,2010s,Comedy,Low,3800000.0,1016985.0,-73.23723684210526,6.6,47.0,59.0
Loving,2016,2010s,Drama,Mid,9000000.0,8996802.0,-0.0355333333333333,7.0,89.0,76.0
31,2016,2010s,Horror,Low,1500000.0,779820.0,-48.012,5.1,47.0,35.0
From the Land of the Moon,2016,2010s,Drama,Mid,10300000.0,47748.0,-99.53642718446602,6.6,,
A Monster Calls,2016,2010s,Drama,Blockbuster,43000000.0,46652768.0,8.494809302325582,7.4,86.0,81.0
Arrival,2016,2010s,Thriller,Blockbuster,47000000.0,203388186.0,332.74082127659574,7.9,94.0,82.0
Storks,2016,2010s,Adventure,Blockbuster,70000000.0,182379278.0,160.54182571428572,6.8,66.0,62.0
Railroad Tigers,2016,2010s,Action,Blockbuster,50000000.0,102205175.0,104.41035,5.8,38.0,46.0
My Life as a Zucchini,2016,2010s,Animation,Mid,8000000.0,292279.0,-96.3465125,7.8,,
The Duelist,2016,2010s,Action,Mid,12823507.0,6101904.0,-52.41626179172359,6.3,,
La La Land,2016,2010s,Comedy,High,30000000.0,445435700.0,1384.7856666666669,8.0,91.0,81.0
Allied,2016,2010s,Action,Blockbuster,85000000.0,119520023.0,40.611791764705885,7.1,60.0,63.0
Inferno,2016,2010s,Thriller,Blockbuster,75000000.0,220021259.0,193.36167866666668,6.2,64.0,59.0
Keeping Up with the Joneses,2016,2010s,Action,High,40000000.0,29918745.0,-25.2031375,5.9,20.0,37.0
Ouija: Origin of Evil,2016,2010s,Horror,Mid,9000000.0,81705746.0,807.8416222222222,6.2,82.0,57.0
Trolls,2016,2010s,Adventure,Blockbuster,125000000.0,346864462.0,177.49156960000002,6.4,76.0,67.0
Max Steel,2016,2010s,Action,Mid,10000000.0,6272403.0,-37.27597,4.6,0.0,48.0
Denial,2016,2010s,Drama,Mid,10000000.0,4073489.0,-59.26511,6.8,82.0,71.0
Jack Reacher: Never Go Back,2016,2010s,Action,Blockbuster,60000000.0,162146076.0,170.24346,6.2,37.0,42.0
Manchester by the Sea,2016,2010s,Drama,Mid,9000000.0,75026965.0,733.6329444444444,7.8,96.0,78.0
Lion,2016,2010s,Drama,Mid,12000000.0,140302754.0,1069.1896166666666,8.0,84.0,91.0
Bad Santa 2,2016,2010s,Comedy,High,26000000.0,17782178.0,-31.607007692307693,5.6,24.0,33.0
Almost Christmas,2016,2010s,Comedy,Mid,17000000.0,42487325.0,149.9254411764706,6.2,49.0,64.0
Smoke & Mirrors,2016,2010s,History,Low,5000000.0,2387127.0,-52.25746,6.8,,
Collateral Beauty,2016,2010s,Drama,High,36000000.0,87416021.0,142.82228055555555,6.8,14.0,64.0
Alesha Popovich and Tugarin the Dragon,2004,2000s,Animation,Low,4000000.0,1730000.0,-56.75,7.1,,
Nikitich and The Dragon,2006,2000s,Adventure,Low,4500000.0,3468423.0,-22.92393333333333,7.0,,
Max & Leon,2016,2010s,War,Mid,12156348.0,7900000.0,-35.01337737287547,6.2,,
A United Kingdom,2016,2010s,Drama,Mid,14000000.0,13819139.0,-1.2918642857142857,6.9,84.0,76.0
Shut In,2016,2010s,Drama,Mid,10000000.0,13082071.0,30.82071,4.8,7.0,22.0
Jimmy Vestvood: Amerikan Hero,2016,2010s,Comedy,Low,2500000.0,230069.0,-90.79724,5.1,,
Moana,2016,2010s,Adventure,Blockbuster,150000000.0,643034466.0,328.689644,7.6,95.0,89.0
Jackie,2016,2010s,Drama,Mid,9000000.0,13960394.0,55.11548888888888,6.6,87.0,60.0
Office Christmas Party,2016,2010s,Comedy,Blockbuster,45000000.0,114501299.0,154.4473311111111,5.9,41.0,40.0
Logan,2010,2010s,Comedy,Low,135000.0,10474.0,-92.24148148148149,5.9,93.0,90.0
The Space Between Us,2017,2010s,Romance,High,30000000.0,14793385.0,-50.68871666666666,6.4,16.0,54.0
Rogue One: A Star Wars Story,2016,2010s,Action,Blockbuster,200000000.0,1056057273.0,428.0286365,7.8,84.0,86.0
Live by Night,2016,2010s,Crime,Blockbuster,108000000.0,22678555.0,-79.00133796296296,6.4,35.0,41.0
Split,2016,2010s,Horror,Mid,9000000.0,276921998.0,2976.911088888889,7.3,77.0,79.0
Underworld: Blood Wars,2016,2010s,Action,High,35000000.0,81093313.0,131.69518,5.8,21.0,49.0
Miss Sloane,2016,2010s,Drama,Mid,13000000.0,3500605.0,-73.07226923076922,7.5,76.0,72.0
Rules Don't Apply,2016,2010s,Comedy,High,25000000.0,3885342.0,-84.458632,5.7,54.0,33.0
Voracious,2012,2010s,Comedy,Low,11178.0,34659.0,210.06441223832527,7.2,,
Aanandam,2016,2010s,Adventure,Low,450000.0,2300000.0,411.1111111111111,7.3,,
Action Hero Biju,2016,2010s,Action,Low,300000.0,2500000.0,733.3333333333333,7.6,,
Passengers,2016,2010s,Adventure,Blockbuster,110000000.0,303144152.0,175.5855927272727,7.0,19.0,35.0
Hidden Figures,2016,2010s,Drama,High,25000000.0,230698791.0,822.7951640000001,7.8,93.0,93.0
Fences,2016,2010s,Drama,High,24000000.0,64414761.0,168.3948375,7.2,92.0,75.0
Bleed for This,2016,2010s,Drama,Low,6000000.0,6174491.0,2.9081833333333336,6.8,70.0,69.0
Tri bogatyrya i Shamakhanskaya tsaritsa,2010,2010s,Animation,Low,3000000.0,19010585.0,533.6861666666666,6.3,,
20th Century Women,2016,2010s,Drama,Mid,7000000.0,5816211.0,-16.91127142857143,7.3,88.0,74.0
The Great Wall,2016,2010s,Action,Blockbuster,150000000.0,331957105.0,121.30473666666666,5.9,36.0,42.0
The Founder,2016,2010s,Drama,High,25000000.0,23964782.0,-4.140872,7.2,80.0,82.0
Why Him?,2016,2010s,Comedy,High,38000000.0,118034273.0,210.61650789473688,6.2,39.0,51.0
Sing,2016,2010s,Animation,Blockbuster,75000000.0,632443719.0,743.258292,7.1,72.0,72.0
Dear Zindagi,2016,2010s,Drama,Low,4300000.0,3376375.0,-21.4796511627907,7.4,,
Assassin's Creed,2016,2010s,Action,Blockbuster,125000000.0,240697856.0,92.5582848,5.6,18.0,43.0
A Dog's Purpose,2017,2010s,Comedy,High,22000000.0,194647323.0,784.7605590909092,7.3,35.0,73.0
Dangal,2016,2010s,Drama,Mid,10400000.0,310000000.0,2880.7692307692305,8.3,,
Collide,2016,2010s,Thriller,High,21500000.0,4811525.0,-77.62081395348838,5.7,23.0,34.0
Patriots Day,2016,2010s,Crime,Blockbuster,45000000.0,50548152.0,12.329226666666669,7.3,80.0,86.0
Gold,2016,2010s,Thriller,High,20000000.0,7227038.0,-63.864810000000006,6.7,42.0,45.0
Ballerina,2016,2010s,Animation,High,30000000.0,2351359.0,-92.16213666666668,6.8,,
Monster Trucks,2016,2010s,Action,Blockbuster,125000000.0,64493915.0,-48.404868,5.7,32.0,51.0
Sleepless,2017,2010s,Action,High,30000000.0,32540674.0,8.468913333333333,5.6,25.0,37.0
A Cure for Wellness,2017,2010s,Mystery,High,40000000.0,26559557.0,-33.6011075,6.4,42.0,41.0
He's a Dragon,2015,2010s,Adventure,High,18000000.0,1776333.0,-90.13148333333334,6.8,,
A Street Cat Named Bob,2016,2010s,Drama,Mid,8000000.0,82703.0,-98.9662125,7.3,77.0,76.0
xXx: Return of Xander Cage,2017,2010s,Action,Blockbuster,85000000.0,346147658.0,307.2325388235294,5.2,45.0,37.0
The Bye Bye Man,2017,2010s,Horror,Mid,7400000.0,26667197.0,260.367527027027,4.3,19.0,22.0
The Lego Batman Movie,2017,2010s,Action,Blockbuster,80000000.0,311950384.0,289.93798000000004,7.3,90.0,80.0
When the Bough Breaks,2016,2010s,Mystery,Mid,10000000.0,30658387.0,206.58387,5.2,12.0,45.0
Kung Fu Yoga,2017,2010s,Mystery,Blockbuster,65000000.0,254212245.0,291.09576153846155,5.2,,
I'm Not Ashamed,2016,2010s,Drama,Low,1500000.0,2000000.0,33.33333333333333,5.9,20.0,82.0
The King's Choice,2016,2010s,War,Mid,7500000.0,9100000.0,21.333333333333336,7.1,84.0,84.0
Rings,2017,2010s,Horror,High,25000000.0,83080890.0,232.32356,4.5,8.0,23.0
Vipers Nest,2011,2010s,Drama,Low,3500000.0,18000000.0,414.28571428571433,6.2,,
Raw,2016,2010s,Drama,Low,3500000.0,4100000.0,17.142857142857142,6.9,92.0,76.0
John Wick: Chapter 2,2017,2010s,Thriller,High,40000000.0,171539887.0,328.8497175,7.4,89.0,85.0
Get Out,2017,2010s,Mystery,Low,5000000.0,252434250.0,4948.685,7.8,98.0,86.0
Logan,2017,2010s,Action,Blockbuster,97000000.0,616801808.0,535.8781525773196,8.1,93.0,90.0
Kong: Skull Island,2017,2010s,Action,Blockbuster,185000000.0,566652812.0,206.2988172972973,6.7,75.0,69.0
T2 Trainspotting,2017,2010s,Crime,High,18000000.0,41412709.0,130.07060555555557,7.1,81.0,78.0
Before I Fall,2017,2010s,Mystery,Low,5000000.0,10025571.0,100.51142,6.4,65.0,56.0
King Arthur: Legend of the Sword,2017,2010s,Action,Blockbuster,175000000.0,146175066.0,-16.471390857142858,6.7,30.0,69.0
Incarnate,2016,2010s,Horror,Low,5000000.0,6341855.0,26.837100000000003,5.3,17.0,23.0
Beauty and the Beast,2017,2010s,Family,Blockbuster,160000000.0,1262886337.0,689.3039606250001,7.1,94.0,92.0
The Boss Baby,2017,2010s,Animation,Blockbuster,125000000.0,498814908.0,299.0519264,6.3,53.0,51.0
Resident Evil: The Final Chapter,2016,2010s,Action,High,40000000.0,312242626.0,680.6065649999999,5.5,37.0,48.0
A Ghost Story,2017,2010s,Drama,Low,100000.0,15584255.0,15484.255,6.8,91.0,66.0
Ghost in the Shell,2017,2010s,Action,Blockbuster,110000000.0,169801921.0,54.36538272727272,6.3,96.0,89.0
Fifty Shades Darker,2017,2010s,Drama,Blockbuster,55000000.0,378827494.0,588.7772618181817,4.6,11.0,48.0
Black Snow,2017,2010s,Mystery,Low,4000000.0,1440000.0,-64.0,6.2,,
Song to Song,2017,2010s,Drama,Mid,10000000.0,443684.0,-95.56316,5.6,44.0,36.0
Queen of Spades: The Dark Rite,2015,2010s,Thriller,Low,1000000.0,2228115.0,122.8115,5.3,,
Ayurveda: Art of Being,2001,2000s,Documentary,Low,300000.0,2074000.0,591.3333333333333,7.5,,
Their Finest,2017,2010s,Romance,High,32745300.0,12173470.0,-62.82376402109616,6.8,90.0,71.0
The Ottoman Lieutenant,2017,2010s,Romance,High,40000000.0,240978.0,-99.397555,6.4,19.0,51.0
Personal Shopper,2016,2010s,Drama,Low,6000000.0,1305195.0,-78.24674999999999,6.1,,
The Shack,2017,2010s,Drama,High,20000000.0,57330873.0,186.654365,6.3,21.0,77.0
Life,2017,2010s,Horror,Blockbuster,58000000.0,100541806.0,73.34794137931034,6.6,50.0,77.0
The Lost City of Z,2016,2010s,Action,High,30000000.0,8574339.0,-71.41887,6.6,87.0,57.0
Power Rangers,2017,2010s,Action,Blockbuster,100000000.0,142337240.0,42.33724,5.9,,
Alien: Covenant,2017,2010s,Horror,Blockbuster,97000000.0,232380243.0,139.56726082474228,6.4,65.0,55.0
Free Fire,2017,2010s,Action,Mid,10000000.0,3565109.0,-64.34891,6.3,69.0,52.0
CHiPS,2017,2010s,Action,High,25000000.0,26800152.0,7.200608,6.0,18.0,45.0
Table 19,2017,2010s,Comedy,Low,5000000.0,3305592.0,-33.88816,5.8,26.0,40.0
Going in Style,2017,2010s,Crime,High,25000000.0,84618541.0,238.474164,6.6,82.0,73.0
O Kadhal Kanmani,2015,2010s,Drama,Low,940000.0,5100000.0,442.5531914893617,7.4,,
Bitter Harvest,2017,2010s,War,High,20000000.0,557241.0,-97.213795,6.0,15.0,67.0
RRRrrrr!!!,2004,2000s,Comedy,High,17820000.0,14054361.0,-21.131531986531986,5.9,,
Shadowboxing,2005,2000s,Action,Low,3500000.0,8262833.0,136.08094285714284,5.8,,
Smurfs: The Lost Village,2017,2010s,Adventure,Blockbuster,60000000.0,197183546.0,228.63924333333333,6.0,40.0,54.0
The Zookeeper's Wife,2017,2010s,Drama,High,20000000.0,13162475.0,-34.187625,7.0,63.0,76.0
Gifted,2017,2010s,Drama,Mid,7000000.0,37461045.0,435.1577857142857,7.6,73.0,85.0
24,2016,2010s,Action,Mid,10000000.0,15000000.0,50.0,7.9,,
Diary of a Wimpy Kid: The Long Haul,2017,2010s,Comedy,High,22000000.0,40120144.0,82.36429090909091,4.3,18.0,32.0
The Spacewalker,2017,2010s,Adventure,Mid,7075038.0,9868942.0,39.48959708767642,7.2,,
Baywatch,2017,2010s,Action,Blockbuster,69000000.0,177856751.0,157.7634072463768,5.5,17.0,55.0
Unforgettable,2017,2010s,Drama,Mid,12000000.0,17768012.0,48.066766666666666,5.2,21.0,28.0
Snatched,2017,2010s,Action,Blockbuster,42000000.0,60845711.0,44.87074047619048,4.7,36.0,29.0
The Mummy,2017,2010s,Thriller,Blockbuster,125000000.0,407778013.0,226.2224104,5.4,88.0,72.0
The Fate of the Furious,2017,2010s,Action,Blockbuster,250000000.0,1238764765.0,395.505906,6.6,67.0,72.0
Captain Underpants: The First Epic Movie,2017,2010s,Action,High,38000000.0,110824373.0,191.64308684210528,6.2,,
Cars 3,2017,2010s,Family,Blockbuster,175000000.0,350170057.0,100.09717542857145,6.7,70.0,69.0
The Book of Henry,2017,2010s,Thriller,Mid,10000000.0,4219536.0,-57.80464,6.6,22.0,63.0
Phoenix Forgotten,2017,2010s,Horror,Low,2800000.0,3600000.0,28.57142857142857,5.4,44.0,40.0
Lowriders,2017,2010s,Drama,Low,916000.0,2403885.0,162.43286026200877,5.7,,
Heavy Traffic,1973,1970s,Animation,Low,950000.0,1500000.0,57.89473684210527,6.5,89.0,75.0
Королёв,2007,2000s,Drama,Low,6000000.0,31000.0,-99.48333333333332,5.2,,
Bizim Aile,1975,1970s,Comedy,Low,65700.0,214600.0,226.63622526636223,8.4,,
Tosun Pasha,1976,1970s,Comedy,Low,64200.0,698200.0,987.538940809969,8.9,,
"Have Fun, Vasya!",2017,2010s,Comedy,Low,707503.0,4781454.0,575.8210212536201,6.4,,
Horoscope for Good Luck,2015,2010s,Comedy,Low,2800000.0,964206.0,-65.56407142857142,4.8,,
"Kidnapping, Caucasian Style",2014,2010s,Romance,Low,3500000.0,179000.0,-94.88571428571429,1.2,,
Nasha Russia: Yaytsa sudby,2010,2010s,,Low,2000000.0,22212223.0,1010.61115,4.7,,
The Best Movie 3-DE,2011,2010s,Comedy,Mid,6500000.0,9816332.0,51.02049230769231,2.8,,
The New Year's Rate Plan,2008,2000s,Romance,Low,3200000.0,3877492.0,21.171625,6.2,,
Baahubali 2: The Conclusion,2017,2010s,Action,High,18000000.0,230000000.0,1177.7777777777778,8.2,,
The Star,2002,2000s,War,Low,1300000.0,809000.0,-37.76923076923077,6.9,29.0,60.0
The Irony of Fate. The Sequel,2007,2000s,Comedy,Low,5000000.0,55635037.0,1012.70074,4.9,,
Kabhi Alvida Naa Kehna,2006,2000s,Drama,Mid,7400000.0,17000000.0,129.72972972972974,6.1,58.0,68.0
The Beguiled,2017,2010s,Drama,Mid,10500000.0,25442939.0,142.31370476190477,6.3,89.0,71.0
Baby Driver,2017,2010s,Action,High,34000000.0,224511319.0,560.3274088235295,7.5,92.0,86.0
Rough Night,2017,2010s,Drama,High,20000000.0,45056771.0,125.28385500000002,5.3,44.0,29.0
In the Forests of Siberia,2016,2010s,Drama,Low,3500000.0,1492523.0,-57.35648571428571,7.0,,
The Dawns Here Are Quiet,2015,2010s,Drama,Low,3300000.0,5249225.0,59.06742424242424,6.8,,
Waltzing Anna,2006,2000s,Drama,Low,1000000.0,11455.0,-98.8545,5.2,,
Cowboys & Angels,2003,2000s,Comedy,Low,2000000.0,33700.0,-98.315,6.9,,
Boj S Tenyu 2: Revansh,2007,2000s,Action,Low,6000000.0,11171900.0,86.19833333333334,5.7,,
Easy on the Eyes,2014,2010s,Comedy,Low,2153912.0,4864560.0,125.84766694275346,4.8,,
Lucky Island,2013,2010s,Comedy,Low,2000000.0,4803665.0,140.18325000000002,3.1,,
Hooked on the Game 2. The Next Level,2010,2010s,Action,Low,3500000.0,2294357.0,-34.44694285714286,5.1,,
Lovey-Dovey 2,2008,2000s,Comedy,Low,3000000.0,17850711.0,495.0237,4.8,,
The Interceptor,2009,2000s,Thriller,Mid,7000000.0,1877122.0,-73.18397142857143,3.6,,
Hooked on the Game,2009,2000s,Action,Low,3500000.0,3704408.0,5.840228571428571,5.6,,
High Security Vacation,2009,2000s,Comedy,Low,5000000.0,17566040.0,251.3208,6.2,,
Despicable Me 3,2017,2010s,Action,Blockbuster,80000000.0,1020063384.0,1175.07923,6.3,58.0,53.0
Rock Dog,2016,2010s,Adventure,Blockbuster,60000000.0,9420546.0,-84.29908999999999,6.0,47.0,47.0
Antikiller D.K,2009,2000s,Mystery,Low,2500000.0,2141028.0,-14.35888,5.7,,
The Spy,2012,2010s,Action,Low,6000000.0,4588176.0,-23.5304,5.4,,
Mechenosets,2006,2000s,Action,Low,5000000.0,3919731.0,-21.60538,4.8,,
Paris Can Wait,2016,2010s,Drama,Low,5000000.0,6700000.0,34.0,5.8,,
Hitler's Kaput!,2008,2000s,Comedy,Low,3000000.0,9713500.0,223.7833333333333,3.1,,
Glukhar v kino,2010,2010s,,Low,2500000.0,1477030.0,-40.9188,5.3,,
That still Karloson!,2012,2010s,Comedy,Low,4000000.0,9938268.0,148.45669999999998,4.0,,
I Was a Teenage Werewolf,1957,1950s,Drama,Low,82000.0,2000000.0,2339.0243902439024,5.2,,
War for the Planet of the Apes,2017,2010s,Drama,Blockbuster,152000000.0,369907963.0,143.36050197368422,7.4,94.0,84.0
Kidnap,2017,2010s,Drama,High,21000000.0,24527158.0,16.795990476190475,5.9,36.0,50.0
Valerian and the City of a Thousand Planets,2017,2010s,Adventure,Blockbuster,197471676.0,90024292.0,-54.41154203805917,6.4,48.0,53.0
Black Rose,2014,2010s,Drama,Mid,7000000.0,855450.0,-87.77928571428572,2.9,22.0,15.0
Mudhalvan,1999,1990s,Foreign,Mid,7400000.0,22000000.0,197.2972972972973,8.4,,
Nirvana,2008,2000s,Drama,Low,2000000.0,273137.0,-86.34315000000001,5.9,,
The Battalion,2015,2010s,War,Mid,10000000.0,7547762.0,-24.52238,6.4,,
Fanaa,2006,2000s,Action,Low,5300000.0,22175908.0,318.41335849056605,7.1,100.0,78.0
Atomic Blonde,2017,2010s,Action,High,30000000.0,90007945.0,200.02648333333332,6.7,78.0,64.0
Dunkirk,2017,2010s,Action,Blockbuster,100000000.0,519876949.0,419.876949,7.8,92.0,81.0
Gymkata,1985,1980s,Action,Mid,8500000.0,5730596.0,-32.581223529411766,4.4,17.0,40.0
Confidential Assignment,2017,2010s,Action,Mid,8520000.0,56100000.0,558.4507042253521,6.7,,
Pokémon: Spell of the Unknown,2000,2000s,Adventure,Mid,16000000.0,68411275.0,327.57046875000003,5.9,,
Transformers: The Last Knight,2017,2010s,Action,Blockbuster,260000000.0,604942143.0,132.670055,5.2,15.0,43.0
"Mommies, Happy New Year!",2012,2010s,Comedy,Low,2000000.0,11666088.0,483.3044,6.2,,
Pregnant,2011,2010s,Comedy,Low,2000000.0,8000000.0,300.0,3.9,,
On the Hook!,2011,2010s,Comedy,Low,3000000.0,1957000.0,-34.766666666666666,4.9,,
FC Venus,2005,2000s,Comedy,Low,2196531.0,2411594.0,9.791029582555405,5.5,,
The Dark Tower,2017,2010s,Action,Blockbuster,60000000.0,71000000.0,18.33333333333333,5.6,16.0,45.0
The Emoji Movie,2017,2010s,Comedy,Blockbuster,50000000.0,66913939.0,33.827878,3.5,7.0,37.0
Wind River,2017,2010s,Action,Mid,11000000.0,184770205.0,1579.7291363636364,7.7,88.0,90.0
Sivaji: The Boss,2007,2000s,Action,Mid,12000000.0,19000000.0,58.333333333333336,7.6,,
Savages,2006,2000s,Comedy,Low,800000.0,1328612.0,66.07650000000001,6.4,50.0,54.0
Pro Lyuboff,2010,2010s,Romance,Low,2000000.0,1268793.0,-36.56035,5.8,,
Antidur,2007,2000s,Action,Low,5000000.0,1413000.0,-71.74000000000001,3.3,,
